,datetime1d,ra
0,2014-10-02,73.16000000000003
1,2014-10-03,58.928000000000004
2,2014-10-04,13.208
3,2014-10-05,37.592
4,2014-10-06,10.16
5,2014-10-07,0.0
6,2014-10-08,48.768
7,2014-10-09,0.0
8,2014-10-10,0.0
9,2014-10-11,0.0
10,2014-10-12,3.048
11,2014-10-13,4.064
12,2014-10-14,10.16
13,2014-10-15,0.0
14,2014-10-16,0.0
15,2014-10-17,65.04
16,2014-10-18,4.064
17,2014-10-19,3.048
18,2014-10-20,10.16
19,2014-10-21,2.032
20,2014-10-22,0.0
21,2014-10-23,26.415999999999997
22,2014-10-24,4.064
23,2014-10-25,0.0
24,2014-10-26,11.175999999999998
25,2014-10-27,19.304000000000002
26,2014-10-28,7.112
27,2014-10-29,0.0
28,2014-10-30,0.0
29,2014-10-31,16.256
30,2014-11-01,25.400000000000002
31,2014-11-02,1.016
32,2014-11-03,4.064
33,2014-11-04,7.112
34,2014-11-05,21.336
35,2014-11-06,21.336
36,2014-11-07,1.016
37,2014-11-08,1.016
38,2014-11-09,11.175999999999998
39,2014-11-10,51.816
40,2014-11-11,3.048
41,2014-11-12,32.512
42,2014-11-13,1.016
43,2014-11-14,0.0
44,2014-11-15,3.048
45,2014-11-16,1.016
46,2014-11-17,38.608
47,2014-11-18,17.272000000000002
48,2014-11-19,57.912
49,2014-11-20,8.128
50,2014-11-21,7.112
51,2014-11-22,108.712
52,2014-11-23,39.624
53,2014-11-24,0.0
54,2014-11-25,23.368000000000002
55,2014-11-26,43.688
56,2014-11-27,0.0
57,2014-11-28,0.0
58,2014-11-29,0.0
59,2014-11-30,0.0
60,2014-12-01,7.112
61,2014-12-02,28.448
62,2014-12-03,28.448
63,2014-12-04,38.608
64,2014-12-05,80.26400000000002
65,2014-12-06,15.24
66,2014-12-07,49.784
67,2014-12-08,8.128
68,2014-12-09,11.175999999999998
69,2014-12-10,0.0
70,2014-12-11,41.656000000000006
71,2014-12-12,10.16
72,2014-12-13,6.096
73,2014-12-14,7.112
74,2014-12-15,84.32799999999999
75,2014-12-16,6.096
76,2014-12-17,5.08
77,2014-12-18,4.064
78,2014-12-19,16.256
79,2014-12-20,6.096
80,2014-12-21,9.144
81,2014-12-22,17.272000000000002
82,2014-12-23,0.0
83,2014-12-24,0.0
84,2014-12-25,0.0
85,2014-12-26,0.0
86,2014-12-27,0.0
87,2014-12-28,0.0
88,2014-12-29,0.0
89,2014-12-30,0.0
90,2014-12-31,0.0
91,2015-01-01,2.032
92,2015-01-02,0.0
93,2015-01-03,0.0
94,2015-01-04,0.0
95,2015-01-05,0.0
96,2015-01-06,0.0
97,2015-01-07,0.0
98,2015-01-08,0.0
99,2015-01-09,0.0
100,2015-01-10,0.0
101,2015-01-11,0.0
102,2015-01-12,0.0
103,2015-01-13,0.0
104,2015-01-14,1.016
105,2015-01-15,1.016
106,2015-01-16,5.08
107,2015-01-17,27.432000000000002
108,2015-01-18,8.128
109,2015-01-19,5.08
110,2015-01-20,0.0
111,2015-01-21,0.0
112,2015-01-22,3.048
113,2015-01-23,15.24
114,2015-01-24,0.0
115,2015-01-25,0.0
116,2015-01-26,0.0
117,2015-01-27,1.016
118,2015-01-28,0.0
119,2015-01-29,1.016
120,2015-01-30,0.0
121,2015-01-31,21.336
122,2015-02-01,1.016
123,2015-02-02,0.0
124,2015-02-03,0.0
125,2015-02-04,1.016
126,2015-02-05,0.0
127,2015-02-06,0.0
128,2015-02-07,0.0
129,2015-02-08,0.0
130,2015-02-09,4.064
131,2015-02-10,0.0
132,2015-02-11,0.0
133,2015-02-12,0.0
134,2015-02-13,0.0
135,2015-02-14,0.0
136,2015-02-15,57.912
137,2015-02-16,1.016
138,2015-02-17,0.0
139,2015-02-18,0.0
140,2015-02-19,4.064
141,2015-02-20,6.096
142,2015-02-21,0.0
143,2015-02-22,0.0
144,2015-02-23,0.0
145,2015-02-24,0.0
146,2015-02-25,0.0
147,2015-02-26,0.0
148,2015-02-27,0.0
149,2015-02-28,0.0
150,2015-03-01,0.0
151,2015-03-02,1.016
152,2015-03-03,2.032
153,2015-03-04,0.0
154,2015-03-05,0.0
155,2015-03-06,0.0
156,2015-03-07,0.0
157,2015-03-08,0.0
158,2015-03-09,0.0
159,2015-03-10,0.0
160,2015-03-11,0.0
161,2015-03-12,0.0
162,2015-03-13,1.016
163,2015-03-14,8.128
164,2015-03-15,0.0
165,2015-03-16,0.0
166,2015-03-17,0.0
167,2015-03-18,4.064
168,2015-03-19,30.479999999999997
169,2015-03-20,0.0
170,2015-03-21,0.0
171,2015-03-22,0.0
172,2015-03-23,0.0
173,2015-03-24,0.0
174,2015-03-25,0.0
175,2015-03-26,0.0
176,2015-03-27,0.0
177,2015-03-28,0.0
178,2015-03-29,0.0
179,2015-03-30,3.048
180,2015-03-31,0.0
181,2015-04-01,0.0
182,2015-04-02,4.064
183,2015-04-03,3.048
184,2015-04-04,1.016
185,2015-04-05,0.0
186,2015-04-06,0.0
187,2015-04-07,1.016
188,2015-04-08,10.16
189,2015-04-09,0.0
190,2015-04-10,0.0
191,2015-04-11,0.0
192,2015-04-12,0.0
193,2015-04-13,0.0
194,2015-04-14,0.0
195,2015-04-15,10.16
196,2015-04-16,13.208
197,2015-04-17,18.288
198,2015-04-18,0.0
199,2015-04-19,0.0
200,2015-04-20,0.0
201,2015-04-21,31.496
202,2015-04-22,46.736
203,2015-04-23,4.064
204,2015-04-24,0.0
205,2015-04-25,0.0
206,2015-04-26,3.048
207,2015-04-27,0.0
208,2015-04-28,0.0
209,2015-04-29,0.0
210,2015-04-30,0.0
211,2015-05-01,0.0
212,2015-05-02,21.336
213,2015-05-03,4.064
214,2015-05-04,1.016
215,2015-05-05,1.016
216,2015-05-06,0.0
217,2015-05-07,0.0
218,2015-05-08,0.0
219,2015-05-09,0.0
220,2015-05-10,9.144
221,2015-05-11,0.0
222,2015-05-12,0.0
223,2015-05-13,0.0
224,2015-05-14,0.0
225,2015-05-15,0.0
226,2015-05-16,29.464000000000002
227,2015-05-17,6.096
228,2015-05-18,2.032
229,2015-05-19,8.128
230,2015-05-20,0.0
231,2015-05-21,58.928000000000004
232,2015-05-22,88.376
233,2015-05-23,79.264
234,2015-05-24,15.24
235,2015-05-25,11.175999999999998
236,2015-05-26,0.0
237,2015-05-27,0.0
238,2015-05-28,10.16
239,2015-05-29,0.0
240,2015-05-30,65.024
241,2015-05-31,0.0
242,2015-06-01,0.0
243,2015-06-02,0.0
244,2015-06-03,31.496
245,2015-06-04,0.0
246,2015-06-05,23.368000000000002
247,2015-06-06,1.016
248,2015-06-07,0.0
249,2015-06-08,10.16
250,2015-06-09,34.544000000000004
251,2015-06-10,37.592
252,2015-06-11,0.0
253,2015-06-12,0.0
254,2015-06-13,0.0
255,2015-06-14,0.0
256,2015-06-15,0.0
257,2015-06-16,3.048
258,2015-06-17,0.0
259,2015-06-18,16.256
260,2015-06-19,0.0
261,2015-06-20,0.0
262,2015-06-21,1.016
263,2015-06-22,8.128
264,2015-06-23,0.0
265,2015-06-24,0.0
266,2015-06-25,0.0
267,2015-06-26,0.0
268,2015-06-27,0.0
269,2015-06-28,0.0
270,2015-06-29,0.0
271,2015-06-30,8.128
272,2015-07-01,0.0
273,2015-07-02,0.0
274,2015-07-03,0.0
275,2015-07-04,0.0
276,2015-07-05,0.0
277,2015-07-06,0.0
278,2015-07-07,13.208
279,2015-07-08,1.016
280,2015-07-09,1.016
281,2015-07-10,16.256
282,2015-07-11,7.112
283,2015-07-12,9.144
284,2015-07-13,0.0
285,2015-07-14,0.0
286,2015-07-15,24.384
287,2015-07-16,1.016
288,2015-07-17,15.24
289,2015-07-18,2.032
290,2015-07-19,13.208
291,2015-07-20,12.192
292,2015-07-21,11.175999999999998
293,2015-07-22,2.032
294,2015-07-23,4.064
295,2015-07-24,1.016
296,2015-07-25,0.0
297,2015-07-26,0.0
298,2015-07-27,0.0
299,2015-07-28,1.016
300,2015-07-29,0.0
301,2015-07-30,0.0
302,2015-07-31,3.048
303,2015-08-01,4.064
304,2015-08-02,0.0
305,2015-08-03,0.0
306,2015-08-04,0.0
307,2015-08-05,0.0
308,2015-08-06,0.0
309,2015-08-07,0.0
310,2015-08-08,1.016
311,2015-08-09,26.416
312,2015-08-10,0.0
313,2015-08-11,0.0
314,2015-08-12,1.016
315,2015-08-13,2.032
316,2015-08-14,23.368000000000002
317,2015-08-15,2.032
318,2015-08-16,67.056
319,2015-08-17,65.024
320,2015-08-18,2.032
321,2015-08-19,0.0
322,2015-08-20,0.0
323,2015-08-21,1.016
324,2015-08-22,11.175999999999998
325,2015-08-23,10.16
326,2015-08-24,22.351999999999997
327,2015-08-25,1.016
328,2015-08-26,5.08
329,2015-08-27,1.016
330,2015-08-28,0.0
331,2015-08-29,4.064
332,2015-08-30,1.016
333,2015-08-31,34.544000000000004
334,2015-09-01,2.032
335,2015-09-02,5.08
336,2015-09-03,2.032
337,2015-09-04,2.032
338,2015-09-05,7.112
339,2015-09-06,11.175999999999998
340,2015-09-07,34.544000000000004
341,2015-09-08,103.624
342,2015-09-09,11.175999999999998
343,2015-09-10,29.464000000000002
344,2015-09-11,13.208
345,2015-09-12,3.048
346,2015-09-13,0.0
347,2015-09-14,0.0
348,2015-09-15,6.096
349,2015-09-16,42.663999999999994
350,2015-09-17,45.72
351,2015-09-18,0.0
352,2015-09-19,15.24
353,2015-09-20,0.0
354,2015-09-21,66.056
355,2015-09-22,1.016
356,2015-09-23,11.175999999999998
357,2015-09-24,34.544000000000004
358,2015-09-25,1.016
359,2015-09-26,0.0
360,2015-09-27,1.016
361,2015-09-28,0.0
362,2015-09-29,0.0
363,2015-09-30,9.144
364,2015-10-01,32.512
365,2015-10-02,71.112
366,2015-10-03,0.0
367,2015-10-04,0.0
368,2015-10-05,2.032
369,2015-10-06,1.016
370,2015-10-07,95.512
371,2015-10-08,9.144
372,2015-10-09,1.016
373,2015-10-10,7.112
374,2015-10-11,27.431999999999995
375,2015-10-12,40.64
376,2015-10-13,50.8
377,2015-10-14,0.0
378,2015-10-15,2.032
379,2015-10-16,0.0
380,2015-10-17,2.032
381,2015-10-18,2.032
382,2015-10-19,0.0
383,2015-10-20,66.03999999999999
384,2015-10-21,30.48
385,2015-10-22,36.576
386,2015-10-23,11.175999999999998
387,2015-10-24,22.351999999999997
388,2015-10-25,15.24
389,2015-10-26,0.0
390,2015-10-27,0.0
391,2015-10-28,0.0
392,2015-10-29,2.032
393,2015-10-30,0.0
394,2015-10-31,16.256
395,2015-11-01,91.456
396,2015-11-02,2.032
397,2015-11-03,1.016
398,2015-11-04,8.128
399,2015-11-05,0.0
400,2015-11-06,42.672
401,2015-11-07,26.415999999999997
402,2015-11-08,1.016
403,2015-11-09,2.032
404,2015-11-10,0.0
405,2015-11-11,9.144
406,2015-11-12,0.0
407,2015-11-13,4.064
408,2015-11-14,17.272000000000002
409,2015-11-15,32.512
410,2015-11-16,43.688
411,2015-11-17,4.064
412,2015-11-18,12.192
413,2015-11-19,1.016
414,2015-11-20,19.304000000000002
415,2015-11-21,1.016
416,2015-11-22,3.048
417,2015-11-23,19.304000000000002
418,2015-11-24,8.128
419,2015-11-25,21.336
420,2015-11-26,1.016
421,2015-11-27,15.24
422,2015-11-28,2.032
423,2015-11-29,4.064
424,2015-11-30,2.032
425,2015-12-01,13.208
426,2015-12-02,0.0
427,2015-12-03,45.72
428,2015-12-04,34.544000000000004
429,2015-12-05,0.0
430,2015-12-06,2.032
431,2015-12-07,0.0
432,2015-12-08,2.032
433,2015-12-09,3.048
434,2015-12-10,8.128
435,2015-12-11,1.016
436,2015-12-12,0.0
437,2015-12-13,0.0
438,2015-12-14,0.0
439,2015-12-15,0.0
440,2015-12-16,5.08
441,2015-12-17,9.144
442,2015-12-18,6.096
443,2015-12-19,45.736
444,2015-12-20,1.016
445,2015-12-21,0.0
446,2015-12-22,3.048
447,2015-12-23,0.0
448,2015-12-24,0.0
449,2015-12-25,0.0
450,2015-12-26,0.0
451,2015-12-27,0.0
452,2015-12-28,0.0
453,2015-12-29,0.0
454,2015-12-30,0.0
455,2015-12-31,0.0
456,2016-01-01,2.032
457,2016-01-02,0.0
458,2016-01-03,0.0
459,2016-01-04,0.0
460,2016-01-05,3.048
461,2016-01-06,1.016
462,2016-01-07,0.0
463,2016-01-08,0.0
464,2016-01-09,0.0
465,2016-01-10,0.0
466,2016-01-11,0.0
467,2016-01-12,0.0
468,2016-01-13,0.0
469,2016-01-14,0.0
470,2016-01-15,0.0
471,2016-01-16,2.032
472,2016-01-17,0.0
473,2016-01-18,0.0
474,2016-01-19,3.048
475,2016-01-20,3.048
476,2016-01-21,0.0
477,2016-01-22,0.0
478,2016-01-23,2.032
479,2016-01-24,3.048
480,2016-01-25,1.016
481,2016-01-26,0.0
482,2016-01-27,0.0
483,2016-01-28,0.0
484,2016-01-29,9.144
485,2016-01-30,16.256
486,2016-01-31,0.0
487,2016-02-01,0.0
488,2016-02-02,0.0
489,2016-02-03,0.0
490,2016-02-04,0.0
491,2016-02-05,0.0
492,2016-02-06,0.0
493,2016-02-07,0.0
494,2016-02-08,7.112
495,2016-02-09,0.0
496,2016-02-10,3.048
497,2016-02-11,15.24
498,2016-02-12,1.016
499,2016-02-13,1.016
500,2016-02-14,1.016
501,2016-02-15,0.0
502,2016-02-16,0.0
503,2016-02-17,0.0
504,2016-02-18,0.0
505,2016-02-19,2.032
506,2016-02-20,11.175999999999998
507,2016-02-21,3.048
508,2016-02-22,2.032
509,2016-02-23,0.0
510,2016-02-24,0.0
511,2016-02-25,0.0
512,2016-02-26,0.0
513,2016-02-27,0.0
514,2016-02-28,3.048
515,2016-02-29,0.0
516,2016-03-01,2.032
517,2016-03-02,1.016
518,2016-03-03,0.0
519,2016-03-04,0.0
520,2016-03-05,0.0
521,2016-03-06,0.0
522,2016-03-07,0.0
523,2016-03-08,0.0
524,2016-03-09,0.0
525,2016-03-10,0.0
526,2016-03-11,0.0
527,2016-03-12,0.0
528,2016-03-13,0.0
529,2016-03-14,0.0
530,2016-03-15,0.0
531,2016-03-16,0.0
532,2016-03-17,4.064
533,2016-03-18,0.0
534,2016-03-19,0.0
535,2016-03-20,0.0
536,2016-03-21,1.016
537,2016-03-22,0.0
538,2016-03-23,1.016
539,2016-03-24,0.0
540,2016-03-25,0.0
541,2016-03-26,0.0
542,2016-03-27,0.0
543,2016-03-28,0.0
544,2016-03-29,0.0
545,2016-03-30,0.0
546,2016-03-31,0.0
547,2016-04-01,0.0
548,2016-04-02,0.0
549,2016-04-03,0.0
550,2016-04-04,0.0
551,2016-04-05,0.0
552,2016-04-06,0.0
553,2016-04-07,0.0
554,2016-04-08,0.0
555,2016-04-09,6.096
556,2016-04-10,1.016
557,2016-04-11,0.0
558,2016-04-12,0.0
559,2016-04-13,0.0
560,2016-04-14,0.0
561,2016-04-15,0.0
562,2016-04-16,0.0
563,2016-04-17,0.0
564,2016-04-18,0.0
565,2016-04-19,0.0
566,2016-04-20,2.032
567,2016-04-21,16.256
568,2016-04-22,1.016
569,2016-04-23,10.16
570,2016-04-24,13.208
571,2016-04-25,0.0
572,2016-04-26,2.032
573,2016-04-27,1.016
574,2016-04-28,86.352
575,2016-04-29,22.352000000000004
576,2016-04-30,0.0
577,2016-05-01,0.0
578,2016-05-02,0.0
579,2016-05-03,0.0
580,2016-05-04,10.16
581,2016-05-05,16.256
582,2016-05-06,0.0
583,2016-05-07,0.0
584,2016-05-08,2.032
585,2016-05-09,0.0
586,2016-05-10,14.224
587,2016-05-11,47.752
588,2016-05-12,1.016
589,2016-05-13,0.0
590,2016-05-14,21.336
591,2016-05-15,3.048
592,2016-05-16,19.304000000000002
593,2016-05-17,6.096
594,2016-05-18,7.112
595,2016-05-19,13.208
596,2016-05-20,6.096
597,2016-05-21,8.128
598,2016-05-22,1.016
599,2016-05-23,1.016
600,2016-05-24,35.56
601,2016-05-25,0.0
602,2016-05-26,9.144
603,2016-05-27,51.816
604,2016-05-28,4.064
605,2016-05-29,1.016
606,2016-05-30,34.544000000000004
607,2016-05-31,1.016
608,2016-06-01,13.208
609,2016-06-02,9.144
610,2016-06-03,5.08
611,2016-06-04,1.016
612,2016-06-05,0.0
613,2016-06-06,14.224
614,2016-06-07,16.256
615,2016-06-08,0.0
616,2016-06-09,0.0
617,2016-06-10,24.384
618,2016-06-11,3.048
619,2016-06-12,0.0
620,2016-06-13,20.32
621,2016-06-14,2.032
622,2016-06-15,49.784000000000006
623,2016-06-16,0.0
624,2016-06-17,91.416
625,2016-06-18,4.064
626,2016-06-19,79.26400000000002
627,2016-06-20,0.0
628,2016-06-21,6.096
629,2016-06-22,9.144
630,2016-06-23,130.04
631,2016-06-24,44.70399999999999
632,2016-06-25,4.064
633,2016-06-26,0.0
634,2016-06-27,7.112
635,2016-06-28,4.064
636,2016-06-29,0.0
637,2016-06-30,13.208
638,2016-07-01,95.52
639,2016-07-02,31.496
640,2016-07-03,3.048
641,2016-07-04,74.16
642,2016-07-05,70.096
643,2016-07-06,2.032
644,2016-07-07,42.672
645,2016-07-08,0.0
646,2016-07-09,6.096
647,2016-07-10,1.016
648,2016-07-11,2.032
649,2016-07-12,25.4
650,2016-07-13,1.016
651,2016-07-14,10.16
652,2016-07-15,1.016
653,2016-07-16,89.4
654,2016-07-17,31.496
655,2016-07-18,2.032
656,2016-07-19,11.175999999999998
657,2016-07-20,2.032
658,2016-07-21,5.08
659,2016-07-22,3.048
660,2016-07-23,0.0
661,2016-07-24,44.70399999999999
662,2016-07-25,17.272000000000002
663,2016-07-26,5.08
664,2016-07-27,0.0
665,2016-07-28,94.496
666,2016-07-29,5.08
667,2016-07-30,25.400000000000002
668,2016-07-31,6.096
669,2016-08-01,1.016
670,2016-08-02,5.08
671,2016-08-03,1.016
672,2016-08-04,0.0
673,2016-08-05,0.0
674,2016-08-06,1.016
675,2016-08-07,0.0
676,2016-08-08,3.048
677,2016-08-09,0.0
678,2016-08-10,13.208
679,2016-08-11,0.0
680,2016-08-12,4.064
681,2016-08-13,0.0
682,2016-08-14,28.448
683,2016-08-15,7.112
684,2016-08-16,30.48
685,2016-08-17,0.0
686,2016-08-18,0.0
687,2016-08-19,2.032
688,2016-08-20,31.496
689,2016-08-21,8.128
690,2016-08-22,1.016
691,2016-08-23,16.256
692,2016-08-24,1.016
693,2016-08-25,30.480000000000004
694,2016-08-26,34.544000000000004
695,2016-08-27,2.032
696,2016-08-28,0.0
697,2016-08-29,0.0
698,2016-08-30,2.032
699,2016-08-31,0.0
700,2016-09-01,1.016
701,2016-09-02,0.0
702,2016-09-03,2.032
703,2016-09-04,7.112
704,2016-09-05,24.384
705,2016-09-06,0.0
706,2016-09-07,5.08
707,2016-09-08,13.208
708,2016-09-09,1.016
709,2016-09-10,14.224
710,2016-09-11,14.224
711,2016-09-12,5.08
712,2016-09-13,15.24
713,2016-09-14,1.016
714,2016-09-15,1.016
715,2016-09-16,1.016
716,2016-09-17,0.0
717,2016-09-18,22.352000000000004
718,2016-09-19,11.175999999999998
719,2016-09-20,1.016
720,2016-09-21,43.688
721,2016-09-22,4.064
722,2016-09-23,0.0
723,2016-09-24,15.24
724,2016-09-25,32.512
725,2016-09-26,55.88
726,2016-09-27,1.016
727,2016-09-28,13.208
728,2016-09-29,7.112
729,2016-09-30,29.464
730,2016-10-01,13.208
731,2016-10-02,3.048
732,2016-10-03,0.0
733,2016-10-04,74.152
734,2016-10-05,0.0
735,2016-10-06,0.0
736,2016-10-07,0.0
737,2016-10-08,7.112
738,2016-10-09,2.032
739,2016-10-10,21.336
740,2016-10-11,16.256
741,2016-10-12,115.84
742,2016-10-13,5.08
743,2016-10-14,0.0
744,2016-10-15,0.0
745,2016-10-16,9.144
746,2016-10-17,0.0
747,2016-10-18,11.175999999999998
748,2016-10-19,1.016
749,2016-10-20,0.0
750,2016-10-21,0.0
751,2016-10-22,11.175999999999998
752,2016-10-23,41.656000000000006
753,2016-10-24,44.70399999999999
754,2016-10-25,0.0
755,2016-10-26,0.0
756,2016-10-27,1.016
757,2016-10-28,1.016
758,2016-10-29,47.751999999999995
759,2016-10-30,3.048
760,2016-10-31,105.67200000000001
761,2016-11-01,1.016
762,2016-11-02,32.512
763,2016-11-03,21.336
764,2016-11-04,76.2
765,2016-11-05,9.144
766,2016-11-06,35.56
767,2016-11-07,24.384
768,2016-11-08,22.351999999999997
769,2016-11-09,0.0
770,2016-11-10,1.016
771,2016-11-11,23.368000000000002
772,2016-11-12,13.208
773,2016-11-13,2.032
774,2016-11-14,2.032
775,2016-11-15,3.048
776,2016-11-16,13.208
777,2016-11-17,8.128
778,2016-11-18,2.032
779,2016-11-19,25.4
780,2016-11-20,40.64
781,2016-11-21,29.464000000000002
782,2016-11-22,60.96
783,2016-11-23,14.224
784,2016-11-24,15.24
785,2016-11-25,0.0
786,2016-11-26,28.448
787,2016-11-27,24.384
788,2016-11-28,23.368000000000002
789,2016-11-29,34.544000000000004
790,2016-11-30,14.224
791,2016-12-01,6.096
792,2016-12-02,3.048
793,2016-12-03,0.0
794,2016-12-04,0.0
795,2016-12-05,0.0
796,2016-12-06,0.0
797,2016-12-07,62.992
798,2016-12-08,15.24
799,2016-12-09,42.672
800,2016-12-10,13.208
801,2016-12-11,0.0
802,2016-12-12,5.08
803,2016-12-13,49.784000000000006
804,2016-12-14,1.016
805,2016-12-15,0.0
806,2016-12-16,0.0
807,2016-12-17,0.0
808,2016-12-18,0.0
809,2016-12-19,0.0
810,2016-12-20,0.0
811,2016-12-21,0.0
812,2016-12-22,1.016
813,2016-12-23,1.016
814,2016-12-24,2.032
815,2016-12-25,3.048
816,2016-12-26,30.48
817,2016-12-27,0.0
818,2016-12-28,0.0
819,2016-12-29,0.0
820,2016-12-30,17.272000000000002
821,2016-12-31,0.0
822,2017-01-01,0.0
823,2017-01-02,0.0
824,2017-01-03,0.0
825,2017-01-04,0.0
826,2017-01-05,0.0
827,2017-01-06,0.0
828,2017-01-07,5.08
829,2017-01-08,1.016
830,2017-01-09,0.0
831,2017-01-10,5.08
832,2017-01-11,0.0
833,2017-01-12,0.0
834,2017-01-13,1.016
835,2017-01-14,0.0
836,2017-01-15,0.0
837,2017-01-16,0.0
838,2017-01-17,0.0
839,2017-01-18,0.0
840,2017-01-19,0.0
841,2017-01-20,0.0
842,2017-01-21,0.0
843,2017-01-22,0.0
844,2017-01-23,0.0
845,2017-01-24,0.0
846,2017-01-25,0.0
847,2017-01-26,0.0
848,2017-01-27,7.112
849,2017-01-28,5.08
850,2017-01-29,0.0
851,2017-01-30,2.032
852,2017-01-31,0.0
853,2017-02-01,0.0
854,2017-02-02,0.0
855,2017-02-03,10.16
856,2017-02-04,0.0
857,2017-02-05,0.0
858,2017-02-06,0.0
859,2017-02-07,0.0
860,2017-02-08,0.0
861,2017-02-09,0.0
862,2017-02-10,0.0
863,2017-02-11,0.0
864,2017-02-12,3.048
865,2017-02-13,0.0
866,2017-02-14,0.0
867,2017-02-15,0.0
868,2017-02-16,0.0
869,2017-02-17,0.0
870,2017-02-18,0.0
871,2017-02-19,0.0
872,2017-02-20,0.0
873,2017-02-21,0.0
874,2017-02-22,0.0
875,2017-02-23,0.0
876,2017-02-24,0.0
877,2017-02-25,0.0
878,2017-02-26,0.0
879,2017-02-27,0.0
880,2017-02-28,0.0
881,2017-03-01,0.0
882,2017-03-02,0.0
883,2017-03-03,0.0
884,2017-03-04,0.0
885,2017-03-05,1.016
886,2017-03-06,17.272000000000002
887,2017-03-07,0.0
888,2017-03-08,0.0
889,2017-03-09,2.032
890,2017-03-10,0.0
891,2017-03-11,6.096
892,2017-03-12,5.08
893,2017-03-13,0.0
894,2017-03-14,0.0
895,2017-03-15,0.0
896,2017-03-16,0.0
897,2017-03-17,0.0
898,2017-03-18,0.0
899,2017-03-19,0.0
900,2017-03-20,14.224
901,2017-03-21,0.0
902,2017-03-22,0.0
903,2017-03-23,0.0
904,2017-03-24,0.0
905,2017-03-25,0.0
906,2017-03-26,29.464000000000002
907,2017-03-27,3.048
908,2017-03-28,0.0
909,2017-03-29,0.0
910,2017-03-30,0.0
911,2017-03-31,0.0
912,2017-04-01,14.224
913,2017-04-02,0.0
914,2017-04-03,0.0
915,2017-04-04,0.0
916,2017-04-05,0.0
917,2017-04-06,0.0
918,2017-04-07,0.0
919,2017-04-08,0.0
920,2017-04-09,0.0
921,2017-04-10,0.0
922,2017-04-11,0.0
923,2017-04-12,0.0
924,2017-04-13,0.0
925,2017-04-14,0.0
926,2017-04-15,0.0
927,2017-04-16,0.0
928,2017-04-17,0.0
929,2017-04-18,26.416
930,2017-04-19,12.192
931,2017-04-20,34.544000000000004
932,2017-04-21,1.016
933,2017-04-22,0.0
934,2017-04-23,0.0
935,2017-04-24,0.0
936,2017-04-25,0.0
937,2017-04-26,0.0
938,2017-04-27,8.128
939,2017-04-28,0.0
940,2017-04-29,0.0
941,2017-04-30,62.992
942,2017-05-01,18.287999999999997
943,2017-05-02,0.0
944,2017-05-03,1.016
945,2017-05-04,100.6
946,2017-05-05,7.112
947,2017-05-06,2.032
948,2017-05-07,14.224
949,2017-05-08,40.64
950,2017-05-09,1.016
951,2017-05-10,27.432000000000002
952,2017-05-11,1.016
953,2017-05-12,2.032
954,2017-05-13,27.432000000000002
955,2017-05-14,0.0
956,2017-05-15,14.224
957,2017-05-16,0.0
958,2017-05-17,0.0
959,2017-05-18,18.288
960,2017-05-19,1.016
961,2017-05-20,2.032
962,2017-05-21,56.896
963,2017-05-22,0.0
964,2017-05-23,11.175999999999998
965,2017-05-24,0.0
966,2017-05-25,27.432000000000002
967,2017-05-26,4.064
968,2017-05-27,15.24
969,2017-05-28,4.064
970,2017-05-29,40.64
971,2017-05-30,0.0
972,2017-05-31,0.0
973,2017-06-01,97.56
974,2017-06-02,1.016
975,2017-06-03,0.0
976,2017-06-04,0.0
977,2017-06-05,33.528000000000006
978,2017-06-06,69.10399999999998
979,2017-06-07,0.0
980,2017-06-08,2.032
981,2017-06-09,2.032
982,2017-06-10,32.512
983,2017-06-11,1.016
984,2017-06-12,1.016
985,2017-06-13,30.48
986,2017-06-14,0.0
987,2017-06-15,0.0
988,2017-06-16,1.016
989,2017-06-17,4.064
990,2017-06-18,18.287999999999997
991,2017-06-19,3.048
992,2017-06-20,6.096
993,2017-06-21,42.672
994,2017-06-22,1.016
995,2017-06-23,0.0
996,2017-06-24,13.208
997,2017-06-25,14.224
998,2017-06-26,3.048
999,2017-06-27,2.032
1000,2017-06-28,16.256
1001,2017-06-29,20.32
1002,2017-06-30,0.0
1003,2017-07-01,0.0
1004,2017-07-02,0.0
1005,2017-07-03,24.384
1006,2017-07-04,2.032
1007,2017-07-05,0.0
1008,2017-07-06,0.0
1009,2017-07-07,3.048
1010,2017-07-08,10.16
1011,2017-07-09,2.032
1012,2017-07-10,16.256
1013,2017-07-11,1.016
1014,2017-07-12,4.064
1015,2017-07-13,0.0
1016,2017-07-14,17.272000000000002
1017,2017-07-15,24.384
1018,2017-07-16,1.016
1019,2017-07-17,0.0
1020,2017-07-18,0.0
1021,2017-07-19,6.096
1022,2017-07-20,0.0
1023,2017-07-21,66.04
1024,2017-07-22,7.112
1025,2017-07-23,9.144
1026,2017-07-24,0.0
1027,2017-07-25,7.112
1028,2017-07-26,3.048
1029,2017-07-27,0.0
1030,2017-07-28,5.08
1031,2017-07-29,50.8
1032,2017-07-30,4.064
1033,2017-07-31,11.175999999999998
1034,2017-08-01,1.016
1035,2017-08-02,0.0
1036,2017-08-03,0.0
1037,2017-08-04,8.128
1038,2017-08-05,40.64
1039,2017-08-06,3.048
1040,2017-08-07,0.0
1041,2017-08-08,0.0
1042,2017-08-09,2.032
1043,2017-08-10,7.112
1044,2017-08-11,34.544000000000004
1045,2017-08-12,8.128
1046,2017-08-13,24.384
1047,2017-08-14,2.032
1048,2017-08-15,2.032
1049,2017-08-16,22.351999999999997
1050,2017-08-17,0.0
1051,2017-08-18,7.112
1052,2017-08-19,18.288
1053,2017-08-20,8.128
1054,2017-08-21,19.304000000000002
1055,2017-08-22,0.0
1056,2017-08-23,48.768
1057,2017-08-24,1.016
1058,2017-08-25,3.048
1059,2017-08-26,36.576
1060,2017-08-27,20.32
1061,2017-08-28,18.288000000000004
1062,2017-08-29,14.224
1063,2017-08-30,1.016
1064,2017-08-31,8.128
1065,2017-09-01,0.0
1066,2017-09-02,0.0
1067,2017-09-03,28.448
1068,2017-09-04,12.192
1069,2017-09-05,0.0
1070,2017-09-06,26.416
1071,2017-09-07,23.368000000000002
1072,2017-09-08,5.08
1073,2017-09-09,0.0
1074,2017-09-10,1.016
1075,2017-09-11,1.016
1076,2017-09-12,0.0
1077,2017-09-13,3.048
1078,2017-09-14,1.016
1079,2017-09-15,23.368000000000002
1080,2017-09-16,2.032
1081,2017-09-17,13.208
1082,2017-09-18,1.016
1083,2017-09-19,20.32
1084,2017-09-20,2.032
1085,2017-09-21,107.67200000000001
1086,2017-09-22,0.0
1087,2017-09-23,0.0
1088,2017-09-24,0.0
1089,2017-09-25,0.0
1090,2017-09-26,6.096
1091,2017-09-27,0.0
1092,2017-09-28,0.0
1093,2017-09-29,3.048
1094,2017-09-30,1.016
1095,2017-10-01,0.0
1096,2017-10-02,32.512
1097,2017-10-03,16.256
1098,2017-10-04,1.016
1099,2017-10-05,1.016
1100,2017-10-06,0.0
1101,2017-10-07,0.0
1102,2017-10-08,0.0
1103,2017-10-09,0.0
1104,2017-10-10,1.016
1105,2017-10-11,1.016
1106,2017-10-12,18.287999999999997
1107,2017-10-13,2.032
1108,2017-10-14,18.287999999999997
1109,2017-10-15,1.016
1110,2017-10-16,1.016
1111,2017-10-17,6.096
1112,2017-10-18,1.016
1113,2017-10-19,2.032
1114,2017-10-20,23.368000000000002
1115,2017-10-21,0.0
1116,2017-10-22,1.016
1117,2017-10-23,34.544000000000004
1118,2017-10-24,1.016
1119,2017-10-25,6.096
1120,2017-10-26,1.016
1121,2017-10-27,0.0
1122,2017-10-28,79.248
1123,2017-10-29,1.016
1124,2017-10-30,1.016
1125,2017-10-31,9.144
1126,2017-11-01,2.032
1127,2017-11-02,14.224
1128,2017-11-03,33.528
1129,2017-11-04,21.336
1130,2017-11-05,9.144
1131,2017-11-06,5.08
1132,2017-11-07,39.624
1133,2017-11-08,4.064
1134,2017-11-09,14.224
1135,2017-11-10,6.096
1136,2017-11-11,1.016
1137,2017-11-12,0.0
1138,2017-11-13,33.528
1139,2017-11-14,1.016
1140,2017-11-15,54.864
1141,2017-11-16,27.431999999999995
1142,2017-11-17,33.528000000000006
1143,2017-11-18,17.272000000000002
1144,2017-11-19,22.351999999999997
1145,2017-11-20,0.0
1146,2017-11-21,2.032
1147,2017-11-22,1.016
1148,2017-11-23,0.0
1149,2017-11-24,2.032
1150,2017-11-25,2.032
1151,2017-11-26,3.048
1152,2017-11-27,9.144
1153,2017-11-28,47.752
1154,2017-11-29,34.544000000000004
1155,2017-11-30,72.13600000000001
1156,2017-12-01,32.512
1157,2017-12-02,27.432000000000002
1158,2017-12-03,11.175999999999998
1159,2017-12-04,8.128
1160,2017-12-05,9.144
1161,2017-12-06,1.016
1162,2017-12-07,10.16
1163,2017-12-08,25.4
1164,2017-12-09,11.175999999999998
1165,2017-12-10,58.928000000000004
1166,2017-12-11,14.224
1167,2017-12-12,2.032
1168,2017-12-13,2.032
1169,2017-12-14,17.272000000000002
1170,2017-12-15,0.0
1171,2017-12-16,9.144
1172,2017-12-17,1.016
1173,2017-12-18,0.0
1174,2017-12-19,0.0
1175,2017-12-20,0.0
1176,2017-12-21,0.0
1177,2017-12-22,0.0
1178,2017-12-23,0.0
1179,2017-12-24,0.0
1180,2017-12-25,0.0
1181,2017-12-26,1.016
1182,2017-12-27,12.192
1183,2017-12-28,1.016
1184,2017-12-29,9.144
1185,2017-12-30,28.448
1186,2017-12-31,21.336
1187,2018-01-01,20.32
1188,2018-01-02,37.592
1189,2018-01-03,2.032
1190,2018-01-04,16.256
1191,2018-01-05,19.304000000000002
1192,2018-01-06,33.528
1193,2018-01-07,21.336
1194,2018-01-08,1.016
1195,2018-01-09,6.096
1196,2018-01-10,11.175999999999998
1197,2018-01-11,0.0
1198,2018-01-12,0.0
1199,2018-01-13,0.0
1200,2018-01-14,21.336
1201,2018-01-15,12.192
1202,2018-01-16,7.112
1203,2018-01-17,19.304000000000002
1204,2018-01-18,49.784000000000006
1205,2018-01-19,0.0
1206,2018-01-20,3.048
1207,2018-01-21,1.016
1208,2018-01-22,3.048
1209,2018-01-23,24.384
1210,2018-01-24,0.0
1211,2018-01-25,1.016
1212,2018-01-26,0.0
1213,2018-01-27,0.0
1214,2018-01-28,1.016
1215,2018-01-29,0.0
1216,2018-01-30,0.0
1217,2018-01-31,0.0
1218,2018-02-01,0.0
1219,2018-02-02,0.0
1220,2018-02-03,6.096
1221,2018-02-04,5.08
1222,2018-02-05,0.0
1223,2018-02-06,3.048
1224,2018-02-07,0.0
1225,2018-02-08,0.0
1226,2018-02-09,0.0
1227,2018-02-10,0.0
1228,2018-02-11,0.0
1229,2018-02-12,0.0
1230,2018-02-13,0.0
1231,2018-02-14,0.0
1232,2018-02-15,0.0
1233,2018-02-16,0.0
1234,2018-02-17,0.0
1235,2018-02-18,0.0
1236,2018-02-19,0.0
1237,2018-02-20,0.0
1238,2018-02-21,0.0
1239,2018-02-22,0.0
1240,2018-02-23,0.0
1241,2018-02-24,0.0
1242,2018-02-25,0.0
1243,2018-02-26,0.0
1244,2018-02-27,0.0
1245,2018-02-28,0.0
1246,2018-03-01,0.0
1247,2018-03-02,0.0
1248,2018-03-03,0.0
1249,2018-03-04,0.0
1250,2018-03-05,5.08
1251,2018-03-06,0.0
1252,2018-03-07,0.0
1253,2018-03-08,3.048
1254,2018-03-09,2.032
1255,2018-03-10,1.016
1256,2018-03-11,0.0
1257,2018-03-12,0.0
1258,2018-03-13,0.0
1259,2018-03-14,0.0
1260,2018-03-15,0.0
1261,2018-03-16,0.0
1262,2018-03-17,0.0
1263,2018-03-18,0.0
1264,2018-03-19,0.0
1265,2018-03-20,0.0
1266,2018-03-21,0.0
1267,2018-03-22,0.0
1268,2018-03-23,14.224
1269,2018-03-24,70.096
1270,2018-03-25,0.0
1271,2018-03-26,2.032
1272,2018-03-27,4.064
1273,2018-03-28,4.064
1274,2018-03-29,0.0
1275,2018-03-30,0.0
1276,2018-03-31,0.0
1277,2018-04-01,0.0
1278,2018-04-02,0.0
1279,2018-04-03,0.0
1280,2018-04-04,0.0
1281,2018-04-05,0.0
1282,2018-04-06,0.0
1283,2018-04-07,0.0
1284,2018-04-08,0.0
1285,2018-04-09,0.0
1286,2018-04-10,0.0
1287,2018-04-11,1.016
1288,2018-04-12,3.048
1289,2018-04-13,0.0
1290,2018-04-14,3.048
1291,2018-04-15,0.0
1292,2018-04-16,0.0
1293,2018-04-17,0.0
1294,2018-04-18,0.0
1295,2018-04-19,0.0
1296,2018-04-20,0.0
1297,2018-04-21,0.0
1298,2018-04-22,0.0
1299,2018-04-23,0.0
1300,2018-04-24,0.0
1301,2018-04-25,0.0
1302,2018-04-26,1.016
1303,2018-04-27,0.0
1304,2018-04-28,40.64
1305,2018-04-29,1.016
1306,2018-04-30,1.016
1307,2018-05-01,0.0
1308,2018-05-02,1.016
1309,2018-05-03,0.0
1310,2018-05-04,38.608
1311,2018-05-05,92.472
1312,2018-05-06,13.208
1313,2018-05-07,17.272000000000002
1314,2018-05-08,30.480000000000004
1315,2018-05-09,6.096
1316,2018-05-10,4.064
1317,2018-05-11,4.064
1318,2018-05-12,0.0
1319,2018-05-13,52.83200000000001
1320,2018-05-14,1.016
1321,2018-05-15,6.096
1322,2018-05-16,0.0
1323,2018-05-17,0.0
1324,2018-05-18,1.016
1325,2018-05-19,6.096
1326,2018-05-20,62.992
1327,2018-05-21,15.24
1328,2018-05-22,9.144
1329,2018-05-23,6.096
1330,2018-05-24,0.0
1331,2018-05-25,51.816
1332,2018-05-26,13.208
1333,2018-05-27,1.016
1334,2018-05-28,0.0
1335,2018-05-29,0.0
1336,2018-05-30,86.36
1337,2018-05-31,12.192
1338,2018-06-01,11.175999999999998
1339,2018-06-02,30.479999999999997
1340,2018-06-03,1.016
1341,2018-06-04,8.128
1342,2018-06-05,9.144
1343,2018-06-06,1.016
1344,2018-06-07,1.016
1345,2018-06-08,6.096
1346,2018-06-09,31.496
1347,2018-06-10,65.032
1348,2018-06-11,12.192
1349,2018-06-12,23.368000000000002
1350,2018-06-13,0.0
1351,2018-06-14,1.016
1352,2018-06-15,39.624
1353,2018-06-16,1.016
1354,2018-06-17,0.0
1355,2018-06-18,27.432000000000002
1356,2018-06-19,37.592
1357,2018-06-20,13.208
1358,2018-06-21,0.0
1359,2018-06-22,1.016
1360,2018-06-23,0.0
1361,2018-06-24,80.28
1362,2018-06-25,71.12
1363,2018-06-26,8.128
1364,2018-06-27,24.384
1365,2018-06-28,8.128
1366,2018-06-29,34.544000000000004
1367,2018-06-30,59.943999999999996
1368,2018-07-01,27.432000000000002
1369,2018-07-02,54.864
1370,2018-07-03,46.736
1371,2018-07-04,0.0
1372,2018-07-05,0.0
1373,2018-07-06,13.208
1374,2018-07-07,32.512
1375,2018-07-08,1.016
1376,2018-07-09,0.0
1377,2018-07-10,0.0
1378,2018-07-11,6.096
1379,2018-07-12,0.0
1380,2018-07-13,1.016
1381,2018-07-14,69.08800000000001
1382,2018-07-15,12.192
1383,2018-07-16,16.256
1384,2018-07-17,6.096
1385,2018-07-18,1.016
1386,2018-07-19,0.0
1387,2018-07-20,9.144
1388,2018-07-21,9.144
1389,2018-07-22,0.0
1390,2018-07-23,58.928000000000004
1391,2018-07-24,17.272000000000002
1392,2018-07-25,3.048
1393,2018-07-26,112.76
1394,2018-07-27,45.72
1395,2018-07-28,0.0
1396,2018-07-29,10.16
1397,2018-07-30,17.272000000000002
1398,2018-07-31,33.528000000000006
1399,2018-08-01,3.048
1400,2018-08-02,1.016
1401,2018-08-03,0.0
1402,2018-08-04,53.848
1403,2018-08-05,6.096
1404,2018-08-06,0.0
1405,2018-08-07,1.016
1406,2018-08-08,3.048
1407,2018-08-09,8.128
1408,2018-08-10,92.464
1409,2018-08-11,45.72
1410,2018-08-12,14.224
1411,2018-08-13,1.016
1412,2018-08-14,3.048
1413,2018-08-15,44.70399999999999
1414,2018-08-16,1.016
1415,2018-08-17,1.016
1416,2018-08-18,1.016
1417,2018-08-19,13.208
1418,2018-08-20,0.0
1419,2018-08-21,1.016
1420,2018-08-22,12.192
1421,2018-08-23,4.064
1422,2018-08-24,8.128
1423,2018-08-25,1.016
1424,2018-08-26,2.032
1425,2018-08-27,6.096
1426,2018-08-28,1.016
1427,2018-08-29,7.112
1428,2018-08-30,47.752
1429,2018-08-31,1.016
1430,2018-09-01,37.592
1431,2018-09-02,39.616
1432,2018-09-03,0.0
1433,2018-09-04,12.192
1434,2018-09-05,3.048
1435,2018-09-06,26.416
1436,2018-09-07,22.351999999999997
1437,2018-09-08,12.192
1438,2018-09-09,0.0
1439,2018-09-10,4.064
1440,2018-09-11,0.0
1441,2018-09-12,17.272000000000002
1442,2018-09-13,14.224
1443,2018-09-14,3.048
1444,2018-09-15,8.128
1445,2018-09-16,3.048
1446,2018-09-17,1.016
1447,2018-09-18,7.112
1448,2018-09-19,12.192
1449,2018-09-20,2.032
1450,2018-09-21,1.016
1451,2018-09-22,17.272000000000002
1452,2018-09-23,3.048
1453,2018-09-24,18.287999999999997
1454,2018-09-25,49.784000000000006
1455,2018-09-26,24.38399999999999
1456,2018-09-27,6.096
1457,2018-09-28,9.144
1458,2018-09-29,15.24
1459,2018-09-30,34.544000000000004
1460,2018-10-01,1.016
1461,2018-10-02,85.344
1462,2018-10-03,2.032
1463,2018-10-04,1.016
1464,2018-10-05,0.0
1465,2018-10-06,0.0
1466,2018-10-07,0.0
1467,2018-10-08,0.0
1468,2018-10-09,0.0
1469,2018-10-10,15.24
1470,2018-10-11,58.928000000000004
1471,2018-10-12,44.712
1472,2018-10-13,95.52
1473,2018-10-14,23.368000000000002
1474,2018-10-15,5.08
1475,2018-10-16,0.0
1476,2018-10-17,36.576
1477,2018-10-18,3.048
1478,2018-10-19,2.032
1479,2018-10-20,3.048
1480,2018-10-21,1.016
1481,2018-10-22,72.12
1482,2018-10-23,51.816
1483,2018-10-24,1.016
1484,2018-10-25,0.0
1485,2018-10-26,26.415999999999997
1486,2018-10-27,27.432000000000002
1487,2018-10-28,1.016
1488,2018-10-29,3.048
1489,2018-10-30,10.16
1490,2018-10-31,1.016
1491,2018-11-01,64.00800000000001
1492,2018-11-02,4.064
1493,2018-11-03,5.08
1494,2018-11-04,1.016
1495,2018-11-05,35.56
1496,2018-11-06,16.256
1497,2018-11-07,3.048
1498,2018-11-08,7.112
1499,2018-11-09,14.224
1500,2018-11-10,0.0
1501,2018-11-11,13.208
1502,2018-11-12,1.016
1503,2018-11-13,17.272000000000002
1504,2018-11-14,23.368000000000002
1505,2018-11-15,4.064
1506,2018-11-16,10.16
1507,2018-11-17,10.16
1508,2018-11-18,5.08
1509,2018-11-19,34.544000000000004
1510,2018-11-20,14.224
1511,2018-11-21,0.0
1512,2018-11-22,21.336
1513,2018-11-23,56.896
1514,2018-11-24,31.496
1515,2018-11-25,1.016
1516,2018-11-26,6.096
1517,2018-11-27,1.016
1518,2018-11-28,0.0
1519,2018-11-29,0.0
1520,2018-11-30,0.0
1521,2018-12-01,0.0
1522,2018-12-02,30.48
1523,2018-12-03,1.016
1524,2018-12-04,0.0
1525,2018-12-05,1.016
1526,2018-12-06,2.032
1527,2018-12-07,0.0
1528,2018-12-08,0.0
1529,2018-12-09,0.0
1530,2018-12-10,0.0
1531,2018-12-11,0.0
1532,2018-12-12,4.064
1533,2018-12-13,0.0
1534,2018-12-14,4.064
1535,2018-12-15,0.0
1536,2018-12-16,0.0
1537,2018-12-17,0.0
1538,2018-12-18,2.032
1539,2018-12-19,1.016
1540,2018-12-20,0.0
1541,2018-12-21,0.0
1542,2018-12-22,1.016
1543,2018-12-23,0.0
1544,2018-12-24,0.0
1545,2018-12-25,0.0
1546,2018-12-26,0.0
1547,2018-12-27,0.0
1548,2018-12-28,0.0
1549,2018-12-29,0.0
1550,2018-12-30,0.0
1551,2018-12-31,0.0
1552,2019-01-01,0.0
1553,2019-01-02,0.0
1554,2019-01-03,0.0
1555,2019-01-04,0.0
1556,2019-01-05,0.0
1557,2019-01-06,0.0
1558,2019-01-07,0.0
1559,2019-01-08,0.0
1560,2019-01-09,3.048
1561,2019-01-10,0.0
1562,2019-01-11,10.16
1563,2019-01-12,0.0
1564,2019-01-13,0.0
1565,2019-01-14,0.0
1566,2019-01-15,0.0
1567,2019-01-16,4.064
1568,2019-01-17,1.016
1569,2019-01-18,4.064
1570,2019-01-19,1.016
1571,2019-01-20,0.0
1572,2019-01-21,3.048
1573,2019-01-22,1.016
1574,2019-01-23,0.0
1575,2019-01-24,0.0
1576,2019-01-25,0.0
1577,2019-01-26,0.0
1578,2019-01-27,0.0
1579,2019-01-28,2.032
1580,2019-01-29,0.0
1581,2019-01-30,4.064
1582,2019-01-31,0.0
1583,2019-02-01,0.0
1584,2019-02-02,0.0
1585,2019-02-03,0.0
1586,2019-02-04,0.0
1587,2019-02-05,0.0
1588,2019-02-06,0.0
1589,2019-02-07,0.0
1590,2019-02-08,0.0
1591,2019-02-09,9.144
1592,2019-02-10,12.192
1593,2019-02-11,2.032
1594,2019-02-12,0.0
1595,2019-02-13,0.0
1596,2019-02-14,4.064
1597,2019-02-15,0.0
1598,2019-02-16,0.0
1599,2019-02-17,0.0
1600,2019-02-18,0.0
1601,2019-02-19,0.0
1602,2019-02-20,0.0
1603,2019-02-21,0.0
1604,2019-02-22,0.0
1605,2019-02-23,0.0
1606,2019-02-24,0.0
1607,2019-02-25,0.0
1608,2019-02-26,0.0
1609,2019-02-27,0.0
1610,2019-02-28,0.0
1611,2019-03-01,0.0
1612,2019-03-02,0.0
1613,2019-03-03,0.0
1614,2019-03-04,0.0
1615,2019-03-05,0.0
1616,2019-03-06,0.0
1617,2019-03-07,3.048
1618,2019-03-08,5.08
1619,2019-03-09,2.032
1620,2019-03-10,2.032
1621,2019-03-11,1.016
1622,2019-03-12,1.016
1623,2019-03-13,0.0
1624,2019-03-14,0.0
1625,2019-03-15,0.0
1626,2019-03-16,0.0
1627,2019-03-17,0.0
1628,2019-03-18,0.0
1629,2019-03-19,0.0
1630,2019-03-20,0.0
1631,2019-03-21,0.0
1632,2019-03-22,0.0
1633,2019-03-23,0.0
1634,2019-03-24,2.032
1635,2019-03-25,4.064
1636,2019-03-26,1.016
1637,2019-03-27,0.0
1638,2019-03-28,0.0
1639,2019-03-29,5.08
1640,2019-03-30,0.0
1641,2019-03-31,0.0
1642,2019-04-01,0.0
1643,2019-04-02,0.0
1644,2019-04-03,0.0
1645,2019-04-04,3.048
1646,2019-04-05,1.016
1647,2019-04-06,0.0
1648,2019-04-07,4.064
1649,2019-04-08,0.0
1650,2019-04-09,0.0
1651,2019-04-10,0.0
1652,2019-04-11,0.0
1653,2019-04-12,0.0
1654,2019-04-13,0.0
1655,2019-04-14,0.0
1656,2019-04-15,0.0
1657,2019-04-16,0.0
1658,2019-04-17,7.112
1659,2019-04-18,1.016
1660,2019-04-19,0.0
1661,2019-04-20,0.0
1662,2019-04-21,22.352000000000004
1663,2019-04-22,34.544000000000004
1664,2019-04-23,1.016
1665,2019-04-24,0.0
1666,2019-04-25,0.0
1667,2019-04-26,0.0
1668,2019-04-27,0.0
1669,2019-04-28,4.064
1670,2019-04-29,0.0
1671,2019-04-30,0.0
1672,2019-05-01,0.0
1673,2019-05-02,0.0
1674,2019-05-03,0.0
1675,2019-05-04,0.0
1676,2019-05-05,0.0
1677,2019-05-06,0.0
1678,2019-05-07,3.048
1679,2019-05-08,2.032
1680,2019-05-09,12.192
1681,2019-05-10,1.016
1682,2019-05-11,4.064
1683,2019-05-12,4.064
1684,2019-05-13,0.0
1685,2019-05-14,0.0
1686,2019-05-15,2.032
1687,2019-05-16,41.656000000000006
1688,2019-05-17,1.016
1689,2019-05-18,8.128
1690,2019-05-19,7.112
1691,2019-05-20,78.256
1692,2019-05-21,5.08
1693,2019-05-22,0.0
1694,2019-05-23,14.224
1695,2019-05-24,0.0
1696,2019-05-25,2.032
1697,2019-05-26,0.0
1698,2019-05-27,1.016
1699,2019-05-28,1.016
1700,2019-05-29,0.0
1701,2019-05-30,0.0
1702,2019-05-31,5.08
1703,2019-06-01,4.064
1704,2019-06-02,51.816
1705,2019-06-03,0.0
1706,2019-06-04,22.351999999999997
1707,2019-06-05,55.88
1708,2019-06-06,7.112
1709,2019-06-07,1.016
1710,2019-06-08,0.0
1711,2019-06-09,10.16
1712,2019-06-10,70.10400000000001
1713,2019-06-11,1.016
1714,2019-06-12,4.064
1715,2019-06-13,10.16
1716,2019-06-14,5.08
1717,2019-06-15,1.016
1718,2019-06-16,9.144
1719,2019-06-17,5.08
1720,2019-06-18,0.0
1721,2019-06-19,0.0
1722,2019-06-20,22.351999999999997
1723,2019-06-21,15.24
1724,2019-06-22,2.032
1725,2019-06-23,4.064
1726,2019-06-24,13.208
1727,2019-06-25,8.128
1728,2019-06-26,39.62400000000001
1729,2019-06-27,25.400000000000002
1730,2019-06-28,43.688
1731,2019-06-29,6.096
1732,2019-06-30,26.415999999999997
1733,2019-07-01,1.016
1734,2019-07-02,73.15200000000002
1735,2019-07-03,1.016
1736,2019-07-04,7.112
1737,2019-07-05,1.016
1738,2019-07-06,0.0
1739,2019-07-07,0.0
1740,2019-07-08,12.192
1741,2019-07-09,13.208
1742,2019-07-10,8.128
1743,2019-07-11,61.976000000000006
1744,2019-07-12,4.064
1745,2019-07-13,8.128
1746,2019-07-14,94.488
1747,2019-07-15,69.08800000000001
1748,2019-07-16,29.464
1749,2019-07-17,0.0
1750,2019-07-18,14.224
1751,2019-07-19,0.0
1752,2019-07-20,5.08
1753,2019-07-21,0.0
1754,2019-07-22,0.0
1755,2019-07-23,3.048
1756,2019-07-24,13.208
1757,2019-07-25,1.016
1758,2019-07-26,4.064
1759,2019-07-27,2.032
1760,2019-07-28,1.016
1761,2019-07-29,1.016
1762,2019-07-30,1.016
1763,2019-07-31,9.144
1764,2019-08-01,7.112
1765,2019-08-02,24.383999999999997
1766,2019-08-03,2.032
1767,2019-08-04,4.064
1768,2019-08-05,6.096
1769,2019-08-06,69.096
1770,2019-08-07,3.048
1771,2019-08-08,0.0
1772,2019-08-09,0.0
1773,2019-08-10,22.351999999999997
1774,2019-08-11,9.144
1775,2019-08-12,15.24
1776,2019-08-13,32.512
1777,2019-08-14,51.816
1778,2019-08-15,3.048
1779,2019-08-16,27.431999999999995
1780,2019-08-17,0.0
1781,2019-08-18,2.032
1782,2019-08-19,0.0
1783,2019-08-20,12.192
1784,2019-08-21,5.08
1785,2019-08-22,85.344
1786,2019-08-23,0.0
1787,2019-08-24,38.592
1788,2019-08-25,24.384
1789,2019-08-26,1.016
1790,2019-08-27,32.512
1791,2019-08-28,4.064
1792,2019-08-29,67.056
1793,2019-08-30,0.0
1794,2019-08-31,0.0
1795,2019-09-01,3.048
1796,2019-09-02,0.0
1797,2019-09-03,1.016
1798,2019-09-04,0.0
1799,2019-09-05,46.736
1800,2019-09-06,9.144
1801,2019-09-07,1.016
1802,2019-09-08,9.144
1803,2019-09-09,1.016
1804,2019-09-10,1.016
1805,2019-09-11,1.016
1806,2019-09-12,19.304000000000002
1807,2019-09-13,22.351999999999997
1808,2019-09-14,0.0
1809,2019-09-15,4.064
1810,2019-09-16,24.384
1811,2019-09-17,1.016
1812,2019-09-18,4.064
1813,2019-09-19,15.24
1814,2019-09-20,0.0
1815,2019-09-21,0.0
1816,2019-09-22,0.0
1817,2019-09-23,0.0
1818,2019-09-24,0.0
1819,2019-09-25,0.0
1820,2019-09-26,0.0
1821,2019-09-27,0.0
1822,2019-09-28,0.0
1823,2019-09-29,52.831999999999994
1824,2019-09-30,88.4
1825,2019-10-01,1.016
1826,2019-10-02,0.0
1827,2019-10-03,0.0
1828,2019-10-04,0.0
1829,2019-10-05,8.128
1830,2019-10-06,8.128
1831,2019-10-07,19.304000000000002
1832,2019-10-08,0.0
1833,2019-10-09,68.072
1834,2019-10-10,6.096
1835,2019-10-11,100.6
1836,2019-10-12,3.048
1837,2019-10-13,3.048
1838,2019-10-14,1.016
1839,2019-10-15,0.0
1840,2019-10-16,62.983999999999995
1841,2019-10-17,3.048
1842,2019-10-18,0.0
1843,2019-10-19,3.048
1844,2019-10-20,0.0
1845,2019-10-21,2.032
1846,2019-10-22,0.0
1847,2019-10-23,29.464000000000002
1848,2019-10-24,2.032
1849,2019-10-25,1.016
1850,2019-10-26,0.0
1851,2019-10-27,87.39200000000001
1852,2019-10-28,3.048
1853,2019-10-29,6.096
1854,2019-10-30,1.016
1855,2019-10-31,16.256
1856,2019-11-01,38.60799999999998
1857,2019-11-02,52.832
1858,2019-11-03,71.12
1859,2019-11-04,2.032
1860,2019-11-05,3.048
1861,2019-11-06,1.016
1862,2019-11-07,2.032
1863,2019-11-08,1.016
1864,2019-11-09,1.016
1865,2019-11-10,1.016
1866,2019-11-11,15.24
1867,2019-11-12,47.752
1868,2019-11-13,12.192
1869,2019-11-14,6.096
1870,2019-11-15,13.208
1871,2019-11-16,65.024
1872,2019-11-17,3.048
1873,2019-11-18,2.032
1874,2019-11-19,5.08
1875,2019-11-20,0.0
1876,2019-11-21,1.016
1877,2019-11-22,23.368000000000002
1878,2019-11-23,0.0
1879,2019-11-24,35.56
1880,2019-11-25,1.016
1881,2019-11-26,0.0
1882,2019-11-27,3.048
1883,2019-11-28,28.448000000000004
1884,2019-11-29,33.528000000000006
1885,2019-11-30,7.112
1886,2019-12-01,0.0
