per,m_p90.0_wsnumber,m_p90.1_wsnumber,m_p90.2_wsnumber,m_p90.3_wsnumber,m_p90.4_wsnumber,m_p90.5_wsnumber,m_p90.6_wsnumber,m_p90.7_wsnumber,m_p90.8_wsnumber,m_p90.9_wsnumber,m_p91.0_wsnumber,m_p91.1_wsnumber,m_p91.2_wsnumber,m_p91.3_wsnumber,m_p91.4_wsnumber,m_p91.5_wsnumber,m_p91.6_wsnumber,m_p91.7_wsnumber,m_p91.8_wsnumber,m_p91.9_wsnumber,m_p92.0_wsnumber,m_p92.1_wsnumber,m_p92.2_wsnumber,m_p92.3_wsnumber,m_p92.4_wsnumber,m_p92.5_wsnumber,m_p92.6_wsnumber,m_p92.7_wsnumber,m_p92.8_wsnumber,m_p92.9_wsnumber,m_p93.0_wsnumber,m_p93.1_wsnumber,m_p93.2_wsnumber,m_p93.3_wsnumber,m_p93.4_wsnumber,m_p93.5_wsnumber,m_p93.6_wsnumber,m_p93.7_wsnumber,m_p93.8_wsnumber,m_p93.9_wsnumber,m_p94.0_wsnumber,m_p94.1_wsnumber,m_p94.2_wsnumber,m_p94.3_wsnumber,m_p94.4_wsnumber,m_p94.5_wsnumber,m_p94.6_wsnumber,m_p94.7_wsnumber,m_p94.8_wsnumber,m_p94.9_wsnumber,m_p95.0_wsnumber,m_p95.1_wsnumber,m_p95.2_wsnumber,m_p95.3_wsnumber,m_p95.4_wsnumber,m_p95.5_wsnumber,m_p95.6_wsnumber,m_p95.7_wsnumber,m_p95.8_wsnumber,m_p95.9_wsnumber,m_p96.0_wsnumber,m_p96.1_wsnumber,m_p96.2_wsnumber,m_p96.3_wsnumber,m_p96.4_wsnumber,m_p96.5_wsnumber,m_p96.6_wsnumber,m_p96.7_wsnumber,m_p96.8_wsnumber,m_p96.9_wsnumber,m_p97.0_wsnumber,m_p97.1_wsnumber,m_p97.2_wsnumber,m_p97.3_wsnumber,m_p97.4_wsnumber,m_p97.5_wsnumber,m_p97.6_wsnumber,m_p97.7_wsnumber,m_p97.8_wsnumber,m_p97.9_wsnumber,m_p98.0_wsnumber,m_p98.1_wsnumber,m_p98.2_wsnumber,m_p98.3_wsnumber,m_p98.4_wsnumber,m_p98.5_wsnumber,m_p98.6_wsnumber,m_p98.7_wsnumber,m_p98.8_wsnumber,m_p98.9_wsnumber,m_p99.0_wsnumber,m_p99.1_wsnumber,m_p99.2_wsnumber,m_p99.3_wsnumber,m_p99.4_wsnumber,m_p99.5_wsnumber,m_p99.6_wsnumber,m_p99.7_wsnumber,m_p99.8_wsnumber,m_p99.9_wsnumber,area
1,9.428571428571429,9.428571428571429,9.428571428571429,9.428571428571429,9.428571428571429,9.428571428571429,9.428571428571429,9.428571428571429,9.428571428571429,9.428571428571429,9.428571428571429,9.428571428571429,9.428571428571429,9.428571428571429,9.428571428571429,9.428571428571429,9.428571428571429,9.428571428571429,9.428571428571429,9.428571428571429,9.428571428571429,9.428571428571429,9.428571428571429,9.428571428571429,9.428571428571429,9.428571428571429,9.428571428571429,8.571428571428571,8.571428571428571,8.571428571428571,8.571428571428571,8.571428571428571,8.571428571428571,7.7142857142857135,7.7142857142857135,7.7142857142857135,7.7142857142857135,7.7142857142857135,7.7142857142857135,6.0,5.142857142857143,5.142857142857143,5.142857142857143,5.142857142857143,5.142857142857143,5.142857142857143,5.142857142857143,5.142857142857143,5.142857142857143,5.142857142857143,5.142857142857143,4.285714285714286,4.285714285714286,4.285714285714286,4.285714285714286,4.285714285714286,4.285714285714286,4.285714285714286,4.285714285714286,4.285714285714286,4.285714285714286,4.285714285714286,4.285714285714286,4.285714285714286,4.285714285714286,4.285714285714286,4.285714285714286,4.285714285714286,3.4285714285714284,3.4285714285714284,3.4285714285714284,3.4285714285714284,3.4285714285714284,3.4285714285714284,3.4285714285714284,3.4285714285714284,3.4285714285714284,3.4285714285714284,3.4285714285714284,3.4285714285714284,3.4285714285714284,3.4285714285714284,3.4285714285714284,3.4285714285714284,3.4285714285714284,3.4285714285714284,3.4285714285714284,3.4285714285714284,3.4285714285714284,3.4285714285714284,3.4285714285714284,2.5714285714285716,2.5714285714285716,2.5714285714285716,1.7142857142857142,1.7142857142857142,1.7142857142857142,0.8571428571428571,0.8571428571428571,0.0,185.70000000000002
2,11.428571428571427,11.428571428571427,11.428571428571427,11.428571428571427,11.428571428571427,11.428571428571427,11.428571428571427,11.428571428571427,11.428571428571427,11.428571428571427,11.428571428571427,11.428571428571427,11.428571428571427,11.428571428571427,11.428571428571427,10.0,10.0,10.0,10.0,8.571428571428571,8.571428571428571,8.571428571428571,8.571428571428571,8.571428571428571,8.571428571428571,8.571428571428571,8.571428571428571,8.571428571428571,8.571428571428571,8.571428571428571,8.571428571428571,8.571428571428571,8.571428571428571,8.571428571428571,8.571428571428571,8.571428571428571,8.571428571428571,8.571428571428571,8.571428571428571,8.571428571428571,8.571428571428571,8.571428571428571,8.571428571428571,7.142857142857142,7.142857142857142,7.142857142857142,7.142857142857142,7.142857142857142,7.142857142857142,7.142857142857142,7.142857142857142,7.142857142857142,7.142857142857142,7.142857142857142,5.7142857142857135,5.7142857142857135,5.7142857142857135,5.7142857142857135,5.7142857142857135,5.7142857142857135,5.7142857142857135,5.7142857142857135,5.7142857142857135,5.7142857142857135,5.7142857142857135,5.7142857142857135,4.285714285714286,4.285714285714286,4.285714285714286,4.285714285714286,4.285714285714286,4.285714285714286,4.285714285714286,4.285714285714286,4.285714285714286,4.285714285714286,2.8571428571428568,2.8571428571428568,2.8571428571428568,1.4285714285714284,1.4285714285714284,1.4285714285714284,1.4285714285714284,1.4285714285714284,1.4285714285714284,1.4285714285714284,1.4285714285714284,1.4285714285714284,1.4285714285714284,1.4285714285714284,1.4285714285714284,1.4285714285714284,1.4285714285714284,1.4285714285714284,1.4285714285714284,1.4285714285714284,1.4285714285714284,0.0,0.0,0.0,628.4714285714285
3,181.5,180.0,169.5,169.5,163.5,162.0,160.5,157.5,156.0,154.5,154.5,151.5,148.5,141.0,139.5,138.0,136.5,135.0,135.0,132.0,132.0,127.5,127.5,122.99999999999999,120.0,118.5,117.0,114.0,111.0,109.5,108.0,108.0,103.5,97.5,96.0,94.5,94.5,94.5,93.0,87.0,87.0,87.0,87.0,87.0,85.5,85.5,85.5,84.0,79.5,73.5,69.0,67.5,66.0,66.0,66.0,63.0,58.5,57.0,54.0,51.0,49.5,45.0,43.5,42.0,40.5,36.0,36.0,36.0,36.0,33.0,31.5,31.5,28.5,28.5,28.5,27.0,25.5,22.5,19.5,19.5,18.0,18.0,18.0,16.5,16.5,15.0,15.0,10.5,9.0,9.0,7.5,4.5,4.5,3.0,1.5,1.5,1.5,1.5,1.5,1.5,830.13
4,401.25,397.5,386.25,386.25,382.5,373.75,370.0,363.75,358.75,357.5,357.5,352.5,352.5,350.0,348.75,342.5,341.25,340.0,337.5,331.25,326.25,316.25,313.75,313.75,308.75,305.0,302.5,302.5,297.5,293.75,291.25,288.75,285.0,280.0,277.5,270.0,268.75,262.5,260.0,256.25,246.25000000000003,241.24999999999997,240.0,237.5,228.75,221.25,215.0,208.75,207.5,207.5,205.0,202.5,200.0,195.0,190.0,188.75,183.75,175.0,170.0,166.25,163.75,157.5,153.75,150.0,146.25,143.75,136.25,133.75,132.5,127.5,123.75,121.25000000000001,113.75,111.25,106.25,102.5,97.5,93.75,91.25,85.0,83.75,82.5,78.75,75.0,65.0,61.24999999999999,58.75,56.25,50.0,46.25,40.0,32.5,26.25,22.5,20.0,16.25,12.5,10.0,6.25,3.75,410.34999999999997
5,775.3125,766.875,760.3125,760.3125,742.5,731.25,722.8125,717.1875,706.875,704.0625,699.375,685.3125,679.6875,666.5625,660.0,646.875,639.375,629.0625,621.5625,612.1875,609.375,601.875,598.125,590.625,579.375,573.75,566.25,561.5625,554.0625,545.625,535.3125,525.9375,512.8125,497.8125,492.1875,484.6875,481.875,466.875,451.875,442.5,437.8125,434.0625,425.625,418.125,409.6875,402.1875,395.625,389.0625,383.4375,378.75,372.1875,359.0625,347.8125,340.3125,331.875,325.3125,317.8125,306.5625,296.25,289.6875,284.0625,270.9375,263.4375,252.1875,239.0625,233.4375,225.0,220.3125,210.0,202.5,194.0625,188.4375,180.9375,173.4375,165.0,157.5,149.0625,140.625,133.125,129.375,120.0,115.3125,110.625,106.875,98.4375,93.75,85.3125,78.75,72.1875,69.375,63.75,60.9375,54.375,42.1875,33.75,27.1875,25.3125,19.6875,15.0,6.5625,579.1031250000001
6,1135.7142857142856,1129.2857142857144,1118.5714285714284,1118.5714285714284,1110.0,1088.5714285714284,1080.0,1071.4285714285716,1058.5714285714284,1047.857142857143,1043.5714285714284,1030.7142857142856,1026.4285714285716,1022.1428571428571,1011.4285714285714,985.7142857142857,981.4285714285714,970.7142857142857,962.1428571428571,951.4285714285714,945.0,938.5714285714286,938.5714285714286,921.4285714285714,908.5714285714286,906.4285714285714,897.8571428571428,889.2857142857142,867.8571428571428,855.0,850.7142857142858,846.4285714285714,844.2857142857142,818.5714285714286,814.2857142857142,812.1428571428572,807.8571428571428,786.4285714285714,771.4285714285714,758.5714285714286,752.1428571428572,745.7142857142858,737.1428571428572,720.0,709.2857142857142,700.7142857142858,687.8571428571428,675.0,668.5714285714286,664.2857142857142,657.8571428571428,640.7142857142858,630.0,617.1428571428572,595.7142857142858,585.0,580.7142857142858,574.2857142857142,559.2857142857142,544.2857142857142,518.5714285714286,503.57142857142856,490.7142857142857,475.7142857142857,469.2857142857143,452.1428571428571,432.8571428571429,428.5714285714286,420.0,405.0,385.7142857142857,370.7142857142857,360.0,349.2857142857143,347.1428571428571,342.8571428571429,332.1428571428571,312.8571428571429,302.1428571428571,287.1428571428571,267.8571428571429,259.2857142857143,250.71428571428572,248.57142857142858,235.7142857142857,220.7142857142857,205.7142857142857,203.57142857142856,195.0,182.14285714285714,173.57142857142856,150.0,139.2857142857143,122.14285714285714,111.42857142857143,96.42857142857143,77.14285714285715,51.42857142857142,34.285714285714285,23.57142857142857,1429.9071428571426
7,1073.142857142857,1065.4285714285713,1050.857142857143,1050.857142857143,1034.5714285714287,1026.857142857143,1019.142857142857,1016.5714285714286,1008.0,1002.8571428571429,995.1428571428571,981.4285714285714,978.0,965.1428571428571,963.4285714285714,950.5714285714286,946.2857142857143,936.8571428571429,931.7142857142857,921.4285714285714,918.0,901.7142857142857,897.4285714285714,888.0,872.5714285714286,866.5714285714286,857.1428571428572,851.1428571428571,837.4285714285714,822.8571428571428,812.5714285714286,807.4285714285714,793.7142857142857,785.1428571428571,780.0,768.8571428571429,759.4285714285714,744.0,732.0,717.4285714285714,708.8571428571429,706.2857142857143,696.8571428571429,688.2857142857143,678.0,664.2857142857142,653.1428571428571,642.0,632.5714285714286,626.5714285714286,616.2857142857143,600.8571428571429,595.7142857142858,587.1428571428572,572.5714285714286,566.5714285714286,553.7142857142857,542.5714285714286,528.0,511.7142857142857,498.8571428571429,481.7142857142857,474.8571428571429,470.57142857142856,462.8571428571429,453.42857142857144,436.2857142857143,431.14285714285717,418.2857142857143,405.42857142857144,390.85714285714283,375.42857142857144,361.7142857142857,353.14285714285717,333.42857142857144,319.7142857142857,306.0,295.7142857142857,285.42857142857144,277.7142857142857,270.0,258.0,245.1428571428571,228.0,214.2857142857143,205.7142857142857,199.71428571428572,180.0,167.14285714285714,154.2857142857143,144.0,127.71428571428571,116.57142857142857,105.42857142857143,91.71428571428571,77.14285714285715,61.71428571428571,47.14285714285714,35.142857142857146,22.285714285714285,211.49142857142857
8,825.7142857142858,821.4285714285713,814.2857142857142,814.2857142857142,810.0,800.0,794.2857142857142,790.0,777.1428571428571,777.1428571428571,771.4285714285714,771.4285714285714,768.5714285714287,758.5714285714286,748.5714285714286,741.4285714285714,735.7142857142858,727.1428571428571,724.2857142857142,711.4285714285714,704.2857142857142,691.4285714285714,684.2857142857143,677.1428571428572,670.0,670.0,664.2857142857142,660.0,652.8571428571429,648.5714285714287,640.0,634.2857142857142,627.1428571428571,615.7142857142858,608.5714285714286,601.4285714285714,600.0,592.8571428571429,584.2857142857142,574.2857142857142,562.8571428571429,555.7142857142858,551.4285714285713,542.8571428571429,538.5714285714286,532.8571428571429,524.2857142857142,508.57142857142856,504.28571428571433,500.00000000000006,497.14285714285717,485.71428571428567,478.57142857142856,471.4285714285714,454.2857142857143,441.4285714285714,431.42857142857144,427.1428571428571,412.8571428571429,411.4285714285714,405.7142857142857,394.2857142857143,388.57142857142856,377.1428571428571,371.42857142857144,354.28571428571433,341.42857142857144,338.5714285714286,338.5714285714286,332.85714285714283,324.28571428571433,312.8571428571429,304.2857142857143,292.8571428571429,282.8571428571429,274.2857142857143,267.14285714285717,258.57142857142856,251.42857142857144,237.14285714285717,227.14285714285714,215.71428571428572,191.42857142857144,181.42857142857142,162.85714285714286,150.0,145.7142857142857,132.85714285714286,124.28571428571429,117.14285714285714,110.0,98.57142857142857,84.28571428571428,68.57142857142857,60.0,54.285714285714285,42.85714285714286,38.57142857142858,22.857142857142854,10.0,74.97142857142858
9,218.57142857142856,218.57142857142856,216.42857142857144,216.42857142857144,213.2142857142857,207.85714285714286,205.7142857142857,202.5,193.92857142857144,191.7857142857143,187.5,177.85714285714286,174.64285714285714,172.5,169.2857142857143,165.0,162.85714285714286,159.64285714285714,158.57142857142856,153.2142857142857,152.14285714285714,145.7142857142857,145.7142857142857,143.57142857142856,140.35714285714286,139.2857142857143,138.2142857142857,138.2142857142857,132.85714285714286,125.35714285714286,123.21428571428571,122.14285714285714,118.92857142857143,117.85714285714285,116.78571428571428,115.71428571428572,113.57142857142857,110.35714285714285,110.35714285714285,110.35714285714285,106.07142857142857,105.0,99.64285714285715,93.21428571428572,91.07142857142857,88.92857142857143,86.78571428571428,84.64285714285715,81.42857142857143,80.35714285714285,79.28571428571428,76.07142857142857,72.85714285714285,69.64285714285715,69.64285714285715,66.42857142857143,64.28571428571428,62.142857142857146,58.92857142857142,56.785714285714285,55.714285714285715,51.42857142857142,49.285714285714285,46.07142857142858,46.07142857142858,45.0,40.714285714285715,38.57142857142858,36.42857142857142,35.35714285714286,35.35714285714286,34.285714285714285,30.0,27.857142857142858,23.57142857142857,20.357142857142858,18.21428571428571,18.21428571428571,13.928571428571429,13.928571428571429,11.785714285714285,11.785714285714285,11.785714285714285,10.714285714285715,9.642857142857144,8.571428571428571,7.5,6.428571428571428,5.357142857142858,3.214285714285714,2.142857142857143,1.0714285714285714,0.0,0.0,0.0,0.0,0.0,0.0,0.0,0.0,178.99285714285716
10,75.71428571428571,75.71428571428571,72.85714285714285,72.85714285714285,71.42857142857143,71.42857142857143,71.42857142857143,70.0,67.14285714285714,64.28571428571428,61.42857142857142,61.42857142857142,61.42857142857142,61.42857142857142,61.42857142857142,60.0,57.14285714285714,55.714285714285715,55.714285714285715,52.857142857142854,52.857142857142854,52.857142857142854,52.857142857142854,52.857142857142854,50.0,50.0,50.0,48.57142857142857,45.71428571428571,45.71428571428571,45.71428571428571,44.28571428571429,44.28571428571429,44.28571428571429,44.28571428571429,44.28571428571429,44.28571428571429,44.28571428571429,41.42857142857143,40.0,38.57142857142858,38.57142857142858,38.57142857142858,37.142857142857146,37.142857142857146,37.142857142857146,37.142857142857146,37.142857142857146,37.142857142857146,35.714285714285715,34.285714285714285,34.285714285714285,34.285714285714285,34.285714285714285,32.85714285714286,31.42857142857143,30.0,28.57142857142857,27.142857142857142,27.142857142857142,25.71428571428571,25.71428571428571,24.285714285714285,21.42857142857143,20.0,18.571428571428573,17.142857142857142,15.714285714285715,14.285714285714285,14.285714285714285,14.285714285714285,12.857142857142856,12.857142857142856,12.857142857142856,12.857142857142856,12.857142857142856,11.428571428571427,10.0,7.142857142857142,7.142857142857142,5.7142857142857135,5.7142857142857135,5.7142857142857135,5.7142857142857135,5.7142857142857135,5.7142857142857135,5.7142857142857135,5.7142857142857135,5.7142857142857135,5.7142857142857135,2.8571428571428568,2.8571428571428568,2.8571428571428568,2.8571428571428568,2.8571428571428568,2.8571428571428568,2.8571428571428568,1.4285714285714284,1.4285714285714284,1.4285714285714284,1213.6857142857143
11,183.1578947368421,183.1578947368421,180.0,180.0,178.42105263157896,173.6842105263158,164.21052631578948,162.63157894736844,159.47368421052633,154.73684210526315,153.1578947368421,148.42105263157896,146.8421052631579,142.10526315789474,135.78947368421052,131.05263157894737,127.89473684210527,124.73684210526316,120.0,110.52631578947368,110.52631578947368,104.21052631578948,102.63157894736842,101.05263157894737,99.47368421052632,99.47368421052632,99.47368421052632,97.89473684210526,90.0,83.68421052631578,83.68421052631578,82.10526315789474,78.94736842105263,77.36842105263158,74.21052631578948,67.89473684210526,67.89473684210526,61.578947368421055,56.84210526315789,56.84210526315789,55.26315789473684,53.68421052631579,50.526315789473685,47.36842105263158,44.21052631578947,44.21052631578947,44.21052631578947,37.89473684210526,36.31578947368421,34.73684210526316,34.73684210526316,33.15789473684211,33.15789473684211,33.15789473684211,31.57894736842105,30.0,25.263157894736842,25.263157894736842,25.263157894736842,23.68421052631579,23.68421052631579,20.526315789473685,18.94736842105263,18.94736842105263,18.94736842105263,17.36842105263158,14.210526315789473,14.210526315789473,14.210526315789473,14.210526315789473,14.210526315789473,14.210526315789473,14.210526315789473,12.631578947368421,12.631578947368421,11.052631578947368,9.473684210526315,9.473684210526315,9.473684210526315,9.473684210526315,3.1578947368421053,3.1578947368421053,3.1578947368421053,3.1578947368421053,1.5789473684210527,1.5789473684210527,1.5789473684210527,1.5789473684210527,1.5789473684210527,1.5789473684210527,1.5789473684210527,1.5789473684210527,1.5789473684210527,1.5789473684210527,0.0,0.0,0.0,0.0,0.0,0.0,424.1052631578948
12,154.0,152.0,144.0,144.0,144.0,138.0,138.0,138.0,128.0,124.00000000000001,124.00000000000001,124.00000000000001,124.00000000000001,120.0,114.0,108.0,108.0,106.0,106.0,102.0,102.0,96.0,96.0,90.0,86.0,86.0,86.0,82.0,78.0,78.0,74.0,74.0,70.0,66.0,64.0,64.0,64.0,64.0,64.0,62.00000000000001,58.0,58.0,52.0,52.0,44.0,42.0,34.0,34.0,34.0,30.0,28.0,28.0,28.0,26.0,26.0,24.0,24.0,22.0,20.0,20.0,20.0,18.0,18.0,18.0,18.0,18.0,16.0,16.0,14.0,14.0,14.0,12.0,10.0,8.0,8.0,8.0,8.0,8.0,8.0,8.0,8.0,6.0,6.0,4.0,2.0,2.0,2.0,2.0,2.0,2.0,2.0,2.0,2.0,2.0,2.0,0.0,0.0,0.0,0.0,0.0,503.64
13,129.16666666666666,129.16666666666666,126.66666666666667,126.66666666666667,120.83333333333333,120.0,118.33333333333334,115.83333333333333,115.83333333333333,115.0,112.5,109.16666666666667,109.16666666666667,105.0,102.5,100.0,99.16666666666666,93.33333333333333,90.83333333333333,89.16666666666667,89.16666666666667,83.33333333333333,81.66666666666667,77.5,76.66666666666666,75.0,70.83333333333333,70.0,68.33333333333333,66.66666666666667,61.66666666666666,60.83333333333333,59.16666666666667,57.5,55.833333333333336,54.166666666666664,53.33333333333333,51.66666666666667,50.0,48.333333333333336,47.5,46.666666666666664,46.666666666666664,45.0,43.333333333333336,41.666666666666664,40.0,39.166666666666664,39.166666666666664,38.33333333333333,36.66666666666667,35.833333333333336,35.0,33.333333333333336,30.83333333333333,30.83333333333333,29.166666666666668,26.666666666666664,25.0,25.0,24.166666666666668,22.5,22.5,22.5,21.666666666666668,20.0,19.166666666666664,18.333333333333336,17.5,17.5,15.833333333333334,13.333333333333332,12.5,11.666666666666666,10.0,9.166666666666668,7.5,7.5,7.5,7.5,7.5,5.833333333333333,5.833333333333333,4.166666666666667,4.166666666666667,4.166666666666667,3.333333333333333,2.5,2.5,2.5,1.6666666666666665,1.6666666666666665,1.6666666666666665,0.8333333333333333,0.8333333333333333,0.0,0.0,0.0,0.0,0.0,1051.4666666666667
14,35.0,35.0,34.166666666666664,34.166666666666664,33.333333333333336,30.83333333333333,29.166666666666668,29.166666666666668,26.666666666666664,26.666666666666664,25.833333333333336,23.333333333333332,23.333333333333332,22.5,21.666666666666668,20.833333333333332,20.833333333333332,20.0,20.0,20.0,20.0,18.333333333333336,17.5,16.666666666666668,16.666666666666668,16.666666666666668,15.833333333333334,15.833333333333334,15.833333333333334,15.833333333333334,15.833333333333334,15.833333333333334,14.166666666666666,14.166666666666666,13.333333333333332,13.333333333333332,13.333333333333332,13.333333333333332,13.333333333333332,13.333333333333332,12.5,11.666666666666666,11.666666666666666,10.0,10.0,10.0,10.0,10.0,8.333333333333334,8.333333333333334,7.5,7.5,7.5,7.5,6.666666666666666,6.666666666666666,6.666666666666666,5.833333333333333,5.833333333333333,5.0,4.166666666666667,2.5,2.5,2.5,2.5,2.5,2.5,1.6666666666666665,1.6666666666666665,1.6666666666666665,0.8333333333333333,0.8333333333333333,0.8333333333333333,0.8333333333333333,0.8333333333333333,0.8333333333333333,0.8333333333333333,0.8333333333333333,0.8333333333333333,0.8333333333333333,0.8333333333333333,0.8333333333333333,0.8333333333333333,0.8333333333333333,0.8333333333333333,0.8333333333333333,0.8333333333333333,0.8333333333333333,0.8333333333333333,0.8333333333333333,0.8333333333333333,0.8333333333333333,0.8333333333333333,0.8333333333333333,0.8333333333333333,0.8333333333333333,0.0,0.0,0.0,0.0,1045.2833333333333
16,38.57142857142858,38.57142857142858,38.57142857142858,38.57142857142858,38.57142857142858,38.57142857142858,38.57142857142858,36.42857142857142,36.42857142857142,36.42857142857142,34.285714285714285,30.0,30.0,30.0,30.0,30.0,30.0,27.857142857142858,27.857142857142858,27.857142857142858,27.857142857142858,23.57142857142857,23.57142857142857,23.57142857142857,23.57142857142857,23.57142857142857,23.57142857142857,21.42857142857143,21.42857142857143,21.42857142857143,21.42857142857143,21.42857142857143,19.28571428571429,12.857142857142856,12.857142857142856,12.857142857142856,12.857142857142856,10.714285714285715,8.571428571428571,6.428571428571428,6.428571428571428,6.428571428571428,6.428571428571428,6.428571428571428,6.428571428571428,6.428571428571428,6.428571428571428,6.428571428571428,6.428571428571428,6.428571428571428,6.428571428571428,6.428571428571428,6.428571428571428,6.428571428571428,6.428571428571428,6.428571428571428,6.428571428571428,6.428571428571428,4.285714285714286,4.285714285714286,4.285714285714286,4.285714285714286,4.285714285714286,4.285714285714286,2.142857142857143,2.142857142857143,2.142857142857143,2.142857142857143,2.142857142857143,2.142857142857143,2.142857142857143,2.142857142857143,2.142857142857143,2.142857142857143,2.142857142857143,2.142857142857143,2.142857142857143,2.142857142857143,2.142857142857143,2.142857142857143,2.142857142857143,2.142857142857143,2.142857142857143,2.142857142857143,2.142857142857143,0.0,0.0,0.0,0.0,0.0,0.0,0.0,0.0,0.0,0.0,0.0,0.0,0.0,0.0,0.0,2609.764285714286
17,13.571428571428571,13.571428571428571,13.571428571428571,13.571428571428571,13.571428571428571,13.571428571428571,13.571428571428571,13.571428571428571,13.571428571428571,13.571428571428571,13.571428571428571,13.571428571428571,13.571428571428571,13.571428571428571,13.571428571428571,13.571428571428571,13.571428571428571,13.571428571428571,13.571428571428571,12.857142857142856,12.857142857142856,12.857142857142856,12.857142857142856,12.142857142857142,12.142857142857142,11.428571428571427,11.428571428571427,11.428571428571427,11.428571428571427,10.714285714285715,10.714285714285715,10.0,10.0,8.571428571428571,8.571428571428571,8.571428571428571,8.571428571428571,8.571428571428571,7.857142857142858,7.142857142857142,7.142857142857142,7.142857142857142,7.142857142857142,7.142857142857142,7.142857142857142,6.428571428571428,5.7142857142857135,5.7142857142857135,5.0,5.0,5.0,5.0,5.0,5.0,5.0,5.0,4.285714285714286,4.285714285714286,4.285714285714286,4.285714285714286,4.285714285714286,4.285714285714286,4.285714285714286,4.285714285714286,4.285714285714286,4.285714285714286,4.285714285714286,4.285714285714286,4.285714285714286,4.285714285714286,4.285714285714286,4.285714285714286,4.285714285714286,4.285714285714286,4.285714285714286,3.571428571428571,3.571428571428571,3.571428571428571,3.571428571428571,3.571428571428571,3.571428571428571,3.571428571428571,3.571428571428571,3.571428571428571,3.571428571428571,3.571428571428571,3.571428571428571,3.571428571428571,3.571428571428571,3.571428571428571,2.8571428571428568,2.8571428571428568,2.8571428571428568,2.8571428571428568,2.8571428571428568,2.8571428571428568,2.142857142857143,2.142857142857143,1.4285714285714284,1.4285714285714284,8040.857142857144
18,13.943661971830986,13.943661971830986,13.52112676056338,13.52112676056338,13.52112676056338,12.253521126760564,12.253521126760564,12.253521126760564,12.253521126760564,12.253521126760564,12.253521126760564,11.830985915492956,11.830985915492956,11.408450704225352,11.408450704225352,10.985915492957746,10.985915492957746,10.140845070422536,10.140845070422536,9.71830985915493,9.71830985915493,9.71830985915493,8.873239436619718,8.873239436619718,8.450704225352114,8.450704225352114,8.028169014084506,8.028169014084506,8.028169014084506,7.605633802816901,7.183098591549295,7.183098591549295,6.76056338028169,6.338028169014084,5.915492957746478,5.492957746478873,5.070422535211268,4.647887323943662,4.225352112676057,4.225352112676057,4.225352112676057,4.225352112676057,4.225352112676057,4.225352112676057,4.225352112676057,4.225352112676057,4.225352112676057,4.225352112676057,3.8028169014084505,3.8028169014084505,3.8028169014084505,3.8028169014084505,3.8028169014084505,3.380281690140845,3.380281690140845,3.380281690140845,3.380281690140845,3.380281690140845,3.380281690140845,2.957746478873239,2.957746478873239,2.957746478873239,2.535211267605634,1.6901408450704225,1.6901408450704225,1.6901408450704225,1.6901408450704225,1.6901408450704225,1.6901408450704225,1.6901408450704225,1.6901408450704225,1.6901408450704225,1.6901408450704225,1.6901408450704225,1.6901408450704225,1.6901408450704225,1.6901408450704225,1.267605633802817,1.267605633802817,1.267605633802817,1.267605633802817,1.267605633802817,0.8450704225352113,0.8450704225352113,0.8450704225352113,0.8450704225352113,0.4225352112676056,0.4225352112676056,0.4225352112676056,0.4225352112676056,0.0,0.0,0.0,0.0,0.0,0.0,0.0,0.0,0.0,0.0,1050.1225352112674
19,9.642857142857144,8.571428571428571,8.571428571428571,8.571428571428571,7.5,7.5,7.5,7.5,6.428571428571428,6.428571428571428,6.428571428571428,6.428571428571428,6.428571428571428,6.428571428571428,6.428571428571428,6.428571428571428,6.428571428571428,6.428571428571428,6.428571428571428,6.428571428571428,6.428571428571428,6.428571428571428,6.428571428571428,6.428571428571428,6.428571428571428,6.428571428571428,6.428571428571428,6.428571428571428,6.428571428571428,6.428571428571428,6.428571428571428,6.428571428571428,6.428571428571428,6.428571428571428,6.428571428571428,6.428571428571428,6.428571428571428,5.357142857142858,5.357142857142858,5.357142857142858,5.357142857142858,5.357142857142858,5.357142857142858,5.357142857142858,5.357142857142858,4.285714285714286,4.285714285714286,4.285714285714286,4.285714285714286,4.285714285714286,4.285714285714286,4.285714285714286,4.285714285714286,4.285714285714286,4.285714285714286,4.285714285714286,4.285714285714286,3.214285714285714,3.214285714285714,3.214285714285714,3.214285714285714,3.214285714285714,3.214285714285714,3.214285714285714,2.142857142857143,1.0714285714285714,1.0714285714285714,1.0714285714285714,1.0714285714285714,0.0,0.0,0.0,0.0,0.0,0.0,0.0,0.0,0.0,0.0,0.0,0.0,0.0,0.0,0.0,0.0,0.0,0.0,0.0,0.0,0.0,0.0,0.0,0.0,0.0,0.0,0.0,0.0,0.0,0.0,0.0,269.36785714285713
20,35.625,35.625,35.15625,35.15625,35.15625,33.28125,33.28125,33.28125,32.34375,32.34375,32.34375,32.34375,31.875,31.40625,30.9375,30.46875,30.0,30.0,29.53125,28.59375,28.59375,28.125,28.125,27.65625,27.65625,27.1875,27.1875,27.1875,26.71875,26.71875,26.25,24.84375,24.84375,24.84375,24.84375,24.375,23.4375,21.09375,20.625,20.625,19.6875,19.6875,19.6875,19.6875,19.6875,19.21875,19.21875,18.75,17.8125,17.8125,17.8125,17.34375,17.34375,17.34375,16.40625,16.40625,16.40625,16.40625,15.46875,15.46875,15.46875,14.0625,14.0625,14.0625,14.0625,13.125,12.65625,12.1875,12.1875,11.71875,11.25,9.84375,9.375,8.90625,8.4375,8.4375,8.4375,8.4375,7.96875,7.03125,6.5625,6.09375,5.625,5.15625,5.15625,4.6875,4.21875,3.28125,2.8125,2.8125,2.34375,2.34375,2.34375,1.875,1.875,1.875,0.9375,0.9375,0.9375,0.9375,711.28125
21,615.3658536585366,611.7073170731708,601.4634146341463,601.4634146341463,594.1463414634146,584.6341463414634,579.5121951219512,573.6585365853658,567.8048780487804,563.048780487805,559.7560975609756,549.5121951219512,546.219512195122,539.2682926829268,534.8780487804878,526.829268292683,523.5365853658537,516.219512195122,512.5609756097562,504.8780487804878,498.6585365853658,493.17073170731703,490.24390243902434,481.46341463414626,475.9756097560975,472.3170731707317,460.609756097561,453.6585365853658,447.0731707317073,440.4878048780488,431.70731707317077,429.5121951219512,425.1219512195122,419.6341463414634,415.9756097560975,411.95121951219517,408.6585365853658,402.8048780487805,395.4878048780488,388.9024390243902,380.1219512195122,377.9268292682927,372.4390243902439,362.5609756097561,356.70731707317077,349.390243902439,345.0,341.3414634146342,332.1951219512195,327.4390243902439,320.1219512195122,311.70731707317077,305.4878048780488,299.26829268292687,287.9268292682927,282.4390243902439,278.7804878048781,275.8536585365854,268.5365853658537,263.7804878048781,257.9268292682927,248.78048780487805,241.8292682926829,236.70731707317074,231.58536585365854,227.5609756097561,219.8780487804878,214.7560975609756,209.63414634146343,205.60975609756096,200.1219512195122,190.97560975609758,182.9268292682927,175.97560975609758,171.58536585365854,166.8292682926829,160.97560975609758,156.21951219512195,149.63414634146343,143.41463414634146,139.02439024390242,131.70731707317074,125.85365853658537,121.09756097560974,116.70731707317073,111.95121951219512,105.73170731707317,97.68292682926828,93.65853658536585,85.97560975609755,79.02439024390245,74.63414634146342,66.21951219512195,60.0,53.048780487804876,47.5609756097561,39.87804878048781,30.0,21.21951219512195,9.878048780487806,193.13780487804877
22,668.918918918919,661.6216216216216,655.1351351351352,655.1351351351352,646.2162162162163,635.6756756756757,633.2432432432432,626.7567567567568,616.2162162162163,612.1621621621622,604.0540540540541,591.8918918918919,585.4054054054054,578.918918918919,572.4324324324324,564.3243243243243,557.0270270270271,546.4864864864866,543.2432432432432,535.1351351351352,532.7027027027027,522.9729729729729,521.3513513513514,518.918918918919,509.18918918918916,501.8918918918919,493.7837837837838,490.5405405405405,480.0,473.51351351351354,469.4594594594595,463.7837837837838,455.6756756756757,442.7027027027027,437.83783783783787,434.5945945945946,430.5405405405405,423.2432432432433,417.5675675675676,408.64864864864865,402.16216216216213,399.72972972972974,392.4324324324324,382.7027027027027,377.02702702702703,369.72972972972974,356.7567567567567,349.4594594594595,341.35135135135135,338.9189189189189,331.6216216216216,322.7027027027027,317.02702702702703,309.72972972972974,299.1891891891892,292.7027027027027,287.83783783783787,282.97297297297297,277.2972972972973,272.4324324324324,268.3783783783784,261.8918918918919,252.97297297297294,240.0,231.8918918918919,226.2162162162162,212.43243243243242,209.1891891891892,197.83783783783784,187.2972972972973,180.0,175.13513513513513,171.08108108108107,161.35135135135135,154.05405405405406,145.94594594594594,139.45945945945945,130.54054054054055,128.91891891891893,119.18918918918918,112.7027027027027,105.4054054054054,98.1081081081081,90.0,84.32432432432432,77.02702702702703,72.16216216216216,64.05405405405405,55.13513513513514,51.891891891891895,44.59459459459459,39.72972972972973,37.2972972972973,30.0,25.135135135135133,20.27027027027027,14.594594594594595,12.162162162162163,8.108108108108109,4.864864864864865,506.79729729729723
23,19.615384615384617,19.615384615384617,19.615384615384617,19.615384615384617,19.615384615384617,18.461538461538463,18.461538461538463,18.461538461538463,18.461538461538463,18.461538461538463,18.461538461538463,16.153846153846153,16.153846153846153,16.153846153846153,16.153846153846153,15.0,15.0,13.846153846153847,13.846153846153847,13.846153846153847,13.846153846153847,12.692307692307692,12.692307692307692,11.538461538461538,10.384615384615385,10.384615384615385,10.384615384615385,10.384615384615385,10.384615384615385,10.384615384615385,10.384615384615385,10.384615384615385,10.384615384615385,10.384615384615385,10.384615384615385,8.076923076923077,6.923076923076923,6.923076923076923,6.923076923076923,6.923076923076923,5.769230769230769,5.769230769230769,5.769230769230769,5.769230769230769,5.769230769230769,4.615384615384616,4.615384615384616,4.615384615384616,4.615384615384616,4.615384615384616,4.615384615384616,4.615384615384616,4.615384615384616,3.4615384615384617,3.4615384615384617,3.4615384615384617,3.4615384615384617,3.4615384615384617,2.307692307692308,2.307692307692308,1.153846153846154,1.153846153846154,1.153846153846154,1.153846153846154,1.153846153846154,1.153846153846154,1.153846153846154,1.153846153846154,1.153846153846154,1.153846153846154,1.153846153846154,1.153846153846154,1.153846153846154,1.153846153846154,1.153846153846154,1.153846153846154,1.153846153846154,1.153846153846154,1.153846153846154,1.153846153846154,1.153846153846154,1.153846153846154,1.153846153846154,1.153846153846154,1.153846153846154,1.153846153846154,1.153846153846154,1.153846153846154,1.153846153846154,0.0,0.0,0.0,0.0,0.0,0.0,0.0,0.0,0.0,0.0,0.0,202.78846153846155
24,15.0,15.0,15.0,15.0,15.0,15.0,15.0,14.166666666666666,13.333333333333332,13.333333333333332,12.5,12.5,12.5,11.666666666666666,11.666666666666666,11.666666666666666,11.666666666666666,11.666666666666666,11.666666666666666,11.666666666666666,10.833333333333334,10.833333333333334,10.833333333333334,10.833333333333334,10.0,10.0,10.0,10.0,10.0,9.166666666666668,9.166666666666668,9.166666666666668,7.5,7.5,7.5,7.5,7.5,7.5,7.5,7.5,7.5,7.5,7.5,6.666666666666666,6.666666666666666,6.666666666666666,6.666666666666666,5.833333333333333,5.833333333333333,5.833333333333333,5.833333333333333,5.833333333333333,5.833333333333333,5.833333333333333,5.0,5.0,5.0,5.0,5.0,5.0,4.166666666666667,4.166666666666667,4.166666666666667,4.166666666666667,4.166666666666667,4.166666666666667,4.166666666666667,4.166666666666667,4.166666666666667,4.166666666666667,4.166666666666667,4.166666666666667,4.166666666666667,4.166666666666667,4.166666666666667,4.166666666666667,4.166666666666667,4.166666666666667,4.166666666666667,4.166666666666667,4.166666666666667,4.166666666666667,3.333333333333333,3.333333333333333,3.333333333333333,3.333333333333333,3.333333333333333,3.333333333333333,3.333333333333333,3.333333333333333,3.333333333333333,3.333333333333333,3.333333333333333,3.333333333333333,2.5,1.6666666666666665,1.6666666666666665,1.6666666666666665,0.8333333333333333,0.8333333333333333,469.06666666666666
25,5.571428571428571,5.142857142857143,4.714285714285714,4.714285714285714,4.714285714285714,4.714285714285714,4.714285714285714,4.714285714285714,4.714285714285714,4.714285714285714,3.8571428571428568,3.8571428571428568,3.8571428571428568,3.8571428571428568,3.8571428571428568,3.8571428571428568,3.8571428571428568,3.8571428571428568,3.8571428571428568,3.8571428571428568,3.8571428571428568,3.8571428571428568,3.4285714285714284,3.0,3.0,3.0,3.0,3.0,3.0,3.0,3.0,3.0,3.0,3.0,3.0,2.5714285714285716,2.5714285714285716,2.5714285714285716,2.5714285714285716,2.5714285714285716,2.5714285714285716,2.5714285714285716,2.5714285714285716,2.5714285714285716,2.5714285714285716,2.5714285714285716,2.5714285714285716,2.5714285714285716,2.142857142857143,2.142857142857143,2.142857142857143,2.142857142857143,2.142857142857143,2.142857142857143,2.142857142857143,1.7142857142857142,1.7142857142857142,1.7142857142857142,1.7142857142857142,1.7142857142857142,1.7142857142857142,1.2857142857142858,1.2857142857142858,1.2857142857142858,1.2857142857142858,0.8571428571428571,0.8571428571428571,0.8571428571428571,0.8571428571428571,0.8571428571428571,0.8571428571428571,0.8571428571428571,0.8571428571428571,0.8571428571428571,0.8571428571428571,0.8571428571428571,0.8571428571428571,0.8571428571428571,0.8571428571428571,0.8571428571428571,0.8571428571428571,0.8571428571428571,0.8571428571428571,0.8571428571428571,0.8571428571428571,0.8571428571428571,0.8571428571428571,0.8571428571428571,0.8571428571428571,0.42857142857142855,0.42857142857142855,0.0,0.0,0.0,0.0,0.0,0.0,0.0,0.0,0.0,603.6942857142857
26,10.0,10.0,10.0,10.0,10.0,10.0,10.0,10.0,8.88888888888889,8.88888888888889,8.88888888888889,8.88888888888889,8.88888888888889,8.88888888888889,8.88888888888889,8.88888888888889,8.88888888888889,8.88888888888889,8.88888888888889,8.88888888888889,8.88888888888889,8.88888888888889,8.88888888888889,7.777777777777778,7.777777777777778,7.777777777777778,7.777777777777778,7.777777777777778,7.777777777777778,7.777777777777778,7.777777777777778,7.777777777777778,7.777777777777778,7.777777777777778,7.777777777777778,7.777777777777778,7.777777777777778,7.777777777777778,7.777777777777778,7.777777777777778,7.777777777777778,7.777777777777778,7.777777777777778,7.777777777777778,7.777777777777778,7.777777777777778,7.777777777777778,7.777777777777778,7.777777777777778,7.777777777777778,7.777777777777778,7.777777777777778,7.777777777777778,7.777777777777778,6.666666666666666,6.666666666666666,6.666666666666666,6.666666666666666,6.666666666666666,6.666666666666666,6.666666666666666,6.666666666666666,6.666666666666666,6.666666666666666,6.666666666666666,6.666666666666666,6.666666666666666,6.666666666666666,6.666666666666666,6.666666666666666,6.666666666666666,5.555555555555555,5.555555555555555,5.555555555555555,5.555555555555555,5.555555555555555,5.555555555555555,5.555555555555555,5.555555555555555,5.555555555555555,5.555555555555555,5.555555555555555,5.555555555555555,5.555555555555555,5.555555555555555,4.444444444444445,3.333333333333333,3.333333333333333,3.333333333333333,3.333333333333333,3.333333333333333,1.1111111111111112,1.1111111111111112,1.1111111111111112,1.1111111111111112,1.1111111111111112,1.1111111111111112,1.1111111111111112,1.1111111111111112,0.0,131.0888888888889
27,8.181818181818182,7.272727272727273,6.363636363636364,6.363636363636364,6.363636363636364,6.363636363636364,6.363636363636364,6.363636363636364,6.363636363636364,5.454545454545455,5.454545454545455,4.545454545454546,4.545454545454546,4.545454545454546,4.545454545454546,4.545454545454546,4.545454545454546,4.545454545454546,4.545454545454546,4.545454545454546,4.545454545454546,3.6363636363636367,3.6363636363636367,2.7272727272727275,2.7272727272727275,2.7272727272727275,2.7272727272727275,2.7272727272727275,2.7272727272727275,2.7272727272727275,2.7272727272727275,2.7272727272727275,2.7272727272727275,2.7272727272727275,2.7272727272727275,2.7272727272727275,2.7272727272727275,2.7272727272727275,2.7272727272727275,1.8181818181818183,1.8181818181818183,1.8181818181818183,0.9090909090909092,0.9090909090909092,0.9090909090909092,0.9090909090909092,0.9090909090909092,0.9090909090909092,0.9090909090909092,0.9090909090909092,0.9090909090909092,0.9090909090909092,0.9090909090909092,0.9090909090909092,0.9090909090909092,0.9090909090909092,0.9090909090909092,0.9090909090909092,0.9090909090909092,0.9090909090909092,0.9090909090909092,0.9090909090909092,0.9090909090909092,0.9090909090909092,0.9090909090909092,0.9090909090909092,0.9090909090909092,0.9090909090909092,0.9090909090909092,0.9090909090909092,0.9090909090909092,0.9090909090909092,0.9090909090909092,0.9090909090909092,0.9090909090909092,0.9090909090909092,0.9090909090909092,0.9090909090909092,0.9090909090909092,0.9090909090909092,0.0,0.0,0.0,0.0,0.0,0.0,0.0,0.0,0.0,0.0,0.0,0.0,0.0,0.0,0.0,0.0,0.0,0.0,0.0,0.0,592.5181818181818
28,11.0,11.0,11.0,11.0,11.0,11.0,11.0,11.0,10.0,9.0,9.0,9.0,9.0,9.0,9.0,9.0,9.0,9.0,9.0,9.0,9.0,9.0,9.0,9.0,9.0,9.0,9.0,9.0,9.0,8.0,8.0,8.0,8.0,8.0,7.0,7.0,7.0,7.0,7.0,6.0,6.0,6.0,5.0,4.0,4.0,4.0,4.0,4.0,4.0,4.0,4.0,4.0,4.0,4.0,4.0,4.0,4.0,4.0,4.0,4.0,4.0,4.0,4.0,4.0,4.0,4.0,4.0,4.0,4.0,4.0,4.0,4.0,3.0,3.0,2.0,2.0,2.0,2.0,1.0,1.0,1.0,1.0,1.0,1.0,1.0,1.0,1.0,1.0,1.0,1.0,1.0,1.0,1.0,0.0,0.0,0.0,0.0,0.0,0.0,0.0,609.66
29,414.39560439560444,411.4285714285714,405.4945054945055,405.4945054945055,398.24175824175825,390.989010989011,388.02197802197804,385.05494505494505,378.46153846153845,375.4945054945055,372.8571428571429,368.24175824175825,366.26373626373623,358.68131868131866,356.3736263736264,348.79120879120876,347.1428571428571,340.21978021978026,336.26373626373623,330.3296703296703,326.3736263736264,321.0989010989011,318.13186813186815,313.5164835164835,306.5934065934066,301.97802197802196,297.03296703296706,292.7472527472528,285.16483516483515,281.53846153846155,274.6153846153846,271.31868131868134,265.3846153846154,260.4395604395604,256.8131868131868,249.23076923076925,247.2527472527472,242.96703296703296,237.6923076923077,235.05494505494505,230.10989010989013,226.15384615384616,221.20879120879118,216.5934065934066,211.64835164835165,205.3846153846154,200.43956043956044,193.84615384615384,187.25274725274724,186.26373626373626,182.3076923076923,175.7142857142857,170.76923076923077,168.46153846153845,162.19780219780222,158.9010989010989,155.60439560439562,149.67032967032966,143.07692307692307,139.45054945054946,135.16483516483515,129.56043956043956,125.6043956043956,120.32967032967034,117.03296703296704,114.72527472527473,110.1098901098901,107.14285714285715,102.52747252747253,99.8901098901099,95.60439560439559,90.32967032967034,86.7032967032967,83.4065934065934,80.76923076923077,78.13186813186813,74.17582417582418,69.23076923076923,64.61538461538461,61.978021978021985,57.69230769230769,54.065934065934066,51.75824175824176,48.46153846153846,44.175824175824175,40.21978021978022,36.92307692307693,33.956043956043956,31.64835164835165,30.0,26.373626373626372,24.065934065934066,20.43956043956044,18.791208791208792,15.494505494505496,11.208791208791208,7.582417582417582,4.945054945054945,1.6483516483516483,0.989010989010989,449.46923076923076
30,871.7142857142857,865.7142857142858,858.8571428571429,858.8571428571429,846.0,832.2857142857143,824.5714285714286,814.2857142857142,794.5714285714286,789.4285714285714,780.8571428571429,769.7142857142858,766.2857142857143,757.7142857142857,752.5714285714286,735.4285714285714,729.4285714285714,716.5714285714286,712.2857142857143,699.4285714285714,693.4285714285714,681.4285714285714,675.4285714285714,666.8571428571429,653.1428571428571,644.5714285714286,636.0,629.1428571428571,618.0,607.7142857142857,600.8571428571429,598.2857142857143,587.1428571428572,576.8571428571429,570.0,562.2857142857143,558.0,542.5714285714286,530.5714285714286,522.0,510.0,506.57142857142856,489.4285714285714,482.57142857142856,471.4285714285714,467.1428571428571,455.1428571428571,449.14285714285717,441.4285714285714,437.1428571428571,430.2857142857143,423.42857142857144,414.8571428571429,404.57142857142856,400.2857142857143,395.1428571428571,383.14285714285717,376.2857142857143,362.57142857142856,353.14285714285717,342.0,332.57142857142856,324.8571428571429,312.8571428571429,305.1428571428571,301.7142857142857,295.7142857142857,282.0,272.57142857142856,256.2857142857143,240.85714285714286,234.85714285714286,224.57142857142858,217.71428571428572,214.2857142857143,198.85714285714286,190.28571428571428,185.14285714285714,174.85714285714286,163.71428571428572,159.42857142857142,150.85714285714286,139.71428571428572,130.28571428571428,119.14285714285714,106.28571428571428,96.85714285714286,83.14285714285714,72.85714285714285,64.28571428571428,60.0,54.0,47.14285714285714,37.714285714285715,28.285714285714285,21.42857142857143,16.285714285714285,10.285714285714286,6.857142857142857,0.8571428571428571,558.0171428571429
31,180.6122448979592,176.3265306122449,170.20408163265304,170.20408163265304,167.75510204081633,160.40816326530611,159.18367346938774,157.3469387755102,152.44897959183675,150.6122448979592,148.77551020408166,145.7142857142857,141.42857142857144,138.3673469387755,135.9183673469388,131.6326530612245,128.57142857142856,125.51020408163265,123.67346938775509,119.38775510204083,118.77551020408163,116.93877551020408,115.10204081632652,112.0408163265306,109.59183673469387,105.3061224489796,102.24489795918367,102.24489795918367,100.40816326530613,98.57142857142857,97.9591836734694,95.51020408163265,91.83673469387755,90.0,88.16326530612245,86.3265306122449,85.10204081632652,81.42857142857143,77.14285714285715,73.46938775510205,72.85714285714285,72.85714285714285,71.6326530612245,67.9591836734694,65.51020408163265,61.836734693877546,58.16326530612245,55.10204081632653,54.48979591836735,54.48979591836735,53.265306122448976,51.42857142857142,50.204081632653065,49.59183673469388,47.14285714285714,46.53061224489796,46.53061224489796,44.693877551020414,42.244897959183675,41.0204081632653,40.40816326530612,39.795918367346935,37.95918367346939,36.734693877551024,36.734693877551024,36.12244897959184,34.285714285714285,33.6734693877551,31.22448979591837,29.387755102040817,27.551020408163264,26.93877551020408,24.48979591836735,23.877551020408163,21.42857142857143,20.816326530612244,19.591836734693874,18.367346938775512,16.53061224489796,15.918367346938776,15.306122448979592,14.693877551020408,13.46938775510204,12.244897959183675,11.63265306122449,11.020408163265307,10.408163265306122,7.959183673469388,7.346938775510204,6.73469387755102,6.122448979591837,5.510204081632653,3.673469387755102,3.673469387755102,2.4489795918367343,1.836734693877551,0.6122448979591836,0.0,0.0,0.0,569.4061224489795
32,19.838709677419352,19.838709677419352,19.838709677419352,19.838709677419352,19.838709677419352,19.35483870967742,18.387096774193548,17.903225806451612,17.903225806451612,17.903225806451612,16.935483870967744,15.96774193548387,15.96774193548387,15.0,15.0,14.516129032258064,14.516129032258064,13.548387096774194,13.548387096774194,13.064516129032258,12.580645161290324,12.580645161290324,12.580645161290324,11.129032258064516,10.161290322580644,9.67741935483871,9.193548387096774,9.193548387096774,9.193548387096774,9.193548387096774,9.193548387096774,8.70967741935484,8.70967741935484,8.225806451612902,7.741935483870968,7.741935483870968,6.774193548387097,6.774193548387097,6.774193548387097,6.774193548387097,6.774193548387097,6.774193548387097,6.774193548387097,6.774193548387097,6.290322580645162,5.806451612903226,5.806451612903226,5.806451612903226,5.806451612903226,5.806451612903226,5.806451612903226,5.806451612903226,5.322580645161291,4.838709677419355,4.838709677419355,4.35483870967742,4.35483870967742,4.35483870967742,3.870967741935484,3.870967741935484,3.3870967741935485,3.3870967741935485,3.3870967741935485,3.3870967741935485,3.3870967741935485,3.3870967741935485,3.3870967741935485,3.3870967741935485,3.3870967741935485,3.3870967741935485,3.3870967741935485,2.4193548387096775,2.4193548387096775,2.4193548387096775,2.4193548387096775,2.4193548387096775,2.4193548387096775,2.4193548387096775,2.4193548387096775,1.935483870967742,1.4516129032258065,1.4516129032258065,1.4516129032258065,1.4516129032258065,1.4516129032258065,1.4516129032258065,1.4516129032258065,1.4516129032258065,1.4516129032258065,1.4516129032258065,0.967741935483871,0.967741935483871,0.967741935483871,0.967741935483871,0.967741935483871,0.4838709677419355,0.4838709677419355,0.4838709677419355,0.4838709677419355,0.0,2772.401612903226
33,34.41176470588235,34.41176470588235,33.529411764705884,33.529411764705884,32.647058823529406,32.647058823529406,32.647058823529406,31.764705882352942,30.0,29.11764705882353,27.352941176470587,27.352941176470587,27.352941176470587,25.588235294117645,23.823529411764703,22.941176470588232,22.058823529411768,22.058823529411768,22.058823529411768,22.058823529411768,22.058823529411768,20.294117647058826,19.411764705882355,19.411764705882355,18.529411764705884,18.529411764705884,17.647058823529413,17.647058823529413,17.647058823529413,17.647058823529413,17.647058823529413,17.647058823529413,15.882352941176471,15.882352941176471,15.882352941176471,15.882352941176471,15.0,14.117647058823529,14.117647058823529,13.235294117647058,13.235294117647058,13.235294117647058,11.470588235294116,11.470588235294116,11.470588235294116,11.470588235294116,10.588235294117649,9.705882352941178,9.705882352941178,9.705882352941178,8.823529411764707,8.823529411764707,8.823529411764707,8.823529411764707,8.823529411764707,8.823529411764707,8.823529411764707,8.823529411764707,7.9411764705882355,7.0588235294117645,7.0588235294117645,7.0588235294117645,6.1764705882352935,6.1764705882352935,6.1764705882352935,6.1764705882352935,6.1764705882352935,6.1764705882352935,6.1764705882352935,6.1764705882352935,4.411764705882353,4.411764705882353,4.411764705882353,3.5294117647058822,2.647058823529412,2.647058823529412,2.647058823529412,2.647058823529412,2.647058823529412,2.647058823529412,1.7647058823529411,1.7647058823529411,1.7647058823529411,1.7647058823529411,1.7647058823529411,1.7647058823529411,1.7647058823529411,1.7647058823529411,1.7647058823529411,1.7647058823529411,1.7647058823529411,0.8823529411764706,0.8823529411764706,0.8823529411764706,0.0,0.0,0.0,0.0,0.0,0.0,1909.7558823529412
34,13.5,13.0,13.0,13.0,12.5,12.0,12.0,12.0,11.5,11.5,11.5,11.0,11.0,11.0,10.5,10.5,10.5,9.5,9.5,9.5,9.5,9.5,9.0,8.5,8.5,8.5,8.0,8.0,8.0,8.0,8.0,8.0,7.0,6.5,6.5,5.5,5.5,5.5,5.5,4.5,4.5,4.5,3.5,3.5,3.5,3.5,3.5,3.5,3.5,3.5,3.0,3.0,3.0,3.0,3.0,3.0,3.0,3.0,3.0,3.0,3.0,3.0,3.0,3.0,3.0,3.0,2.5,2.0,2.0,2.0,2.0,2.0,1.5,1.5,1.5,1.5,1.5,1.5,1.0,1.0,1.0,1.0,1.0,1.0,1.0,1.0,1.0,1.0,1.0,0.5,0.5,0.5,0.5,0.5,0.5,0.5,0.5,0.5,0.5,0.0,317.315
35,15.483870967741936,14.516129032258064,13.548387096774194,13.548387096774194,11.612903225806452,10.645161290322582,10.645161290322582,10.645161290322582,9.67741935483871,9.67741935483871,9.67741935483871,8.70967741935484,8.70967741935484,7.741935483870968,7.741935483870968,7.741935483870968,7.741935483870968,7.741935483870968,7.741935483870968,7.741935483870968,7.741935483870968,7.741935483870968,7.741935483870968,6.774193548387097,6.774193548387097,6.774193548387097,6.774193548387097,6.774193548387097,6.774193548387097,6.774193548387097,6.774193548387097,5.806451612903226,5.806451612903226,4.838709677419355,4.838709677419355,4.838709677419355,4.838709677419355,4.838709677419355,4.838709677419355,4.838709677419355,4.838709677419355,4.838709677419355,3.870967741935484,3.870967741935484,3.870967741935484,3.870967741935484,3.870967741935484,3.870967741935484,3.870967741935484,3.870967741935484,3.870967741935484,3.870967741935484,3.870967741935484,2.903225806451613,2.903225806451613,2.903225806451613,2.903225806451613,1.935483870967742,1.935483870967742,1.935483870967742,1.935483870967742,1.935483870967742,1.935483870967742,1.935483870967742,0.967741935483871,0.967741935483871,0.967741935483871,0.967741935483871,0.967741935483871,0.967741935483871,0.967741935483871,0.967741935483871,0.967741935483871,0.967741935483871,0.967741935483871,0.967741935483871,0.967741935483871,0.967741935483871,0.967741935483871,0.967741935483871,0.967741935483871,0.967741935483871,0.967741935483871,0.967741935483871,0.967741935483871,0.967741935483871,0.967741935483871,0.967741935483871,0.967741935483871,0.967741935483871,0.0,0.0,0.0,0.0,0.0,0.0,0.0,0.0,0.0,0.0,294.68709677419355
36,432.0,431.0,426.0,426.0,420.0,408.0,405.0,404.0,395.0,393.0,388.0,383.0,382.0,380.0,377.0,371.0,367.0,363.0,361.0,359.0,357.0,351.0,350.0,349.0,344.0,341.0,335.0,331.0,326.0,324.0,317.0,315.0,310.0,300.0,298.0,290.0,287.0,283.0,277.0,273.0,267.0,265.0,263.0,261.0,251.0,248.00000000000003,239.0,237.0,233.0,232.0,224.0,220.0,215.0,213.0,208.0,204.0,200.0,195.0,189.0,188.0,185.0,182.0,179.0,170.0,166.0,165.0,163.0,159.0,154.0,150.0,144.0,134.0,129.0,127.0,121.0,116.0,111.0,106.0,103.0,95.0,90.0,89.0,82.0,77.0,72.0,66.0,62.00000000000001,60.0,55.0,50.0,44.0,39.0,32.0,28.0,22.0,20.0,18.0,14.0,10.0,4.0,244.73999999999998
37,1030.0,1024.5454545454545,1011.8181818181818,1011.8181818181818,992.7272727272727,986.3636363636363,979.090909090909,968.1818181818182,956.3636363636364,948.1818181818181,939.0909090909091,930.0,926.3636363636364,915.4545454545455,913.6363636363636,895.4545454545454,888.1818181818181,877.2727272727273,872.7272727272727,864.5454545454545,859.0909090909091,848.1818181818182,840.909090909091,830.9090909090909,820.0,811.8181818181819,802.7272727272727,800.0,790.0,774.5454545454545,761.8181818181819,758.1818181818182,749.090909090909,736.3636363636364,727.2727272727273,713.6363636363636,709.0909090909091,699.0909090909091,687.2727272727273,674.5454545454545,661.8181818181819,658.1818181818181,650.0,640.9090909090909,625.4545454545454,619.0909090909091,606.3636363636364,595.4545454545454,581.8181818181819,570.909090909091,560.9090909090909,544.5454545454546,534.5454545454545,524.5454545454545,510.0,501.8181818181818,493.6363636363636,484.54545454545456,468.1818181818182,460.0,450.0,441.8181818181818,433.6363636363636,426.3636363636364,413.6363636363636,402.7272727272727,388.1818181818182,380.0,371.8181818181818,362.72727272727275,355.45454545454544,346.3636363636364,336.3636363636364,323.6363636363636,313.6363636363636,299.09090909090907,286.3636363636364,270.90909090909093,254.54545454545453,240.90909090909093,234.54545454545456,225.45454545454547,210.0,198.1818181818182,188.1818181818182,178.1818181818182,165.45454545454547,156.36363636363635,140.9090909090909,135.45454545454547,120.9090909090909,110.9090909090909,105.45454545454545,91.81818181818181,80.0,64.54545454545455,50.909090909090914,33.63636363636363,23.636363636363637,10.0,210.83636363636361
38,773.5714285714286,769.2857142857142,759.6428571428572,759.6428571428572,740.3571428571428,723.2142857142858,716.7857142857142,715.7142857142858,702.8571428571428,697.5,692.1428571428572,684.6428571428572,679.2857142857142,670.7142857142858,666.4285714285714,661.0714285714286,650.3571428571428,634.2857142857142,631.0714285714286,621.4285714285714,613.9285714285714,606.4285714285714,601.0714285714286,597.8571428571428,591.4285714285714,587.1428571428572,580.7142857142858,576.4285714285714,570.0,558.2142857142858,549.6428571428572,545.3571428571428,538.9285714285714,532.5,527.1428571428572,516.4285714285714,507.85714285714283,500.35714285714283,495.0,476.7857142857143,470.3571428571429,466.0714285714286,459.6428571428571,451.0714285714286,444.6428571428571,430.7142857142857,423.2142857142857,417.8571428571429,407.1428571428571,401.7857142857143,395.3571428571429,381.4285714285714,370.7142857142857,360.0,353.5714285714286,342.8571428571429,336.4285714285714,328.9285714285714,319.2857142857143,310.7142857142857,308.5714285714286,302.1428571428571,292.5,278.5714285714286,270.0,260.3571428571429,245.35714285714286,238.92857142857144,231.42857142857144,225.0,216.42857142857144,207.85714285714286,203.57142857142856,192.85714285714286,187.5,182.14285714285714,177.85714285714286,170.35714285714286,160.7142857142857,154.2857142857143,147.85714285714286,136.07142857142856,122.14285714285714,116.78571428571428,113.57142857142857,102.85714285714285,92.14285714285715,85.71428571428572,72.85714285714285,64.28571428571428,61.07142857142857,56.785714285714285,47.14285714285714,39.64285714285714,30.0,22.5,20.357142857142858,9.642857142857144,3.214285714285714,1.0714285714285714,424.725
39,1322.142857142857,1315.7142857142856,1303.9285714285716,1303.9285714285716,1295.357142857143,1277.142857142857,1272.857142857143,1262.142857142857,1250.357142857143,1238.5714285714284,1232.142857142857,1222.5,1217.142857142857,1193.5714285714284,1185.0,1175.357142857143,1166.7857142857144,1155.0,1148.5714285714284,1133.5714285714284,1123.9285714285716,1110.0,1103.5714285714284,1093.9285714285716,1081.0714285714284,1075.7142857142856,1053.2142857142856,1044.642857142857,1028.5714285714284,1009.2857142857143,992.1428571428571,987.8571428571429,973.9285714285714,954.6428571428572,948.2142857142858,930.0,922.5,908.5714285714286,897.8571428571428,880.7142857142858,870.0,861.4285714285714,852.8571428571428,842.1428571428572,820.7142857142858,810.0,798.2142857142858,788.5714285714286,776.7857142857142,769.2857142857142,746.7857142857142,732.8571428571428,726.4285714285714,714.6428571428572,697.5,679.2857142857142,670.7142857142858,660.0,650.3571428571428,641.7857142857142,636.4285714285714,626.7857142857142,618.2142857142858,602.1428571428572,594.6428571428572,586.0714285714286,574.2857142857142,559.2857142857142,538.9285714285714,519.6428571428572,510.0,491.7857142857143,480.0,467.1428571428571,453.2142857142857,444.6428571428571,435.0,414.6428571428571,397.5,381.4285714285714,358.9285714285714,350.3571428571429,338.5714285714286,320.3571428571429,298.9285714285714,280.7142857142857,264.6428571428571,244.28571428571428,229.2857142857143,207.85714285714286,184.2857142857143,161.7857142857143,142.5,121.07142857142857,99.64285714285715,80.35714285714285,53.57142857142858,38.57142857142858,27.857142857142858,6.428571428571428,490.6928571428572
40,635.0,628.0,620.0,620.0,613.0,605.0,600.0,595.0,585.0,579.0,572.0,558.0,553.0,545.0,542.0,536.0,532.0,526.0,522.0,511.00000000000006,506.0,500.00000000000006,498.00000000000006,489.99999999999994,480.0,478.0,470.0,463.0,454.0,446.0,437.0,434.0,430.0,424.0,414.0,405.0,402.0,401.0,392.0,389.0,384.0,374.0,371.0,363.0,355.0,353.0,343.0,333.0,323.0,320.0,313.0,304.0,301.0,294.0,286.0,277.0,269.0,258.0,254.0,251.0,246.99999999999997,237.0,235.0,229.0,225.0,213.0,208.0,201.0,194.0,192.0,185.0,176.0,165.0,162.0,149.0,146.0,142.0,134.0,125.00000000000001,118.0,113.0,104.0,100.0,91.0,79.0,77.0,70.0,60.0,54.0,50.0,45.0,38.0,33.0,26.0,22.0,18.0,13.0,9.0,2.0,1.0,269.5
41,106.21621621621621,106.21621621621621,102.16216216216216,102.16216216216216,100.54054054054053,98.91891891891892,98.91891891891892,96.48648648648648,92.43243243243244,90.0,89.18918918918918,85.94594594594595,84.32432432432432,79.45945945945947,79.45945945945947,79.45945945945947,77.83783783783784,75.4054054054054,74.5945945945946,73.78378378378379,72.16216216216216,70.54054054054053,69.72972972972973,66.48648648648648,64.86486486486487,64.86486486486487,61.62162162162162,60.810810810810814,60.0,58.37837837837838,55.13513513513514,54.32432432432432,48.64864864864865,47.027027027027025,46.21621621621622,42.972972972972975,42.972972972972975,42.16216216216216,39.72972972972973,35.67567567567568,32.432432432432435,32.432432432432435,31.621621621621617,30.0,29.18918918918919,29.18918918918919,27.56756756756757,24.324324324324326,23.513513513513512,23.513513513513512,22.702702702702705,19.45945945945946,19.45945945945946,18.64864864864865,17.83783783783784,17.83783783783784,17.83783783783784,17.83783783783784,16.216216216216218,16.216216216216218,15.405405405405405,15.405405405405405,14.594594594594595,12.162162162162163,12.162162162162163,10.54054054054054,9.72972972972973,9.72972972972973,9.72972972972973,8.91891891891892,8.91891891891892,8.91891891891892,8.91891891891892,6.486486486486487,5.675675675675676,5.675675675675676,4.054054054054054,4.054054054054054,3.2432432432432434,3.2432432432432434,3.2432432432432434,2.4324324324324325,2.4324324324324325,2.4324324324324325,1.6216216216216217,0.8108108108108109,0.0,0.0,0.0,0.0,0.0,0.0,0.0,0.0,0.0,0.0,0.0,0.0,0.0,0.0,366.94864864864866
42,35.55555555555556,35.55555555555556,34.44444444444444,34.44444444444444,31.11111111111111,26.666666666666664,26.666666666666664,26.666666666666664,26.666666666666664,26.666666666666664,26.666666666666664,25.555555555555557,25.555555555555557,23.333333333333332,23.333333333333332,22.22222222222222,22.22222222222222,22.22222222222222,22.22222222222222,21.11111111111111,18.88888888888889,18.88888888888889,18.88888888888889,18.88888888888889,18.88888888888889,17.77777777777778,17.77777777777778,17.77777777777778,17.77777777777778,17.77777777777778,17.77777777777778,17.77777777777778,17.77777777777778,17.77777777777778,17.77777777777778,16.666666666666668,16.666666666666668,14.444444444444443,13.333333333333332,13.333333333333332,13.333333333333332,12.222222222222221,12.222222222222221,12.222222222222221,12.222222222222221,12.222222222222221,12.222222222222221,10.0,10.0,10.0,8.88888888888889,8.88888888888889,8.88888888888889,8.88888888888889,7.777777777777778,6.666666666666666,6.666666666666666,6.666666666666666,6.666666666666666,5.555555555555555,5.555555555555555,5.555555555555555,3.333333333333333,3.333333333333333,3.333333333333333,3.333333333333333,3.333333333333333,2.2222222222222223,2.2222222222222223,1.1111111111111112,1.1111111111111112,1.1111111111111112,1.1111111111111112,1.1111111111111112,1.1111111111111112,1.1111111111111112,1.1111111111111112,1.1111111111111112,1.1111111111111112,1.1111111111111112,0.0,0.0,0.0,0.0,0.0,0.0,0.0,0.0,0.0,0.0,0.0,0.0,0.0,0.0,0.0,0.0,0.0,0.0,0.0,0.0,1283.9
43,81.11111111111111,81.11111111111111,78.88888888888889,78.88888888888889,76.66666666666666,76.66666666666666,74.44444444444444,74.44444444444444,72.22222222222223,71.11111111111111,71.11111111111111,70.0,68.88888888888889,64.44444444444446,62.22222222222222,60.0,60.0,58.88888888888889,56.666666666666664,54.44444444444444,54.44444444444444,53.33333333333333,53.33333333333333,52.22222222222222,48.888888888888886,48.888888888888886,45.55555555555556,45.55555555555556,42.22222222222222,40.0,38.888888888888886,38.888888888888886,38.888888888888886,38.888888888888886,37.77777777777778,36.66666666666667,36.66666666666667,35.55555555555556,35.55555555555556,33.333333333333336,32.22222222222223,32.22222222222223,32.22222222222223,31.11111111111111,30.0,28.888888888888886,28.888888888888886,28.888888888888886,27.77777777777778,27.77777777777778,26.666666666666664,25.555555555555557,24.444444444444443,23.333333333333332,22.22222222222222,22.22222222222222,21.11111111111111,20.0,20.0,18.88888888888889,18.88888888888889,17.77777777777778,17.77777777777778,17.77777777777778,16.666666666666668,15.555555555555555,14.444444444444443,14.444444444444443,13.333333333333332,12.222222222222221,10.0,10.0,6.666666666666666,6.666666666666666,6.666666666666666,6.666666666666666,5.555555555555555,5.555555555555555,4.444444444444445,4.444444444444445,3.333333333333333,2.2222222222222223,1.1111111111111112,1.1111111111111112,1.1111111111111112,1.1111111111111112,1.1111111111111112,1.1111111111111112,1.1111111111111112,1.1111111111111112,1.1111111111111112,1.1111111111111112,0.0,0.0,0.0,0.0,0.0,0.0,0.0,0.0,494.4222222222223
44,52.285714285714285,51.42857142857142,50.57142857142857,50.57142857142857,49.714285714285715,48.857142857142854,48.857142857142854,48.857142857142854,48.0,46.285714285714285,46.285714285714285,46.285714285714285,43.714285714285715,42.85714285714286,42.0,39.42857142857143,38.57142857142858,38.57142857142858,37.714285714285715,36.85714285714286,36.85714285714286,36.0,36.0,35.142857142857146,33.42857142857143,33.42857142857143,32.57142857142857,31.714285714285715,29.142857142857142,28.285714285714285,27.428571428571427,27.428571428571427,27.428571428571427,27.428571428571427,27.428571428571427,25.71428571428571,22.285714285714285,22.285714285714285,20.571428571428573,19.714285714285715,18.857142857142858,18.857142857142858,18.857142857142858,18.0,17.142857142857142,15.428571428571427,15.428571428571427,15.428571428571427,14.571428571428571,14.571428571428571,13.714285714285714,13.714285714285714,12.857142857142856,12.857142857142856,12.0,11.142857142857142,11.142857142857142,10.285714285714286,10.285714285714286,10.285714285714286,9.428571428571429,9.428571428571429,9.428571428571429,8.571428571428571,8.571428571428571,7.7142857142857135,6.857142857142857,6.857142857142857,6.857142857142857,6.857142857142857,6.0,6.0,6.0,6.0,6.0,5.142857142857143,5.142857142857143,5.142857142857143,5.142857142857143,5.142857142857143,5.142857142857143,5.142857142857143,3.4285714285714284,2.5714285714285716,2.5714285714285716,2.5714285714285716,2.5714285714285716,0.8571428571428571,0.8571428571428571,0.8571428571428571,0.8571428571428571,0.8571428571428571,0.8571428571428571,0.8571428571428571,0.8571428571428571,0.8571428571428571,0.8571428571428571,0.8571428571428571,0.8571428571428571,0.8571428571428571,377.9657142857143
45,15.0,15.0,13.846153846153847,13.846153846153847,13.846153846153847,13.846153846153847,13.846153846153847,13.846153846153847,13.846153846153847,13.846153846153847,13.846153846153847,13.846153846153847,13.846153846153847,13.846153846153847,13.846153846153847,13.846153846153847,13.846153846153847,13.846153846153847,13.846153846153847,13.846153846153847,13.846153846153847,13.846153846153847,13.846153846153847,13.846153846153847,13.846153846153847,13.846153846153847,12.692307692307692,12.692307692307692,12.692307692307692,12.692307692307692,12.692307692307692,12.692307692307692,12.692307692307692,11.538461538461538,10.384615384615385,10.384615384615385,10.384615384615385,10.384615384615385,9.230769230769232,9.230769230769232,8.076923076923077,8.076923076923077,8.076923076923077,8.076923076923077,8.076923076923077,8.076923076923077,8.076923076923077,8.076923076923077,8.076923076923077,8.076923076923077,6.923076923076923,6.923076923076923,6.923076923076923,6.923076923076923,6.923076923076923,5.769230769230769,5.769230769230769,5.769230769230769,4.615384615384616,4.615384615384616,4.615384615384616,4.615384615384616,4.615384615384616,4.615384615384616,4.615384615384616,4.615384615384616,4.615384615384616,4.615384615384616,3.4615384615384617,2.307692307692308,2.307692307692308,2.307692307692308,2.307692307692308,2.307692307692308,2.307692307692308,2.307692307692308,2.307692307692308,2.307692307692308,2.307692307692308,2.307692307692308,2.307692307692308,2.307692307692308,2.307692307692308,2.307692307692308,2.307692307692308,2.307692307692308,2.307692307692308,2.307692307692308,1.153846153846154,1.153846153846154,1.153846153846154,1.153846153846154,1.153846153846154,1.153846153846154,1.153846153846154,1.153846153846154,0.0,0.0,0.0,0.0,4817.6884615384615
46,3.75,3.75,3.75,3.75,3.75,3.75,3.75,3.75,3.75,3.75,3.75,3.75,3.75,3.75,3.75,3.75,3.75,3.75,3.75,3.75,3.75,3.75,3.75,3.75,3.75,3.75,3.75,3.75,3.75,2.5,2.5,2.5,2.5,2.5,2.5,2.5,2.5,2.5,2.5,2.5,2.5,2.5,2.5,2.5,2.5,2.5,2.5,2.5,2.5,2.5,2.5,2.5,2.5,2.5,2.5,2.5,2.5,2.5,2.5,2.5,2.5,2.5,2.5,2.5,2.5,2.5,2.5,2.5,2.5,2.5,2.5,2.5,2.5,2.5,2.5,2.5,2.5,2.5,2.5,2.5,2.5,1.25,1.25,1.25,1.25,1.25,1.25,0.0,0.0,0.0,0.0,0.0,0.0,0.0,0.0,0.0,0.0,0.0,0.0,0.0,541.55
47,15.0,14.285714285714285,14.285714285714285,14.285714285714285,14.285714285714285,13.571428571428571,13.571428571428571,13.571428571428571,13.571428571428571,13.571428571428571,12.857142857142856,12.142857142857142,12.142857142857142,12.142857142857142,12.142857142857142,12.142857142857142,11.428571428571427,10.0,9.285714285714286,9.285714285714286,9.285714285714286,8.571428571428571,8.571428571428571,7.857142857142858,7.857142857142858,7.857142857142858,6.428571428571428,6.428571428571428,6.428571428571428,5.7142857142857135,5.7142857142857135,5.7142857142857135,5.7142857142857135,5.7142857142857135,5.7142857142857135,5.0,5.0,5.0,5.0,5.0,5.0,5.0,3.571428571428571,3.571428571428571,3.571428571428571,3.571428571428571,3.571428571428571,3.571428571428571,3.571428571428571,3.571428571428571,3.571428571428571,3.571428571428571,3.571428571428571,2.8571428571428568,2.8571428571428568,2.8571428571428568,2.8571428571428568,2.8571428571428568,2.8571428571428568,2.8571428571428568,2.142857142857143,1.4285714285714284,1.4285714285714284,1.4285714285714284,1.4285714285714284,1.4285714285714284,1.4285714285714284,1.4285714285714284,0.7142857142857142,0.7142857142857142,0.7142857142857142,0.7142857142857142,0.7142857142857142,0.7142857142857142,0.7142857142857142,0.7142857142857142,0.7142857142857142,0.7142857142857142,0.7142857142857142,0.7142857142857142,0.7142857142857142,0.7142857142857142,0.7142857142857142,0.7142857142857142,0.7142857142857142,0.7142857142857142,0.7142857142857142,0.7142857142857142,0.0,0.0,0.0,0.0,0.0,0.0,0.0,0.0,0.0,0.0,0.0,0.0,483.4642857142857
