per,d_p90.0_wsnumber,d_p90.1_wsnumber,d_p90.2_wsnumber,d_p90.3_wsnumber,d_p90.4_wsnumber,d_p90.5_wsnumber,d_p90.6_wsnumber,d_p90.7_wsnumber,d_p90.8_wsnumber,d_p90.9_wsnumber,d_p91.0_wsnumber,d_p91.1_wsnumber,d_p91.2_wsnumber,d_p91.3_wsnumber,d_p91.4_wsnumber,d_p91.5_wsnumber,d_p91.6_wsnumber,d_p91.7_wsnumber,d_p91.8_wsnumber,d_p91.9_wsnumber,d_p92.0_wsnumber,d_p92.1_wsnumber,d_p92.2_wsnumber,d_p92.3_wsnumber,d_p92.4_wsnumber,d_p92.5_wsnumber,d_p92.6_wsnumber,d_p92.7_wsnumber,d_p92.8_wsnumber,d_p92.9_wsnumber,d_p93.0_wsnumber,d_p93.1_wsnumber,d_p93.2_wsnumber,d_p93.3_wsnumber,d_p93.4_wsnumber,d_p93.5_wsnumber,d_p93.6_wsnumber,d_p93.7_wsnumber,d_p93.8_wsnumber,d_p93.9_wsnumber,d_p94.0_wsnumber,d_p94.1_wsnumber,d_p94.2_wsnumber,d_p94.3_wsnumber,d_p94.4_wsnumber,d_p94.5_wsnumber,d_p94.6_wsnumber,d_p94.7_wsnumber,d_p94.8_wsnumber,d_p94.9_wsnumber,d_p95.0_wsnumber,d_p95.1_wsnumber,d_p95.2_wsnumber,d_p95.3_wsnumber,d_p95.4_wsnumber,d_p95.5_wsnumber,d_p95.6_wsnumber,d_p95.7_wsnumber,d_p95.8_wsnumber,d_p95.9_wsnumber,d_p96.0_wsnumber,d_p96.1_wsnumber,d_p96.2_wsnumber,d_p96.3_wsnumber,d_p96.4_wsnumber,d_p96.5_wsnumber,d_p96.6_wsnumber,d_p96.7_wsnumber,d_p96.8_wsnumber,d_p96.9_wsnumber,d_p97.0_wsnumber,d_p97.1_wsnumber,d_p97.2_wsnumber,d_p97.3_wsnumber,d_p97.4_wsnumber,d_p97.5_wsnumber,d_p97.6_wsnumber,d_p97.7_wsnumber,d_p97.8_wsnumber,d_p97.9_wsnumber,d_p98.0_wsnumber,d_p98.1_wsnumber,d_p98.2_wsnumber,d_p98.3_wsnumber,d_p98.4_wsnumber,d_p98.5_wsnumber,d_p98.6_wsnumber,d_p98.7_wsnumber,d_p98.8_wsnumber,d_p98.9_wsnumber,d_p99.0_wsnumber,d_p99.1_wsnumber,d_p99.2_wsnumber,d_p99.3_wsnumber,d_p99.4_wsnumber,d_p99.5_wsnumber,d_p99.6_wsnumber,d_p99.7_wsnumber,d_p99.8_wsnumber,d_p99.9_wsnumber,area
1,1.7142857142857142,1.7142857142857142,1.7142857142857142,1.7142857142857142,0.8571428571428571,0.8571428571428571,0.8571428571428571,0.8571428571428571,0.8571428571428571,0.8571428571428571,0.8571428571428571,0.8571428571428571,0.8571428571428571,0.8571428571428571,0.8571428571428571,0.8571428571428571,0.8571428571428571,0.8571428571428571,0.8571428571428571,0.8571428571428571,0.8571428571428571,0.8571428571428571,0.8571428571428571,0.8571428571428571,0.8571428571428571,0.8571428571428571,0.8571428571428571,0.8571428571428571,0.8571428571428571,0.8571428571428571,0.8571428571428571,0.8571428571428571,0.8571428571428571,0.8571428571428571,0.8571428571428571,0.8571428571428571,0.0,0.0,0.0,0.0,0.0,0.0,0.0,0.0,0.0,0.0,0.0,0.0,0.0,0.0,0.0,0.0,0.0,0.0,0.0,0.0,0.0,0.0,0.0,0.0,0.0,0.0,0.0,0.0,0.0,0.0,0.0,0.0,0.0,0.0,0.0,0.0,0.0,0.0,0.0,0.0,0.0,0.0,0.0,0.0,0.0,0.0,0.0,0.0,0.0,0.0,0.0,0.0,0.0,0.0,0.0,0.0,0.0,0.0,0.0,0.0,0.0,0.0,0.0,0.0,185.70000000000002
2,1.4285714285714284,1.4285714285714284,1.4285714285714284,0.0,0.0,0.0,0.0,0.0,0.0,0.0,0.0,0.0,0.0,0.0,0.0,0.0,0.0,0.0,0.0,0.0,0.0,0.0,0.0,0.0,0.0,0.0,0.0,0.0,0.0,0.0,0.0,0.0,0.0,0.0,0.0,0.0,0.0,0.0,0.0,0.0,0.0,0.0,0.0,0.0,0.0,0.0,0.0,0.0,0.0,0.0,0.0,0.0,0.0,0.0,0.0,0.0,0.0,0.0,0.0,0.0,0.0,0.0,0.0,0.0,0.0,0.0,0.0,0.0,0.0,0.0,0.0,0.0,0.0,0.0,0.0,0.0,0.0,0.0,0.0,0.0,0.0,0.0,0.0,0.0,0.0,0.0,0.0,0.0,0.0,0.0,0.0,0.0,0.0,0.0,0.0,0.0,0.0,0.0,0.0,0.0,628.4714285714285
3,1.5,1.5,1.5,1.5,1.5,1.5,1.5,1.5,1.5,1.5,1.5,1.5,1.5,1.5,1.5,1.5,1.5,1.5,1.5,1.5,1.5,1.5,1.5,1.5,1.5,1.5,1.5,1.5,1.5,1.5,1.5,1.5,1.5,1.5,1.5,1.5,1.5,1.5,1.5,1.5,1.5,1.5,1.5,1.5,1.5,1.5,1.5,1.5,1.5,1.5,1.5,1.5,1.5,1.5,1.5,1.5,1.5,1.5,1.5,1.5,1.5,1.5,1.5,1.5,0.0,0.0,0.0,0.0,0.0,0.0,0.0,0.0,0.0,0.0,0.0,0.0,0.0,0.0,0.0,0.0,0.0,0.0,0.0,0.0,0.0,0.0,0.0,0.0,0.0,0.0,0.0,0.0,0.0,0.0,0.0,0.0,0.0,0.0,0.0,0.0,830.13
4,5.0,5.0,5.0,5.0,5.0,5.0,5.0,5.0,5.0,5.0,5.0,5.0,5.0,5.0,5.0,5.0,5.0,5.0,5.0,5.0,3.75,3.75,3.75,3.75,3.75,3.75,3.75,3.75,3.75,3.75,3.75,3.75,3.75,3.75,2.5,2.5,2.5,1.25,1.25,1.25,1.25,1.25,1.25,1.25,1.25,1.25,1.25,1.25,1.25,1.25,1.25,1.25,1.25,1.25,1.25,1.25,1.25,1.25,1.25,1.25,1.25,1.25,1.25,1.25,1.25,1.25,0.0,0.0,0.0,0.0,0.0,0.0,0.0,0.0,0.0,0.0,0.0,0.0,0.0,0.0,0.0,0.0,0.0,0.0,0.0,0.0,0.0,0.0,0.0,0.0,0.0,0.0,0.0,0.0,0.0,0.0,0.0,0.0,0.0,0.0,410.34999999999997
5,9.375,9.375,9.375,9.375,9.375,9.375,9.375,9.375,9.375,8.4375,8.4375,7.5,7.5,7.5,7.5,7.5,7.5,7.5,7.5,7.5,7.5,7.5,7.5,7.5,7.5,7.5,7.5,7.5,6.5625,6.5625,6.5625,6.5625,6.5625,6.5625,6.5625,6.5625,6.5625,6.5625,6.5625,6.5625,6.5625,6.5625,6.5625,5.625,5.625,5.625,5.625,5.625,5.625,5.625,5.625,4.6875,4.6875,4.6875,4.6875,4.6875,4.6875,4.6875,4.6875,4.6875,4.6875,4.6875,4.6875,4.6875,3.75,3.75,2.8125,2.8125,2.8125,2.8125,2.8125,2.8125,2.8125,2.8125,2.8125,2.8125,2.8125,2.8125,2.8125,2.8125,2.8125,2.8125,2.8125,2.8125,2.8125,2.8125,2.8125,2.8125,1.875,1.875,1.875,0.9375,0.9375,0.9375,0.9375,0.9375,0.9375,0.9375,0.9375,0.0,579.1031250000001
6,10.714285714285715,10.714285714285715,10.714285714285715,8.571428571428571,8.571428571428571,8.571428571428571,8.571428571428571,8.571428571428571,8.571428571428571,8.571428571428571,8.571428571428571,8.571428571428571,8.571428571428571,8.571428571428571,8.571428571428571,8.571428571428571,8.571428571428571,8.571428571428571,8.571428571428571,8.571428571428571,8.571428571428571,8.571428571428571,8.571428571428571,8.571428571428571,8.571428571428571,8.571428571428571,8.571428571428571,8.571428571428571,8.571428571428571,8.571428571428571,8.571428571428571,8.571428571428571,6.428571428571428,6.428571428571428,6.428571428571428,6.428571428571428,6.428571428571428,6.428571428571428,6.428571428571428,6.428571428571428,6.428571428571428,6.428571428571428,6.428571428571428,6.428571428571428,6.428571428571428,6.428571428571428,6.428571428571428,6.428571428571428,6.428571428571428,6.428571428571428,6.428571428571428,6.428571428571428,6.428571428571428,6.428571428571428,6.428571428571428,6.428571428571428,6.428571428571428,6.428571428571428,6.428571428571428,6.428571428571428,6.428571428571428,6.428571428571428,6.428571428571428,6.428571428571428,6.428571428571428,6.428571428571428,6.428571428571428,6.428571428571428,6.428571428571428,6.428571428571428,6.428571428571428,6.428571428571428,6.428571428571428,4.285714285714286,4.285714285714286,4.285714285714286,4.285714285714286,4.285714285714286,4.285714285714286,4.285714285714286,4.285714285714286,4.285714285714286,4.285714285714286,4.285714285714286,4.285714285714286,4.285714285714286,4.285714285714286,4.285714285714286,4.285714285714286,4.285714285714286,4.285714285714286,2.142857142857143,2.142857142857143,2.142857142857143,2.142857142857143,2.142857142857143,2.142857142857143,0.0,0.0,0.0,1429.9071428571426
7,10.285714285714286,10.285714285714286,10.285714285714286,10.285714285714286,9.428571428571429,9.428571428571429,9.428571428571429,9.428571428571429,9.428571428571429,9.428571428571429,9.428571428571429,9.428571428571429,9.428571428571429,8.571428571428571,8.571428571428571,8.571428571428571,8.571428571428571,8.571428571428571,7.7142857142857135,6.857142857142857,6.857142857142857,6.857142857142857,6.857142857142857,6.857142857142857,6.857142857142857,6.857142857142857,6.857142857142857,6.0,6.0,6.0,6.0,6.0,6.0,6.0,6.0,6.0,6.0,6.0,6.0,6.0,6.0,6.0,6.0,6.0,6.0,6.0,6.0,6.0,6.0,6.0,6.0,6.0,6.0,6.0,6.0,6.0,6.0,6.0,6.0,6.0,6.0,6.0,6.0,6.0,6.0,6.0,6.0,6.0,6.0,6.0,6.0,6.0,5.142857142857143,4.285714285714286,4.285714285714286,4.285714285714286,3.4285714285714284,2.5714285714285716,2.5714285714285716,2.5714285714285716,1.7142857142857142,1.7142857142857142,1.7142857142857142,1.7142857142857142,1.7142857142857142,1.7142857142857142,1.7142857142857142,1.7142857142857142,1.7142857142857142,1.7142857142857142,1.7142857142857142,1.7142857142857142,1.7142857142857142,1.7142857142857142,1.7142857142857142,0.8571428571428571,0.0,0.0,0.0,0.0,211.49142857142857
8,8.571428571428571,8.571428571428571,8.571428571428571,8.571428571428571,8.571428571428571,8.571428571428571,8.571428571428571,8.571428571428571,8.571428571428571,8.571428571428571,8.571428571428571,8.571428571428571,8.571428571428571,8.571428571428571,8.571428571428571,8.571428571428571,8.571428571428571,8.571428571428571,8.571428571428571,7.142857142857142,7.142857142857142,7.142857142857142,7.142857142857142,7.142857142857142,7.142857142857142,7.142857142857142,7.142857142857142,7.142857142857142,7.142857142857142,7.142857142857142,7.142857142857142,7.142857142857142,7.142857142857142,7.142857142857142,5.7142857142857135,5.7142857142857135,5.7142857142857135,5.7142857142857135,5.7142857142857135,5.7142857142857135,5.7142857142857135,5.7142857142857135,5.7142857142857135,5.7142857142857135,4.285714285714286,4.285714285714286,4.285714285714286,4.285714285714286,4.285714285714286,4.285714285714286,4.285714285714286,4.285714285714286,4.285714285714286,4.285714285714286,4.285714285714286,4.285714285714286,4.285714285714286,4.285714285714286,4.285714285714286,4.285714285714286,4.285714285714286,4.285714285714286,4.285714285714286,4.285714285714286,4.285714285714286,4.285714285714286,2.8571428571428568,2.8571428571428568,2.8571428571428568,1.4285714285714284,1.4285714285714284,1.4285714285714284,1.4285714285714284,1.4285714285714284,1.4285714285714284,1.4285714285714284,1.4285714285714284,1.4285714285714284,1.4285714285714284,1.4285714285714284,1.4285714285714284,1.4285714285714284,1.4285714285714284,1.4285714285714284,0.0,0.0,0.0,0.0,0.0,0.0,0.0,0.0,0.0,0.0,0.0,0.0,0.0,0.0,0.0,0.0,74.97142857142858
9,0.0,0.0,0.0,0.0,0.0,0.0,0.0,0.0,0.0,0.0,0.0,0.0,0.0,0.0,0.0,0.0,0.0,0.0,0.0,0.0,0.0,0.0,0.0,0.0,0.0,0.0,0.0,0.0,0.0,0.0,0.0,0.0,0.0,0.0,0.0,0.0,0.0,0.0,0.0,0.0,0.0,0.0,0.0,0.0,0.0,0.0,0.0,0.0,0.0,0.0,0.0,0.0,0.0,0.0,0.0,0.0,0.0,0.0,0.0,0.0,0.0,0.0,0.0,0.0,0.0,0.0,0.0,0.0,0.0,0.0,0.0,0.0,0.0,0.0,0.0,0.0,0.0,0.0,0.0,0.0,0.0,0.0,0.0,0.0,0.0,0.0,0.0,0.0,0.0,0.0,0.0,0.0,0.0,0.0,0.0,0.0,0.0,0.0,0.0,0.0,178.99285714285716
10,2.8571428571428568,2.8571428571428568,2.8571428571428568,2.8571428571428568,2.8571428571428568,2.8571428571428568,2.8571428571428568,2.8571428571428568,2.8571428571428568,2.8571428571428568,2.8571428571428568,2.8571428571428568,2.8571428571428568,2.8571428571428568,2.8571428571428568,2.8571428571428568,1.4285714285714284,1.4285714285714284,1.4285714285714284,1.4285714285714284,1.4285714285714284,1.4285714285714284,1.4285714285714284,1.4285714285714284,1.4285714285714284,1.4285714285714284,1.4285714285714284,1.4285714285714284,1.4285714285714284,1.4285714285714284,1.4285714285714284,1.4285714285714284,1.4285714285714284,1.4285714285714284,1.4285714285714284,1.4285714285714284,1.4285714285714284,1.4285714285714284,1.4285714285714284,1.4285714285714284,1.4285714285714284,1.4285714285714284,1.4285714285714284,1.4285714285714284,1.4285714285714284,1.4285714285714284,1.4285714285714284,1.4285714285714284,1.4285714285714284,1.4285714285714284,1.4285714285714284,1.4285714285714284,1.4285714285714284,1.4285714285714284,1.4285714285714284,1.4285714285714284,1.4285714285714284,1.4285714285714284,1.4285714285714284,1.4285714285714284,1.4285714285714284,1.4285714285714284,1.4285714285714284,1.4285714285714284,1.4285714285714284,1.4285714285714284,1.4285714285714284,1.4285714285714284,1.4285714285714284,1.4285714285714284,1.4285714285714284,1.4285714285714284,1.4285714285714284,1.4285714285714284,1.4285714285714284,1.4285714285714284,1.4285714285714284,1.4285714285714284,1.4285714285714284,1.4285714285714284,1.4285714285714284,1.4285714285714284,1.4285714285714284,1.4285714285714284,1.4285714285714284,1.4285714285714284,1.4285714285714284,1.4285714285714284,1.4285714285714284,1.4285714285714284,1.4285714285714284,1.4285714285714284,1.4285714285714284,1.4285714285714284,1.4285714285714284,1.4285714285714284,1.4285714285714284,1.4285714285714284,1.4285714285714284,1.4285714285714284,1213.6857142857143
11,0.0,0.0,0.0,0.0,0.0,0.0,0.0,0.0,0.0,0.0,0.0,0.0,0.0,0.0,0.0,0.0,0.0,0.0,0.0,0.0,0.0,0.0,0.0,0.0,0.0,0.0,0.0,0.0,0.0,0.0,0.0,0.0,0.0,0.0,0.0,0.0,0.0,0.0,0.0,0.0,0.0,0.0,0.0,0.0,0.0,0.0,0.0,0.0,0.0,0.0,0.0,0.0,0.0,0.0,0.0,0.0,0.0,0.0,0.0,0.0,0.0,0.0,0.0,0.0,0.0,0.0,0.0,0.0,0.0,0.0,0.0,0.0,0.0,0.0,0.0,0.0,0.0,0.0,0.0,0.0,0.0,0.0,0.0,0.0,0.0,0.0,0.0,0.0,0.0,0.0,0.0,0.0,0.0,0.0,0.0,0.0,0.0,0.0,0.0,0.0,424.1052631578948
12,0.0,0.0,0.0,0.0,0.0,0.0,0.0,0.0,0.0,0.0,0.0,0.0,0.0,0.0,0.0,0.0,0.0,0.0,0.0,0.0,0.0,0.0,0.0,0.0,0.0,0.0,0.0,0.0,0.0,0.0,0.0,0.0,0.0,0.0,0.0,0.0,0.0,0.0,0.0,0.0,0.0,0.0,0.0,0.0,0.0,0.0,0.0,0.0,0.0,0.0,0.0,0.0,0.0,0.0,0.0,0.0,0.0,0.0,0.0,0.0,0.0,0.0,0.0,0.0,0.0,0.0,0.0,0.0,0.0,0.0,0.0,0.0,0.0,0.0,0.0,0.0,0.0,0.0,0.0,0.0,0.0,0.0,0.0,0.0,0.0,0.0,0.0,0.0,0.0,0.0,0.0,0.0,0.0,0.0,0.0,0.0,0.0,0.0,0.0,0.0,503.64
13,0.0,0.0,0.0,0.0,0.0,0.0,0.0,0.0,0.0,0.0,0.0,0.0,0.0,0.0,0.0,0.0,0.0,0.0,0.0,0.0,0.0,0.0,0.0,0.0,0.0,0.0,0.0,0.0,0.0,0.0,0.0,0.0,0.0,0.0,0.0,0.0,0.0,0.0,0.0,0.0,0.0,0.0,0.0,0.0,0.0,0.0,0.0,0.0,0.0,0.0,0.0,0.0,0.0,0.0,0.0,0.0,0.0,0.0,0.0,0.0,0.0,0.0,0.0,0.0,0.0,0.0,0.0,0.0,0.0,0.0,0.0,0.0,0.0,0.0,0.0,0.0,0.0,0.0,0.0,0.0,0.0,0.0,0.0,0.0,0.0,0.0,0.0,0.0,0.0,0.0,0.0,0.0,0.0,0.0,0.0,0.0,0.0,0.0,0.0,0.0,1051.4666666666667
14,0.0,0.0,0.0,0.0,0.0,0.0,0.0,0.0,0.0,0.0,0.0,0.0,0.0,0.0,0.0,0.0,0.0,0.0,0.0,0.0,0.0,0.0,0.0,0.0,0.0,0.0,0.0,0.0,0.0,0.0,0.0,0.0,0.0,0.0,0.0,0.0,0.0,0.0,0.0,0.0,0.0,0.0,0.0,0.0,0.0,0.0,0.0,0.0,0.0,0.0,0.0,0.0,0.0,0.0,0.0,0.0,0.0,0.0,0.0,0.0,0.0,0.0,0.0,0.0,0.0,0.0,0.0,0.0,0.0,0.0,0.0,0.0,0.0,0.0,0.0,0.0,0.0,0.0,0.0,0.0,0.0,0.0,0.0,0.0,0.0,0.0,0.0,0.0,0.0,0.0,0.0,0.0,0.0,0.0,0.0,0.0,0.0,0.0,0.0,0.0,1045.2833333333333
16,0.0,0.0,0.0,0.0,0.0,0.0,0.0,0.0,0.0,0.0,0.0,0.0,0.0,0.0,0.0,0.0,0.0,0.0,0.0,0.0,0.0,0.0,0.0,0.0,0.0,0.0,0.0,0.0,0.0,0.0,0.0,0.0,0.0,0.0,0.0,0.0,0.0,0.0,0.0,0.0,0.0,0.0,0.0,0.0,0.0,0.0,0.0,0.0,0.0,0.0,0.0,0.0,0.0,0.0,0.0,0.0,0.0,0.0,0.0,0.0,0.0,0.0,0.0,0.0,0.0,0.0,0.0,0.0,0.0,0.0,0.0,0.0,0.0,0.0,0.0,0.0,0.0,0.0,0.0,0.0,0.0,0.0,0.0,0.0,0.0,0.0,0.0,0.0,0.0,0.0,0.0,0.0,0.0,0.0,0.0,0.0,0.0,0.0,0.0,0.0,2609.764285714286
17,1.4285714285714284,1.4285714285714284,1.4285714285714284,1.4285714285714284,1.4285714285714284,1.4285714285714284,1.4285714285714284,1.4285714285714284,1.4285714285714284,1.4285714285714284,1.4285714285714284,1.4285714285714284,1.4285714285714284,1.4285714285714284,1.4285714285714284,1.4285714285714284,1.4285714285714284,1.4285714285714284,1.4285714285714284,1.4285714285714284,1.4285714285714284,1.4285714285714284,0.7142857142857142,0.7142857142857142,0.7142857142857142,0.7142857142857142,0.7142857142857142,0.7142857142857142,0.7142857142857142,0.7142857142857142,0.7142857142857142,0.7142857142857142,0.7142857142857142,0.7142857142857142,0.7142857142857142,0.7142857142857142,0.7142857142857142,0.7142857142857142,0.7142857142857142,0.7142857142857142,0.7142857142857142,0.7142857142857142,0.7142857142857142,0.7142857142857142,0.7142857142857142,0.7142857142857142,0.7142857142857142,0.7142857142857142,0.7142857142857142,0.7142857142857142,0.7142857142857142,0.7142857142857142,0.7142857142857142,0.7142857142857142,0.7142857142857142,0.7142857142857142,0.7142857142857142,0.7142857142857142,0.7142857142857142,0.7142857142857142,0.7142857142857142,0.7142857142857142,0.7142857142857142,0.7142857142857142,0.7142857142857142,0.7142857142857142,0.7142857142857142,0.7142857142857142,0.7142857142857142,0.7142857142857142,0.7142857142857142,0.7142857142857142,0.7142857142857142,0.7142857142857142,0.7142857142857142,0.7142857142857142,0.7142857142857142,0.7142857142857142,0.7142857142857142,0.7142857142857142,0.7142857142857142,0.7142857142857142,0.7142857142857142,0.7142857142857142,0.7142857142857142,0.7142857142857142,0.7142857142857142,0.7142857142857142,0.7142857142857142,0.7142857142857142,0.7142857142857142,0.7142857142857142,0.7142857142857142,0.7142857142857142,0.0,0.0,0.0,0.0,0.0,0.0,8040.857142857144
18,0.0,0.0,0.0,0.0,0.0,0.0,0.0,0.0,0.0,0.0,0.0,0.0,0.0,0.0,0.0,0.0,0.0,0.0,0.0,0.0,0.0,0.0,0.0,0.0,0.0,0.0,0.0,0.0,0.0,0.0,0.0,0.0,0.0,0.0,0.0,0.0,0.0,0.0,0.0,0.0,0.0,0.0,0.0,0.0,0.0,0.0,0.0,0.0,0.0,0.0,0.0,0.0,0.0,0.0,0.0,0.0,0.0,0.0,0.0,0.0,0.0,0.0,0.0,0.0,0.0,0.0,0.0,0.0,0.0,0.0,0.0,0.0,0.0,0.0,0.0,0.0,0.0,0.0,0.0,0.0,0.0,0.0,0.0,0.0,0.0,0.0,0.0,0.0,0.0,0.0,0.0,0.0,0.0,0.0,0.0,0.0,0.0,0.0,0.0,0.0,1050.1225352112674
19,0.0,0.0,0.0,0.0,0.0,0.0,0.0,0.0,0.0,0.0,0.0,0.0,0.0,0.0,0.0,0.0,0.0,0.0,0.0,0.0,0.0,0.0,0.0,0.0,0.0,0.0,0.0,0.0,0.0,0.0,0.0,0.0,0.0,0.0,0.0,0.0,0.0,0.0,0.0,0.0,0.0,0.0,0.0,0.0,0.0,0.0,0.0,0.0,0.0,0.0,0.0,0.0,0.0,0.0,0.0,0.0,0.0,0.0,0.0,0.0,0.0,0.0,0.0,0.0,0.0,0.0,0.0,0.0,0.0,0.0,0.0,0.0,0.0,0.0,0.0,0.0,0.0,0.0,0.0,0.0,0.0,0.0,0.0,0.0,0.0,0.0,0.0,0.0,0.0,0.0,0.0,0.0,0.0,0.0,0.0,0.0,0.0,0.0,0.0,0.0,269.36785714285713
20,0.9375,0.9375,0.9375,0.9375,0.9375,0.9375,0.9375,0.9375,0.9375,0.9375,0.9375,0.9375,0.9375,0.9375,0.9375,0.9375,0.9375,0.9375,0.9375,0.9375,0.9375,0.9375,0.9375,0.9375,0.9375,0.9375,0.9375,0.9375,0.9375,0.9375,0.9375,0.9375,0.9375,0.9375,0.9375,0.9375,0.9375,0.9375,0.9375,0.9375,0.9375,0.9375,0.9375,0.9375,0.9375,0.9375,0.9375,0.9375,0.9375,0.9375,0.9375,0.9375,0.9375,0.9375,0.9375,0.9375,0.9375,0.9375,0.9375,0.9375,0.9375,0.9375,0.9375,0.9375,0.9375,0.9375,0.9375,0.9375,0.9375,0.9375,0.46875,0.46875,0.46875,0.46875,0.46875,0.46875,0.46875,0.46875,0.46875,0.0,0.0,0.0,0.0,0.0,0.0,0.0,0.0,0.0,0.0,0.0,0.0,0.0,0.0,0.0,0.0,0.0,0.0,0.0,0.0,0.0,711.28125
21,7.682926829268293,7.682926829268293,7.682926829268293,7.317073170731707,7.317073170731707,7.317073170731707,7.317073170731707,7.317073170731707,7.317073170731707,7.317073170731707,7.317073170731707,7.317073170731707,7.317073170731707,6.951219512195122,6.951219512195122,6.951219512195122,6.951219512195122,6.585365853658536,6.585365853658536,6.585365853658536,6.585365853658536,6.585365853658536,6.585365853658536,6.2195121951219505,6.2195121951219505,6.2195121951219505,6.2195121951219505,6.2195121951219505,6.2195121951219505,6.2195121951219505,5.853658536585366,5.853658536585366,5.853658536585366,5.853658536585366,5.853658536585366,5.853658536585366,5.853658536585366,5.853658536585366,5.853658536585366,5.853658536585366,5.853658536585366,5.48780487804878,5.48780487804878,5.48780487804878,5.48780487804878,5.48780487804878,5.48780487804878,5.121951219512195,4.390243902439024,4.024390243902439,3.6585365853658534,3.292682926829268,3.292682926829268,2.926829268292683,2.926829268292683,2.926829268292683,2.926829268292683,2.926829268292683,2.926829268292683,2.926829268292683,2.5609756097560976,2.5609756097560976,2.5609756097560976,2.5609756097560976,2.5609756097560976,2.5609756097560976,2.5609756097560976,2.5609756097560976,2.5609756097560976,2.5609756097560976,2.5609756097560976,2.5609756097560976,2.5609756097560976,2.5609756097560976,2.195121951219512,2.195121951219512,1.8292682926829267,1.8292682926829267,1.8292682926829267,1.4634146341463414,1.4634146341463414,1.4634146341463414,1.4634146341463414,1.4634146341463414,1.4634146341463414,1.4634146341463414,1.097560975609756,1.097560975609756,1.097560975609756,0.7317073170731707,0.0,0.0,0.0,0.0,0.0,0.0,0.0,0.0,0.0,0.0,193.13780487804877
22,7.297297297297297,7.297297297297297,7.297297297297297,7.297297297297297,7.297297297297297,7.297297297297297,7.297297297297297,7.297297297297297,7.297297297297297,7.297297297297297,7.297297297297297,7.297297297297297,7.297297297297297,7.297297297297297,7.297297297297297,7.297297297297297,7.297297297297297,7.297297297297297,7.297297297297297,7.297297297297297,7.297297297297297,6.486486486486487,6.486486486486487,6.486486486486487,6.486486486486487,6.486486486486487,6.486486486486487,5.675675675675676,5.675675675675676,5.675675675675676,4.864864864864865,4.864864864864865,4.864864864864865,4.864864864864865,4.864864864864865,4.864864864864865,4.864864864864865,4.864864864864865,4.054054054054054,4.054054054054054,4.054054054054054,4.054054054054054,4.054054054054054,4.054054054054054,4.054054054054054,4.054054054054054,4.054054054054054,4.054054054054054,4.054054054054054,4.054054054054054,4.054054054054054,4.054054054054054,4.054054054054054,4.054054054054054,4.054054054054054,4.054054054054054,3.2432432432432434,3.2432432432432434,3.2432432432432434,3.2432432432432434,3.2432432432432434,3.2432432432432434,3.2432432432432434,3.2432432432432434,3.2432432432432434,3.2432432432432434,3.2432432432432434,3.2432432432432434,3.2432432432432434,3.2432432432432434,1.6216216216216217,1.6216216216216217,1.6216216216216217,1.6216216216216217,0.8108108108108109,0.8108108108108109,0.8108108108108109,0.8108108108108109,0.8108108108108109,0.8108108108108109,0.8108108108108109,0.8108108108108109,0.8108108108108109,0.8108108108108109,0.8108108108108109,0.8108108108108109,0.8108108108108109,0.8108108108108109,0.0,0.0,0.0,0.0,0.0,0.0,0.0,0.0,0.0,0.0,0.0,0.0,506.79729729729723
23,0.0,0.0,0.0,0.0,0.0,0.0,0.0,0.0,0.0,0.0,0.0,0.0,0.0,0.0,0.0,0.0,0.0,0.0,0.0,0.0,0.0,0.0,0.0,0.0,0.0,0.0,0.0,0.0,0.0,0.0,0.0,0.0,0.0,0.0,0.0,0.0,0.0,0.0,0.0,0.0,0.0,0.0,0.0,0.0,0.0,0.0,0.0,0.0,0.0,0.0,0.0,0.0,0.0,0.0,0.0,0.0,0.0,0.0,0.0,0.0,0.0,0.0,0.0,0.0,0.0,0.0,0.0,0.0,0.0,0.0,0.0,0.0,0.0,0.0,0.0,0.0,0.0,0.0,0.0,0.0,0.0,0.0,0.0,0.0,0.0,0.0,0.0,0.0,0.0,0.0,0.0,0.0,0.0,0.0,0.0,0.0,0.0,0.0,0.0,0.0,202.78846153846155
24,1.6666666666666665,1.6666666666666665,1.6666666666666665,1.6666666666666665,1.6666666666666665,1.6666666666666665,1.6666666666666665,1.6666666666666665,1.6666666666666665,1.6666666666666665,1.6666666666666665,1.6666666666666665,1.6666666666666665,1.6666666666666665,1.6666666666666665,1.6666666666666665,1.6666666666666665,1.6666666666666665,1.6666666666666665,1.6666666666666665,1.6666666666666665,1.6666666666666665,0.8333333333333333,0.8333333333333333,0.8333333333333333,0.8333333333333333,0.8333333333333333,0.8333333333333333,0.8333333333333333,0.8333333333333333,0.8333333333333333,0.8333333333333333,0.8333333333333333,0.8333333333333333,0.8333333333333333,0.8333333333333333,0.8333333333333333,0.8333333333333333,0.8333333333333333,0.8333333333333333,0.8333333333333333,0.8333333333333333,0.8333333333333333,0.8333333333333333,0.8333333333333333,0.8333333333333333,0.8333333333333333,0.8333333333333333,0.8333333333333333,0.8333333333333333,0.8333333333333333,0.8333333333333333,0.8333333333333333,0.8333333333333333,0.8333333333333333,0.8333333333333333,0.8333333333333333,0.8333333333333333,0.8333333333333333,0.8333333333333333,0.8333333333333333,0.8333333333333333,0.8333333333333333,0.8333333333333333,0.8333333333333333,0.8333333333333333,0.8333333333333333,0.8333333333333333,0.8333333333333333,0.8333333333333333,0.8333333333333333,0.8333333333333333,0.8333333333333333,0.8333333333333333,0.8333333333333333,0.8333333333333333,0.8333333333333333,0.8333333333333333,0.0,0.0,0.0,0.0,0.0,0.0,0.0,0.0,0.0,0.0,0.0,0.0,0.0,0.0,0.0,0.0,0.0,0.0,0.0,0.0,0.0,0.0,469.06666666666666
25,0.0,0.0,0.0,0.0,0.0,0.0,0.0,0.0,0.0,0.0,0.0,0.0,0.0,0.0,0.0,0.0,0.0,0.0,0.0,0.0,0.0,0.0,0.0,0.0,0.0,0.0,0.0,0.0,0.0,0.0,0.0,0.0,0.0,0.0,0.0,0.0,0.0,0.0,0.0,0.0,0.0,0.0,0.0,0.0,0.0,0.0,0.0,0.0,0.0,0.0,0.0,0.0,0.0,0.0,0.0,0.0,0.0,0.0,0.0,0.0,0.0,0.0,0.0,0.0,0.0,0.0,0.0,0.0,0.0,0.0,0.0,0.0,0.0,0.0,0.0,0.0,0.0,0.0,0.0,0.0,0.0,0.0,0.0,0.0,0.0,0.0,0.0,0.0,0.0,0.0,0.0,0.0,0.0,0.0,0.0,0.0,0.0,0.0,0.0,0.0,603.6942857142857
26,1.1111111111111112,1.1111111111111112,1.1111111111111112,1.1111111111111112,1.1111111111111112,1.1111111111111112,1.1111111111111112,1.1111111111111112,1.1111111111111112,1.1111111111111112,1.1111111111111112,1.1111111111111112,1.1111111111111112,1.1111111111111112,1.1111111111111112,1.1111111111111112,1.1111111111111112,1.1111111111111112,1.1111111111111112,1.1111111111111112,1.1111111111111112,1.1111111111111112,1.1111111111111112,1.1111111111111112,1.1111111111111112,1.1111111111111112,1.1111111111111112,1.1111111111111112,1.1111111111111112,1.1111111111111112,1.1111111111111112,1.1111111111111112,1.1111111111111112,1.1111111111111112,1.1111111111111112,1.1111111111111112,1.1111111111111112,1.1111111111111112,1.1111111111111112,0.0,0.0,0.0,0.0,0.0,0.0,0.0,0.0,0.0,0.0,0.0,0.0,0.0,0.0,0.0,0.0,0.0,0.0,0.0,0.0,0.0,0.0,0.0,0.0,0.0,0.0,0.0,0.0,0.0,0.0,0.0,0.0,0.0,0.0,0.0,0.0,0.0,0.0,0.0,0.0,0.0,0.0,0.0,0.0,0.0,0.0,0.0,0.0,0.0,0.0,0.0,0.0,0.0,0.0,0.0,0.0,0.0,0.0,0.0,0.0,0.0,131.0888888888889
27,0.0,0.0,0.0,0.0,0.0,0.0,0.0,0.0,0.0,0.0,0.0,0.0,0.0,0.0,0.0,0.0,0.0,0.0,0.0,0.0,0.0,0.0,0.0,0.0,0.0,0.0,0.0,0.0,0.0,0.0,0.0,0.0,0.0,0.0,0.0,0.0,0.0,0.0,0.0,0.0,0.0,0.0,0.0,0.0,0.0,0.0,0.0,0.0,0.0,0.0,0.0,0.0,0.0,0.0,0.0,0.0,0.0,0.0,0.0,0.0,0.0,0.0,0.0,0.0,0.0,0.0,0.0,0.0,0.0,0.0,0.0,0.0,0.0,0.0,0.0,0.0,0.0,0.0,0.0,0.0,0.0,0.0,0.0,0.0,0.0,0.0,0.0,0.0,0.0,0.0,0.0,0.0,0.0,0.0,0.0,0.0,0.0,0.0,0.0,0.0,592.5181818181818
28,0.0,0.0,0.0,0.0,0.0,0.0,0.0,0.0,0.0,0.0,0.0,0.0,0.0,0.0,0.0,0.0,0.0,0.0,0.0,0.0,0.0,0.0,0.0,0.0,0.0,0.0,0.0,0.0,0.0,0.0,0.0,0.0,0.0,0.0,0.0,0.0,0.0,0.0,0.0,0.0,0.0,0.0,0.0,0.0,0.0,0.0,0.0,0.0,0.0,0.0,0.0,0.0,0.0,0.0,0.0,0.0,0.0,0.0,0.0,0.0,0.0,0.0,0.0,0.0,0.0,0.0,0.0,0.0,0.0,0.0,0.0,0.0,0.0,0.0,0.0,0.0,0.0,0.0,0.0,0.0,0.0,0.0,0.0,0.0,0.0,0.0,0.0,0.0,0.0,0.0,0.0,0.0,0.0,0.0,0.0,0.0,0.0,0.0,0.0,0.0,609.66
29,4.615384615384616,4.615384615384616,4.615384615384616,4.615384615384616,4.285714285714286,4.285714285714286,4.285714285714286,4.285714285714286,4.285714285714286,4.285714285714286,4.285714285714286,3.956043956043956,3.956043956043956,3.956043956043956,3.956043956043956,3.6263736263736264,3.6263736263736264,3.6263736263736264,3.6263736263736264,3.6263736263736264,3.6263736263736264,3.6263736263736264,3.6263736263736264,3.6263736263736264,3.6263736263736264,2.9670329670329667,2.307692307692308,2.307692307692308,2.307692307692308,1.978021978021978,1.978021978021978,1.978021978021978,1.978021978021978,1.978021978021978,1.6483516483516483,1.6483516483516483,1.6483516483516483,1.6483516483516483,1.6483516483516483,1.6483516483516483,1.6483516483516483,1.6483516483516483,1.6483516483516483,1.6483516483516483,1.6483516483516483,1.6483516483516483,1.6483516483516483,1.6483516483516483,1.6483516483516483,1.6483516483516483,1.6483516483516483,1.6483516483516483,1.6483516483516483,1.6483516483516483,1.3186813186813189,1.3186813186813189,1.3186813186813189,1.3186813186813189,1.3186813186813189,0.989010989010989,0.989010989010989,0.989010989010989,0.989010989010989,0.6593406593406594,0.6593406593406594,0.3296703296703297,0.3296703296703297,0.3296703296703297,0.3296703296703297,0.3296703296703297,0.3296703296703297,0.3296703296703297,0.3296703296703297,0.3296703296703297,0.3296703296703297,0.3296703296703297,0.3296703296703297,0.3296703296703297,0.3296703296703297,0.3296703296703297,0.3296703296703297,0.3296703296703297,0.3296703296703297,0.3296703296703297,0.3296703296703297,0.3296703296703297,0.3296703296703297,0.3296703296703297,0.3296703296703297,0.3296703296703297,0.3296703296703297,0.3296703296703297,0.3296703296703297,0.0,0.0,0.0,0.0,0.0,0.0,0.0,449.46923076923076
30,8.571428571428571,8.571428571428571,8.571428571428571,8.571428571428571,8.571428571428571,8.571428571428571,8.571428571428571,7.7142857142857135,7.7142857142857135,6.857142857142857,6.857142857142857,6.0,6.0,5.142857142857143,5.142857142857143,5.142857142857143,5.142857142857143,5.142857142857143,5.142857142857143,5.142857142857143,4.285714285714286,4.285714285714286,4.285714285714286,4.285714285714286,4.285714285714286,4.285714285714286,4.285714285714286,4.285714285714286,4.285714285714286,4.285714285714286,4.285714285714286,4.285714285714286,4.285714285714286,4.285714285714286,4.285714285714286,4.285714285714286,4.285714285714286,4.285714285714286,3.4285714285714284,2.5714285714285716,2.5714285714285716,2.5714285714285716,2.5714285714285716,1.7142857142857142,0.8571428571428571,0.8571428571428571,0.8571428571428571,0.8571428571428571,0.8571428571428571,0.8571428571428571,0.8571428571428571,0.8571428571428571,0.8571428571428571,0.8571428571428571,0.8571428571428571,0.8571428571428571,0.8571428571428571,0.8571428571428571,0.8571428571428571,0.8571428571428571,0.8571428571428571,0.8571428571428571,0.8571428571428571,0.8571428571428571,0.8571428571428571,0.8571428571428571,0.8571428571428571,0.8571428571428571,0.8571428571428571,0.8571428571428571,0.8571428571428571,0.8571428571428571,0.8571428571428571,0.8571428571428571,0.8571428571428571,0.8571428571428571,0.8571428571428571,0.8571428571428571,0.8571428571428571,0.8571428571428571,0.8571428571428571,0.8571428571428571,0.8571428571428571,0.0,0.0,0.0,0.0,0.0,0.0,0.0,0.0,0.0,0.0,0.0,0.0,0.0,0.0,0.0,0.0,0.0,558.0171428571429
31,0.6122448979591836,0.6122448979591836,0.6122448979591836,0.6122448979591836,0.6122448979591836,0.6122448979591836,0.6122448979591836,0.6122448979591836,0.6122448979591836,0.6122448979591836,0.6122448979591836,0.0,0.0,0.0,0.0,0.0,0.0,0.0,0.0,0.0,0.0,0.0,0.0,0.0,0.0,0.0,0.0,0.0,0.0,0.0,0.0,0.0,0.0,0.0,0.0,0.0,0.0,0.0,0.0,0.0,0.0,0.0,0.0,0.0,0.0,0.0,0.0,0.0,0.0,0.0,0.0,0.0,0.0,0.0,0.0,0.0,0.0,0.0,0.0,0.0,0.0,0.0,0.0,0.0,0.0,0.0,0.0,0.0,0.0,0.0,0.0,0.0,0.0,0.0,0.0,0.0,0.0,0.0,0.0,0.0,0.0,0.0,0.0,0.0,0.0,0.0,0.0,0.0,0.0,0.0,0.0,0.0,0.0,0.0,0.0,0.0,0.0,0.0,0.0,0.0,569.4061224489795
32,0.4838709677419355,0.4838709677419355,0.4838709677419355,0.4838709677419355,0.4838709677419355,0.4838709677419355,0.4838709677419355,0.4838709677419355,0.4838709677419355,0.4838709677419355,0.4838709677419355,0.4838709677419355,0.4838709677419355,0.4838709677419355,0.4838709677419355,0.4838709677419355,0.4838709677419355,0.4838709677419355,0.4838709677419355,0.4838709677419355,0.4838709677419355,0.4838709677419355,0.4838709677419355,0.4838709677419355,0.4838709677419355,0.4838709677419355,0.4838709677419355,0.4838709677419355,0.4838709677419355,0.4838709677419355,0.4838709677419355,0.4838709677419355,0.4838709677419355,0.4838709677419355,0.4838709677419355,0.4838709677419355,0.4838709677419355,0.4838709677419355,0.4838709677419355,0.4838709677419355,0.4838709677419355,0.4838709677419355,0.4838709677419355,0.4838709677419355,0.4838709677419355,0.4838709677419355,0.4838709677419355,0.4838709677419355,0.4838709677419355,0.4838709677419355,0.4838709677419355,0.4838709677419355,0.4838709677419355,0.4838709677419355,0.0,0.0,0.0,0.0,0.0,0.0,0.0,0.0,0.0,0.0,0.0,0.0,0.0,0.0,0.0,0.0,0.0,0.0,0.0,0.0,0.0,0.0,0.0,0.0,0.0,0.0,0.0,0.0,0.0,0.0,0.0,0.0,0.0,0.0,0.0,0.0,0.0,0.0,0.0,0.0,0.0,0.0,0.0,0.0,0.0,0.0,2772.401612903226
33,0.0,0.0,0.0,0.0,0.0,0.0,0.0,0.0,0.0,0.0,0.0,0.0,0.0,0.0,0.0,0.0,0.0,0.0,0.0,0.0,0.0,0.0,0.0,0.0,0.0,0.0,0.0,0.0,0.0,0.0,0.0,0.0,0.0,0.0,0.0,0.0,0.0,0.0,0.0,0.0,0.0,0.0,0.0,0.0,0.0,0.0,0.0,0.0,0.0,0.0,0.0,0.0,0.0,0.0,0.0,0.0,0.0,0.0,0.0,0.0,0.0,0.0,0.0,0.0,0.0,0.0,0.0,0.0,0.0,0.0,0.0,0.0,0.0,0.0,0.0,0.0,0.0,0.0,0.0,0.0,0.0,0.0,0.0,0.0,0.0,0.0,0.0,0.0,0.0,0.0,0.0,0.0,0.0,0.0,0.0,0.0,0.0,0.0,0.0,0.0,1909.7558823529412
34,0.5,0.5,0.5,0.5,0.5,0.5,0.5,0.5,0.5,0.5,0.5,0.5,0.5,0.5,0.5,0.5,0.5,0.5,0.5,0.5,0.5,0.5,0.5,0.5,0.5,0.5,0.5,0.5,0.5,0.5,0.5,0.5,0.5,0.5,0.5,0.5,0.5,0.5,0.5,0.5,0.5,0.5,0.5,0.5,0.5,0.5,0.5,0.5,0.5,0.5,0.5,0.5,0.5,0.5,0.5,0.5,0.5,0.5,0.5,0.0,0.0,0.0,0.0,0.0,0.0,0.0,0.0,0.0,0.0,0.0,0.0,0.0,0.0,0.0,0.0,0.0,0.0,0.0,0.0,0.0,0.0,0.0,0.0,0.0,0.0,0.0,0.0,0.0,0.0,0.0,0.0,0.0,0.0,0.0,0.0,0.0,0.0,0.0,0.0,0.0,317.315
35,0.0,0.0,0.0,0.0,0.0,0.0,0.0,0.0,0.0,0.0,0.0,0.0,0.0,0.0,0.0,0.0,0.0,0.0,0.0,0.0,0.0,0.0,0.0,0.0,0.0,0.0,0.0,0.0,0.0,0.0,0.0,0.0,0.0,0.0,0.0,0.0,0.0,0.0,0.0,0.0,0.0,0.0,0.0,0.0,0.0,0.0,0.0,0.0,0.0,0.0,0.0,0.0,0.0,0.0,0.0,0.0,0.0,0.0,0.0,0.0,0.0,0.0,0.0,0.0,0.0,0.0,0.0,0.0,0.0,0.0,0.0,0.0,0.0,0.0,0.0,0.0,0.0,0.0,0.0,0.0,0.0,0.0,0.0,0.0,0.0,0.0,0.0,0.0,0.0,0.0,0.0,0.0,0.0,0.0,0.0,0.0,0.0,0.0,0.0,0.0,294.68709677419355
36,6.0,6.0,6.0,6.0,6.0,6.0,6.0,6.0,5.0,5.0,5.0,5.0,5.0,5.0,5.0,5.0,5.0,5.0,5.0,5.0,5.0,5.0,5.0,5.0,5.0,5.0,5.0,5.0,5.0,5.0,5.0,5.0,5.0,5.0,5.0,5.0,5.0,5.0,5.0,5.0,5.0,5.0,5.0,5.0,5.0,5.0,5.0,4.0,4.0,4.0,4.0,4.0,3.0,3.0,3.0,3.0,3.0,3.0,3.0,3.0,2.0,2.0,2.0,2.0,2.0,2.0,2.0,2.0,2.0,1.0,1.0,1.0,1.0,1.0,1.0,1.0,1.0,1.0,1.0,1.0,1.0,0.0,0.0,0.0,0.0,0.0,0.0,0.0,0.0,0.0,0.0,0.0,0.0,0.0,0.0,0.0,0.0,0.0,0.0,0.0,244.73999999999998
37,10.90909090909091,10.90909090909091,10.90909090909091,10.90909090909091,10.90909090909091,10.90909090909091,10.90909090909091,10.90909090909091,10.90909090909091,10.0,10.0,10.0,10.0,10.0,10.0,10.0,10.0,10.0,10.0,10.0,10.0,10.0,10.0,10.0,10.0,10.0,10.0,10.0,10.0,9.090909090909092,9.090909090909092,9.090909090909092,8.181818181818182,8.181818181818182,8.181818181818182,8.181818181818182,8.181818181818182,8.181818181818182,7.272727272727273,7.272727272727273,7.272727272727273,7.272727272727273,7.272727272727273,7.272727272727273,7.272727272727273,7.272727272727273,7.272727272727273,7.272727272727273,7.272727272727273,7.272727272727273,7.272727272727273,6.363636363636364,6.363636363636364,6.363636363636364,6.363636363636364,6.363636363636364,6.363636363636364,5.454545454545455,5.454545454545455,5.454545454545455,5.454545454545455,5.454545454545455,5.454545454545455,5.454545454545455,5.454545454545455,5.454545454545455,4.545454545454546,4.545454545454546,4.545454545454546,4.545454545454546,4.545454545454546,4.545454545454546,4.545454545454546,4.545454545454546,4.545454545454546,4.545454545454546,4.545454545454546,3.6363636363636367,3.6363636363636367,3.6363636363636367,3.6363636363636367,2.7272727272727275,2.7272727272727275,2.7272727272727275,2.7272727272727275,2.7272727272727275,2.7272727272727275,1.8181818181818183,1.8181818181818183,0.9090909090909092,0.9090909090909092,0.9090909090909092,0.0,0.0,0.0,0.0,0.0,0.0,0.0,0.0,210.83636363636361
38,6.428571428571428,5.357142857142858,5.357142857142858,5.357142857142858,5.357142857142858,5.357142857142858,5.357142857142858,5.357142857142858,5.357142857142858,5.357142857142858,5.357142857142858,5.357142857142858,5.357142857142858,5.357142857142858,5.357142857142858,5.357142857142858,4.285714285714286,4.285714285714286,4.285714285714286,4.285714285714286,4.285714285714286,4.285714285714286,4.285714285714286,3.214285714285714,3.214285714285714,3.214285714285714,3.214285714285714,3.214285714285714,3.214285714285714,3.214285714285714,3.214285714285714,3.214285714285714,3.214285714285714,2.142857142857143,2.142857142857143,2.142857142857143,2.142857142857143,2.142857142857143,2.142857142857143,2.142857142857143,2.142857142857143,2.142857142857143,2.142857142857143,2.142857142857143,2.142857142857143,1.0714285714285714,1.0714285714285714,1.0714285714285714,1.0714285714285714,1.0714285714285714,1.0714285714285714,1.0714285714285714,1.0714285714285714,1.0714285714285714,1.0714285714285714,1.0714285714285714,1.0714285714285714,1.0714285714285714,1.0714285714285714,1.0714285714285714,1.0714285714285714,1.0714285714285714,1.0714285714285714,1.0714285714285714,1.0714285714285714,1.0714285714285714,1.0714285714285714,1.0714285714285714,1.0714285714285714,1.0714285714285714,1.0714285714285714,1.0714285714285714,1.0714285714285714,1.0714285714285714,1.0714285714285714,1.0714285714285714,1.0714285714285714,1.0714285714285714,1.0714285714285714,1.0714285714285714,1.0714285714285714,1.0714285714285714,1.0714285714285714,1.0714285714285714,1.0714285714285714,0.0,0.0,0.0,0.0,0.0,0.0,0.0,0.0,0.0,0.0,0.0,0.0,0.0,0.0,0.0,424.725
39,15.0,13.928571428571429,13.928571428571429,13.928571428571429,13.928571428571429,13.928571428571429,12.857142857142856,12.857142857142856,12.857142857142856,12.857142857142856,12.857142857142856,12.857142857142856,12.857142857142856,12.857142857142856,12.857142857142856,12.857142857142856,12.857142857142856,12.857142857142856,12.857142857142856,12.857142857142856,11.785714285714285,11.785714285714285,11.785714285714285,11.785714285714285,11.785714285714285,11.785714285714285,11.785714285714285,11.785714285714285,11.785714285714285,11.785714285714285,11.785714285714285,11.785714285714285,11.785714285714285,11.785714285714285,10.714285714285715,10.714285714285715,10.714285714285715,9.642857142857144,9.642857142857144,9.642857142857144,9.642857142857144,9.642857142857144,8.571428571428571,8.571428571428571,8.571428571428571,7.5,7.5,7.5,7.5,7.5,7.5,7.5,7.5,6.428571428571428,5.357142857142858,5.357142857142858,5.357142857142858,5.357142857142858,5.357142857142858,4.285714285714286,4.285714285714286,4.285714285714286,3.214285714285714,3.214285714285714,3.214285714285714,3.214285714285714,3.214285714285714,3.214285714285714,3.214285714285714,3.214285714285714,3.214285714285714,3.214285714285714,3.214285714285714,3.214285714285714,3.214285714285714,3.214285714285714,2.142857142857143,2.142857142857143,2.142857142857143,2.142857142857143,2.142857142857143,2.142857142857143,2.142857142857143,2.142857142857143,2.142857142857143,2.142857142857143,1.0714285714285714,1.0714285714285714,1.0714285714285714,1.0714285714285714,1.0714285714285714,1.0714285714285714,1.0714285714285714,0.0,0.0,0.0,0.0,0.0,0.0,0.0,490.6928571428572
40,6.0,5.0,5.0,5.0,5.0,5.0,5.0,4.0,4.0,4.0,4.0,4.0,4.0,4.0,4.0,4.0,4.0,4.0,3.0,3.0,3.0,3.0,3.0,2.0,2.0,2.0,2.0,2.0,2.0,2.0,2.0,2.0,2.0,2.0,2.0,2.0,1.0,1.0,1.0,1.0,1.0,1.0,1.0,1.0,1.0,1.0,1.0,1.0,1.0,1.0,1.0,1.0,1.0,1.0,1.0,1.0,1.0,1.0,1.0,1.0,1.0,1.0,1.0,1.0,1.0,1.0,1.0,1.0,1.0,1.0,1.0,1.0,1.0,1.0,1.0,0.0,0.0,0.0,0.0,0.0,0.0,0.0,0.0,0.0,0.0,0.0,0.0,0.0,0.0,0.0,0.0,0.0,0.0,0.0,0.0,0.0,0.0,0.0,0.0,0.0,269.5
41,0.0,0.0,0.0,0.0,0.0,0.0,0.0,0.0,0.0,0.0,0.0,0.0,0.0,0.0,0.0,0.0,0.0,0.0,0.0,0.0,0.0,0.0,0.0,0.0,0.0,0.0,0.0,0.0,0.0,0.0,0.0,0.0,0.0,0.0,0.0,0.0,0.0,0.0,0.0,0.0,0.0,0.0,0.0,0.0,0.0,0.0,0.0,0.0,0.0,0.0,0.0,0.0,0.0,0.0,0.0,0.0,0.0,0.0,0.0,0.0,0.0,0.0,0.0,0.0,0.0,0.0,0.0,0.0,0.0,0.0,0.0,0.0,0.0,0.0,0.0,0.0,0.0,0.0,0.0,0.0,0.0,0.0,0.0,0.0,0.0,0.0,0.0,0.0,0.0,0.0,0.0,0.0,0.0,0.0,0.0,0.0,0.0,0.0,0.0,0.0,366.94864864864866
42,0.0,0.0,0.0,0.0,0.0,0.0,0.0,0.0,0.0,0.0,0.0,0.0,0.0,0.0,0.0,0.0,0.0,0.0,0.0,0.0,0.0,0.0,0.0,0.0,0.0,0.0,0.0,0.0,0.0,0.0,0.0,0.0,0.0,0.0,0.0,0.0,0.0,0.0,0.0,0.0,0.0,0.0,0.0,0.0,0.0,0.0,0.0,0.0,0.0,0.0,0.0,0.0,0.0,0.0,0.0,0.0,0.0,0.0,0.0,0.0,0.0,0.0,0.0,0.0,0.0,0.0,0.0,0.0,0.0,0.0,0.0,0.0,0.0,0.0,0.0,0.0,0.0,0.0,0.0,0.0,0.0,0.0,0.0,0.0,0.0,0.0,0.0,0.0,0.0,0.0,0.0,0.0,0.0,0.0,0.0,0.0,0.0,0.0,0.0,0.0,1283.9
43,0.0,0.0,0.0,0.0,0.0,0.0,0.0,0.0,0.0,0.0,0.0,0.0,0.0,0.0,0.0,0.0,0.0,0.0,0.0,0.0,0.0,0.0,0.0,0.0,0.0,0.0,0.0,0.0,0.0,0.0,0.0,0.0,0.0,0.0,0.0,0.0,0.0,0.0,0.0,0.0,0.0,0.0,0.0,0.0,0.0,0.0,0.0,0.0,0.0,0.0,0.0,0.0,0.0,0.0,0.0,0.0,0.0,0.0,0.0,0.0,0.0,0.0,0.0,0.0,0.0,0.0,0.0,0.0,0.0,0.0,0.0,0.0,0.0,0.0,0.0,0.0,0.0,0.0,0.0,0.0,0.0,0.0,0.0,0.0,0.0,0.0,0.0,0.0,0.0,0.0,0.0,0.0,0.0,0.0,0.0,0.0,0.0,0.0,0.0,0.0,494.4222222222223
44,0.8571428571428571,0.8571428571428571,0.8571428571428571,0.8571428571428571,0.8571428571428571,0.8571428571428571,0.8571428571428571,0.8571428571428571,0.8571428571428571,0.8571428571428571,0.8571428571428571,0.8571428571428571,0.8571428571428571,0.8571428571428571,0.8571428571428571,0.8571428571428571,0.8571428571428571,0.8571428571428571,0.8571428571428571,0.8571428571428571,0.8571428571428571,0.8571428571428571,0.8571428571428571,0.8571428571428571,0.8571428571428571,0.8571428571428571,0.8571428571428571,0.8571428571428571,0.8571428571428571,0.8571428571428571,0.8571428571428571,0.8571428571428571,0.8571428571428571,0.8571428571428571,0.8571428571428571,0.8571428571428571,0.8571428571428571,0.8571428571428571,0.8571428571428571,0.8571428571428571,0.8571428571428571,0.8571428571428571,0.8571428571428571,0.8571428571428571,0.8571428571428571,0.8571428571428571,0.8571428571428571,0.8571428571428571,0.8571428571428571,0.8571428571428571,0.8571428571428571,0.8571428571428571,0.8571428571428571,0.8571428571428571,0.8571428571428571,0.8571428571428571,0.8571428571428571,0.8571428571428571,0.8571428571428571,0.8571428571428571,0.8571428571428571,0.8571428571428571,0.8571428571428571,0.8571428571428571,0.8571428571428571,0.8571428571428571,0.8571428571428571,0.8571428571428571,0.8571428571428571,0.8571428571428571,0.8571428571428571,0.8571428571428571,0.8571428571428571,0.8571428571428571,0.8571428571428571,0.8571428571428571,0.8571428571428571,0.8571428571428571,0.8571428571428571,0.8571428571428571,0.8571428571428571,0.8571428571428571,0.0,0.0,0.0,0.0,0.0,0.0,0.0,0.0,0.0,0.0,0.0,0.0,0.0,0.0,0.0,0.0,0.0,0.0,377.9657142857143
45,0.0,0.0,0.0,0.0,0.0,0.0,0.0,0.0,0.0,0.0,0.0,0.0,0.0,0.0,0.0,0.0,0.0,0.0,0.0,0.0,0.0,0.0,0.0,0.0,0.0,0.0,0.0,0.0,0.0,0.0,0.0,0.0,0.0,0.0,0.0,0.0,0.0,0.0,0.0,0.0,0.0,0.0,0.0,0.0,0.0,0.0,0.0,0.0,0.0,0.0,0.0,0.0,0.0,0.0,0.0,0.0,0.0,0.0,0.0,0.0,0.0,0.0,0.0,0.0,0.0,0.0,0.0,0.0,0.0,0.0,0.0,0.0,0.0,0.0,0.0,0.0,0.0,0.0,0.0,0.0,0.0,0.0,0.0,0.0,0.0,0.0,0.0,0.0,0.0,0.0,0.0,0.0,0.0,0.0,0.0,0.0,0.0,0.0,0.0,0.0,4817.6884615384615
46,0.0,0.0,0.0,0.0,0.0,0.0,0.0,0.0,0.0,0.0,0.0,0.0,0.0,0.0,0.0,0.0,0.0,0.0,0.0,0.0,0.0,0.0,0.0,0.0,0.0,0.0,0.0,0.0,0.0,0.0,0.0,0.0,0.0,0.0,0.0,0.0,0.0,0.0,0.0,0.0,0.0,0.0,0.0,0.0,0.0,0.0,0.0,0.0,0.0,0.0,0.0,0.0,0.0,0.0,0.0,0.0,0.0,0.0,0.0,0.0,0.0,0.0,0.0,0.0,0.0,0.0,0.0,0.0,0.0,0.0,0.0,0.0,0.0,0.0,0.0,0.0,0.0,0.0,0.0,0.0,0.0,0.0,0.0,0.0,0.0,0.0,0.0,0.0,0.0,0.0,0.0,0.0,0.0,0.0,0.0,0.0,0.0,0.0,0.0,0.0,541.55
47,0.0,0.0,0.0,0.0,0.0,0.0,0.0,0.0,0.0,0.0,0.0,0.0,0.0,0.0,0.0,0.0,0.0,0.0,0.0,0.0,0.0,0.0,0.0,0.0,0.0,0.0,0.0,0.0,0.0,0.0,0.0,0.0,0.0,0.0,0.0,0.0,0.0,0.0,0.0,0.0,0.0,0.0,0.0,0.0,0.0,0.0,0.0,0.0,0.0,0.0,0.0,0.0,0.0,0.0,0.0,0.0,0.0,0.0,0.0,0.0,0.0,0.0,0.0,0.0,0.0,0.0,0.0,0.0,0.0,0.0,0.0,0.0,0.0,0.0,0.0,0.0,0.0,0.0,0.0,0.0,0.0,0.0,0.0,0.0,0.0,0.0,0.0,0.0,0.0,0.0,0.0,0.0,0.0,0.0,0.0,0.0,0.0,0.0,0.0,0.0,483.4642857142857
