per,h_p90.0_wsnumber,h_p90.1_wsnumber,h_p90.2_wsnumber,h_p90.3_wsnumber,h_p90.4_wsnumber,h_p90.5_wsnumber,h_p90.6_wsnumber,h_p90.7_wsnumber,h_p90.8_wsnumber,h_p90.9_wsnumber,h_p91.0_wsnumber,h_p91.1_wsnumber,h_p91.2_wsnumber,h_p91.3_wsnumber,h_p91.4_wsnumber,h_p91.5_wsnumber,h_p91.6_wsnumber,h_p91.7_wsnumber,h_p91.8_wsnumber,h_p91.9_wsnumber,h_p92.0_wsnumber,h_p92.1_wsnumber,h_p92.2_wsnumber,h_p92.3_wsnumber,h_p92.4_wsnumber,h_p92.5_wsnumber,h_p92.6_wsnumber,h_p92.7_wsnumber,h_p92.8_wsnumber,h_p92.9_wsnumber,h_p93.0_wsnumber,h_p93.1_wsnumber,h_p93.2_wsnumber,h_p93.3_wsnumber,h_p93.4_wsnumber,h_p93.5_wsnumber,h_p93.6_wsnumber,h_p93.7_wsnumber,h_p93.8_wsnumber,h_p93.9_wsnumber,h_p94.0_wsnumber,h_p94.1_wsnumber,h_p94.2_wsnumber,h_p94.3_wsnumber,h_p94.4_wsnumber,h_p94.5_wsnumber,h_p94.6_wsnumber,h_p94.7_wsnumber,h_p94.8_wsnumber,h_p94.9_wsnumber,h_p95.0_wsnumber,h_p95.1_wsnumber,h_p95.2_wsnumber,h_p95.3_wsnumber,h_p95.4_wsnumber,h_p95.5_wsnumber,h_p95.6_wsnumber,h_p95.7_wsnumber,h_p95.8_wsnumber,h_p95.9_wsnumber,h_p96.0_wsnumber,h_p96.1_wsnumber,h_p96.2_wsnumber,h_p96.3_wsnumber,h_p96.4_wsnumber,h_p96.5_wsnumber,h_p96.6_wsnumber,h_p96.7_wsnumber,h_p96.8_wsnumber,h_p96.9_wsnumber,h_p97.0_wsnumber,h_p97.1_wsnumber,h_p97.2_wsnumber,h_p97.3_wsnumber,h_p97.4_wsnumber,h_p97.5_wsnumber,h_p97.6_wsnumber,h_p97.7_wsnumber,h_p97.8_wsnumber,h_p97.9_wsnumber,h_p98.0_wsnumber,h_p98.1_wsnumber,h_p98.2_wsnumber,h_p98.3_wsnumber,h_p98.4_wsnumber,h_p98.5_wsnumber,h_p98.6_wsnumber,h_p98.7_wsnumber,h_p98.8_wsnumber,h_p98.9_wsnumber,h_p99.0_wsnumber,h_p99.1_wsnumber,h_p99.2_wsnumber,h_p99.3_wsnumber,h_p99.4_wsnumber,h_p99.5_wsnumber,h_p99.6_wsnumber,h_p99.7_wsnumber,h_p99.8_wsnumber,h_p99.9_wsnumber,area
1,4.285714285714286,4.285714285714286,4.285714285714286,4.285714285714286,4.285714285714286,4.285714285714286,4.285714285714286,3.4285714285714284,3.4285714285714284,3.4285714285714284,3.4285714285714284,3.4285714285714284,3.4285714285714284,3.4285714285714284,3.4285714285714284,3.4285714285714284,3.4285714285714284,3.4285714285714284,3.4285714285714284,3.4285714285714284,3.4285714285714284,3.4285714285714284,3.4285714285714284,3.4285714285714284,3.4285714285714284,3.4285714285714284,3.4285714285714284,3.4285714285714284,3.4285714285714284,3.4285714285714284,3.4285714285714284,2.5714285714285716,2.5714285714285716,2.5714285714285716,2.5714285714285716,2.5714285714285716,2.5714285714285716,2.5714285714285716,2.5714285714285716,2.5714285714285716,2.5714285714285716,2.5714285714285716,2.5714285714285716,2.5714285714285716,2.5714285714285716,2.5714285714285716,2.5714285714285716,2.5714285714285716,2.5714285714285716,2.5714285714285716,2.5714285714285716,2.5714285714285716,2.5714285714285716,2.5714285714285716,2.5714285714285716,2.5714285714285716,2.5714285714285716,2.5714285714285716,2.5714285714285716,2.5714285714285716,2.5714285714285716,2.5714285714285716,2.5714285714285716,2.5714285714285716,2.5714285714285716,2.5714285714285716,2.5714285714285716,2.5714285714285716,2.5714285714285716,2.5714285714285716,2.5714285714285716,2.5714285714285716,2.5714285714285716,2.5714285714285716,2.5714285714285716,2.5714285714285716,2.5714285714285716,2.5714285714285716,2.5714285714285716,2.5714285714285716,2.5714285714285716,2.5714285714285716,1.7142857142857142,1.7142857142857142,1.7142857142857142,1.7142857142857142,1.7142857142857142,1.7142857142857142,1.7142857142857142,1.7142857142857142,0.8571428571428571,0.8571428571428571,0.8571428571428571,0.8571428571428571,0.0,0.0,0.0,0.0,0.0,0.0,185.70000000000002
2,5.7142857142857135,5.7142857142857135,5.7142857142857135,5.7142857142857135,5.7142857142857135,5.7142857142857135,5.7142857142857135,5.7142857142857135,5.7142857142857135,5.7142857142857135,4.285714285714286,4.285714285714286,4.285714285714286,4.285714285714286,4.285714285714286,4.285714285714286,4.285714285714286,4.285714285714286,4.285714285714286,4.285714285714286,4.285714285714286,4.285714285714286,4.285714285714286,4.285714285714286,4.285714285714286,4.285714285714286,4.285714285714286,4.285714285714286,4.285714285714286,4.285714285714286,4.285714285714286,4.285714285714286,4.285714285714286,4.285714285714286,4.285714285714286,4.285714285714286,4.285714285714286,4.285714285714286,4.285714285714286,4.285714285714286,4.285714285714286,4.285714285714286,4.285714285714286,4.285714285714286,4.285714285714286,4.285714285714286,4.285714285714286,2.8571428571428568,2.8571428571428568,2.8571428571428568,2.8571428571428568,1.4285714285714284,1.4285714285714284,1.4285714285714284,1.4285714285714284,1.4285714285714284,1.4285714285714284,1.4285714285714284,1.4285714285714284,1.4285714285714284,1.4285714285714284,1.4285714285714284,1.4285714285714284,1.4285714285714284,1.4285714285714284,1.4285714285714284,1.4285714285714284,1.4285714285714284,1.4285714285714284,1.4285714285714284,1.4285714285714284,1.4285714285714284,1.4285714285714284,1.4285714285714284,1.4285714285714284,1.4285714285714284,1.4285714285714284,1.4285714285714284,1.4285714285714284,1.4285714285714284,1.4285714285714284,1.4285714285714284,1.4285714285714284,1.4285714285714284,1.4285714285714284,1.4285714285714284,1.4285714285714284,1.4285714285714284,1.4285714285714284,0.0,0.0,0.0,0.0,0.0,0.0,0.0,0.0,0.0,0.0,0.0,628.4714285714285
3,51.0,51.0,49.5,49.5,48.0,46.5,46.5,45.0,43.5,43.5,43.5,42.0,42.0,39.0,37.5,36.0,36.0,34.5,34.5,34.5,34.5,34.5,33.0,33.0,31.5,30.0,30.0,27.0,27.0,27.0,27.0,27.0,27.0,27.0,25.5,25.5,25.5,25.5,24.0,22.5,22.5,22.5,22.5,21.0,21.0,21.0,21.0,18.0,18.0,15.0,15.0,15.0,15.0,13.5,13.5,13.5,13.5,13.5,12.0,12.0,12.0,12.0,12.0,12.0,12.0,12.0,9.0,9.0,7.5,7.5,7.5,7.5,7.5,6.0,6.0,4.5,4.5,4.5,4.5,3.0,3.0,3.0,3.0,1.5,1.5,1.5,1.5,1.5,1.5,1.5,1.5,1.5,1.5,1.5,1.5,1.5,1.5,1.5,0.0,0.0,830.13
4,102.5,102.5,102.5,102.5,102.5,102.5,100.0,100.0,98.75,97.5,96.25,96.25,96.25,95.0,91.25,87.5,87.5,86.25,86.25,86.25,85.0,82.5,82.5,81.25,81.25,80.0,80.0,80.0,80.0,78.75,77.5,77.5,77.5,77.5,76.25,76.25,75.0,75.0,72.5,68.75,68.75,67.5,67.5,63.75,63.75,61.24999999999999,61.24999999999999,57.5,57.5,55.0,53.75,52.5,52.5,52.5,51.25,51.25,51.25,50.0,50.0,48.75,47.5,43.75,43.75,43.75,41.25,41.25,40.0,40.0,38.75,36.25,33.75,32.5,32.5,30.0,27.5,26.25,23.75,22.5,22.5,22.5,20.0,20.0,18.75,17.5,16.25,16.25,15.0,13.75,12.5,11.25,10.0,8.75,7.5,5.0,3.75,2.5,2.5,2.5,0.0,0.0,410.34999999999997
5,199.6875,196.875,195.0,193.125,190.3125,190.3125,188.4375,182.8125,178.125,178.125,175.3125,174.375,173.4375,171.5625,167.8125,165.9375,164.0625,162.1875,159.375,158.4375,155.625,153.75,150.9375,150.0,143.4375,139.6875,137.8125,136.875,133.125,132.1875,131.25,128.4375,128.4375,124.6875,123.75,121.875,120.0,119.0625,115.3125,114.375,113.4375,109.6875,107.8125,101.25,100.3125,97.5,95.625,91.875,90.9375,86.25,85.3125,83.4375,81.5625,78.75,78.75,76.875,75.9375,75.0,73.125,73.125,71.25,69.375,67.5,64.6875,62.8125,60.0,57.1875,54.375,52.5,51.5625,49.6875,49.6875,47.8125,45.9375,45.9375,45.0,44.0625,42.1875,38.4375,36.5625,33.75,32.8125,31.875,28.125,25.3125,23.4375,22.5,22.5,20.625,20.625,17.8125,16.875,14.0625,13.125,13.125,9.375,7.5,6.5625,3.75,2.8125,579.1031250000001
6,295.7142857142857,295.7142857142857,291.4285714285714,291.4285714285714,285.0,285.0,285.0,280.7142857142857,276.4285714285714,276.4285714285714,274.2857142857143,267.8571428571429,265.7142857142857,263.5714285714286,263.5714285714286,261.4285714285714,259.2857142857143,257.1428571428571,250.71428571428572,246.42857142857142,242.14285714285714,240.0,235.7142857142857,235.7142857142857,235.7142857142857,233.57142857142856,233.57142857142856,229.2857142857143,222.85714285714286,220.7142857142857,218.57142857142856,216.42857142857144,216.42857142857144,216.42857142857144,210.0,210.0,201.42857142857144,197.14285714285714,190.7142857142857,190.7142857142857,182.14285714285714,182.14285714285714,182.14285714285714,182.14285714285714,177.85714285714286,173.57142857142856,173.57142857142856,173.57142857142856,167.14285714285714,160.7142857142857,158.57142857142856,154.2857142857143,152.14285714285714,143.57142857142856,143.57142857142856,141.42857142857144,139.2857142857143,137.14285714285714,132.85714285714286,132.85714285714286,128.57142857142856,124.28571428571429,117.85714285714285,115.71428571428572,111.42857142857143,111.42857142857143,111.42857142857143,109.28571428571428,105.0,105.0,100.71428571428572,96.42857142857143,96.42857142857143,94.28571428571428,90.0,85.71428571428572,83.57142857142857,81.42857142857143,79.28571428571428,75.0,68.57142857142857,64.28571428571428,62.142857142857146,62.142857142857146,55.714285714285715,55.714285714285715,53.57142857142858,49.285714285714285,47.14285714285714,40.714285714285715,38.57142857142858,36.42857142857142,30.0,27.857142857142858,23.57142857142857,23.57142857142857,19.28571428571429,17.142857142857142,12.857142857142856,8.571428571428571,1429.9071428571426
7,276.85714285714283,276.85714285714283,276.0,275.1428571428571,273.42857142857144,271.7142857142857,270.85714285714283,267.42857142857144,264.8571428571429,264.8571428571429,262.2857142857143,258.85714285714283,257.1428571428571,256.2857142857143,253.71428571428572,251.14285714285717,247.71428571428575,240.85714285714286,236.57142857142858,234.0,229.71428571428572,227.14285714285714,223.71428571428572,223.71428571428572,223.71428571428572,223.71428571428572,221.14285714285714,219.42857142857142,213.42857142857142,212.57142857142856,211.71428571428572,209.14285714285714,206.57142857142858,204.0,200.57142857142858,199.71428571428572,197.14285714285714,195.42857142857142,193.71428571428572,190.28571428571428,186.85714285714286,184.2857142857143,180.0,174.0,171.42857142857144,170.57142857142858,167.14285714285714,164.57142857142858,163.71428571428572,157.71428571428572,157.71428571428572,155.14285714285714,154.2857142857143,150.85714285714286,149.14285714285714,144.85714285714286,142.28571428571428,139.71428571428572,135.42857142857142,130.28571428571428,126.85714285714286,122.57142857142856,119.14285714285714,119.14285714285714,118.28571428571429,117.42857142857143,113.14285714285714,110.57142857142857,105.42857142857143,103.71428571428572,100.28571428571429,96.85714285714286,94.28571428571428,93.42857142857143,90.85714285714286,85.71428571428572,84.85714285714286,78.85714285714286,77.14285714285715,74.57142857142857,70.28571428571429,69.42857142857143,64.28571428571428,62.57142857142858,57.42857142857143,53.14285714285714,50.57142857142857,48.0,44.57142857142857,42.85714285714286,39.42857142857143,35.142857142857146,30.0,28.285714285714285,24.857142857142858,23.142857142857142,20.571428571428573,15.428571428571427,8.571428571428571,4.285714285714286,211.49142857142857
8,218.57142857142856,217.14285714285714,217.14285714285714,217.14285714285714,217.14285714285714,215.71428571428572,215.71428571428572,214.2857142857143,210.0,208.57142857142858,205.7142857142857,200.0,195.71428571428572,195.71428571428572,191.42857142857144,188.57142857142856,188.57142857142856,188.57142857142856,188.57142857142856,188.57142857142856,184.2857142857143,184.2857142857143,182.85714285714283,182.85714285714283,177.14285714285717,177.14285714285717,172.85714285714286,170.0,168.57142857142856,168.57142857142856,168.57142857142856,168.57142857142856,168.57142857142856,164.28571428571428,162.85714285714286,160.0,157.14285714285714,155.71428571428572,152.85714285714283,151.42857142857142,150.0,142.85714285714286,142.85714285714286,138.57142857142856,137.14285714285714,137.14285714285714,137.14285714285714,137.14285714285714,134.28571428571428,131.42857142857144,130.0,127.14285714285714,127.14285714285714,125.71428571428572,124.28571428571429,121.42857142857142,115.71428571428572,110.0,107.14285714285715,104.28571428571429,102.85714285714285,101.42857142857143,97.14285714285714,95.71428571428572,94.28571428571428,92.85714285714286,91.42857142857142,85.71428571428572,81.42857142857143,80.0,80.0,80.0,75.71428571428571,72.85714285714285,70.0,64.28571428571428,64.28571428571428,60.0,57.14285714285714,52.857142857142854,47.14285714285714,45.71428571428571,42.85714285714286,42.85714285714286,41.42857142857143,38.57142857142858,32.85714285714286,31.42857142857143,28.57142857142857,28.57142857142857,28.57142857142857,27.142857142857142,21.42857142857143,20.0,17.142857142857142,14.285714285714285,12.857142857142856,8.571428571428571,2.8571428571428568,0.0,74.97142857142858
9,53.57142857142858,51.42857142857142,48.214285714285715,48.214285714285715,47.14285714285714,47.14285714285714,47.14285714285714,45.0,42.85714285714286,42.85714285714286,42.85714285714286,42.85714285714286,42.85714285714286,40.714285714285715,39.64285714285714,38.57142857142858,38.57142857142858,36.42857142857142,36.42857142857142,36.42857142857142,33.214285714285715,33.214285714285715,32.14285714285714,31.071428571428573,30.0,30.0,30.0,30.0,30.0,30.0,30.0,30.0,30.0,30.0,30.0,30.0,28.92857142857143,28.92857142857143,27.857142857142858,26.78571428571429,25.71428571428571,24.642857142857142,22.5,21.42857142857143,18.21428571428571,18.21428571428571,18.21428571428571,16.07142857142857,16.07142857142857,13.928571428571429,12.857142857142856,12.857142857142856,12.857142857142856,10.714285714285715,10.714285714285715,10.714285714285715,10.714285714285715,10.714285714285715,10.714285714285715,9.642857142857144,9.642857142857144,8.571428571428571,8.571428571428571,7.5,7.5,7.5,7.5,6.428571428571428,5.357142857142858,5.357142857142858,5.357142857142858,3.214285714285714,2.142857142857143,2.142857142857143,2.142857142857143,2.142857142857143,1.0714285714285714,0.0,0.0,0.0,0.0,0.0,0.0,0.0,0.0,0.0,0.0,0.0,0.0,0.0,0.0,0.0,0.0,0.0,0.0,0.0,0.0,0.0,0.0,0.0,178.99285714285716
10,22.857142857142854,22.857142857142854,22.857142857142854,22.857142857142854,20.0,20.0,20.0,20.0,20.0,20.0,20.0,18.571428571428573,18.571428571428573,17.142857142857142,17.142857142857142,17.142857142857142,17.142857142857142,17.142857142857142,17.142857142857142,17.142857142857142,17.142857142857142,17.142857142857142,17.142857142857142,15.714285714285715,14.285714285714285,14.285714285714285,11.428571428571427,11.428571428571427,11.428571428571427,11.428571428571427,10.0,10.0,8.571428571428571,8.571428571428571,8.571428571428571,8.571428571428571,8.571428571428571,8.571428571428571,8.571428571428571,8.571428571428571,8.571428571428571,8.571428571428571,8.571428571428571,8.571428571428571,8.571428571428571,8.571428571428571,8.571428571428571,8.571428571428571,8.571428571428571,7.142857142857142,7.142857142857142,7.142857142857142,7.142857142857142,7.142857142857142,5.7142857142857135,5.7142857142857135,5.7142857142857135,5.7142857142857135,5.7142857142857135,5.7142857142857135,5.7142857142857135,5.7142857142857135,5.7142857142857135,5.7142857142857135,5.7142857142857135,5.7142857142857135,5.7142857142857135,5.7142857142857135,5.7142857142857135,5.7142857142857135,5.7142857142857135,5.7142857142857135,5.7142857142857135,2.8571428571428568,2.8571428571428568,2.8571428571428568,2.8571428571428568,2.8571428571428568,2.8571428571428568,2.8571428571428568,2.8571428571428568,2.8571428571428568,2.8571428571428568,2.8571428571428568,2.8571428571428568,2.8571428571428568,2.8571428571428568,2.8571428571428568,2.8571428571428568,2.8571428571428568,2.8571428571428568,1.4285714285714284,1.4285714285714284,1.4285714285714284,1.4285714285714284,1.4285714285714284,1.4285714285714284,1.4285714285714284,1.4285714285714284,1.4285714285714284,1213.6857142857143
11,37.89473684210526,33.15789473684211,31.57894736842105,31.57894736842105,30.0,30.0,30.0,30.0,30.0,30.0,28.421052631578945,26.842105263157894,26.842105263157894,25.263157894736842,22.105263157894736,22.105263157894736,22.105263157894736,22.105263157894736,20.526315789473685,20.526315789473685,20.526315789473685,20.526315789473685,18.94736842105263,18.94736842105263,18.94736842105263,18.94736842105263,18.94736842105263,17.36842105263158,15.789473684210526,14.210526315789473,14.210526315789473,14.210526315789473,14.210526315789473,14.210526315789473,14.210526315789473,14.210526315789473,14.210526315789473,14.210526315789473,14.210526315789473,14.210526315789473,14.210526315789473,12.631578947368421,12.631578947368421,11.052631578947368,11.052631578947368,11.052631578947368,11.052631578947368,9.473684210526315,9.473684210526315,9.473684210526315,9.473684210526315,9.473684210526315,9.473684210526315,7.894736842105263,3.1578947368421053,3.1578947368421053,3.1578947368421053,3.1578947368421053,3.1578947368421053,3.1578947368421053,1.5789473684210527,1.5789473684210527,1.5789473684210527,1.5789473684210527,1.5789473684210527,1.5789473684210527,1.5789473684210527,1.5789473684210527,1.5789473684210527,1.5789473684210527,1.5789473684210527,1.5789473684210527,1.5789473684210527,1.5789473684210527,1.5789473684210527,1.5789473684210527,1.5789473684210527,1.5789473684210527,1.5789473684210527,1.5789473684210527,1.5789473684210527,1.5789473684210527,0.0,0.0,0.0,0.0,0.0,0.0,0.0,0.0,0.0,0.0,0.0,0.0,0.0,0.0,0.0,0.0,0.0,0.0,424.1052631578948
12,28.0,28.0,28.0,28.0,24.0,24.0,24.0,24.0,24.0,22.0,22.0,20.0,20.0,20.0,18.0,18.0,18.0,18.0,18.0,18.0,16.0,16.0,16.0,16.0,16.0,16.0,16.0,16.0,16.0,16.0,16.0,14.0,14.0,14.0,14.0,14.0,14.0,12.0,12.0,10.0,10.0,8.0,8.0,8.0,8.0,8.0,8.0,8.0,8.0,8.0,8.0,8.0,8.0,8.0,6.0,6.0,6.0,6.0,4.0,4.0,4.0,2.0,2.0,2.0,2.0,2.0,2.0,2.0,2.0,2.0,2.0,2.0,2.0,2.0,2.0,2.0,2.0,2.0,2.0,2.0,2.0,2.0,2.0,2.0,2.0,0.0,0.0,0.0,0.0,0.0,0.0,0.0,0.0,0.0,0.0,0.0,0.0,0.0,0.0,0.0,503.64
13,28.333333333333332,28.333333333333332,28.333333333333332,28.333333333333332,26.666666666666664,26.666666666666664,25.833333333333336,25.833333333333336,24.166666666666668,24.166666666666668,24.166666666666668,23.333333333333332,23.333333333333332,21.666666666666668,20.833333333333332,19.166666666666664,19.166666666666664,18.333333333333336,17.5,17.5,16.666666666666668,15.833333333333334,15.833333333333334,15.833333333333334,15.833333333333334,15.833333333333334,15.833333333333334,15.0,15.0,15.0,14.166666666666666,14.166666666666666,14.166666666666666,14.166666666666666,14.166666666666666,14.166666666666666,13.333333333333332,12.5,10.833333333333334,10.833333333333334,10.833333333333334,10.0,10.0,9.166666666666668,8.333333333333334,7.5,6.666666666666666,6.666666666666666,6.666666666666666,6.666666666666666,6.666666666666666,6.666666666666666,6.666666666666666,6.666666666666666,6.666666666666666,5.0,5.0,5.0,4.166666666666667,4.166666666666667,4.166666666666667,4.166666666666667,4.166666666666667,4.166666666666667,3.333333333333333,3.333333333333333,3.333333333333333,2.5,2.5,2.5,2.5,2.5,2.5,1.6666666666666665,1.6666666666666665,1.6666666666666665,1.6666666666666665,1.6666666666666665,1.6666666666666665,1.6666666666666665,0.8333333333333333,0.8333333333333333,0.8333333333333333,0.8333333333333333,0.0,0.0,0.0,0.0,0.0,0.0,0.0,0.0,0.0,0.0,0.0,0.0,0.0,0.0,0.0,0.0,1051.4666666666667
14,10.0,10.0,10.0,8.333333333333334,7.5,7.5,7.5,7.5,7.5,7.5,7.5,6.666666666666666,6.666666666666666,6.666666666666666,5.833333333333333,5.833333333333333,5.833333333333333,5.0,5.0,4.166666666666667,2.5,2.5,2.5,2.5,2.5,2.5,2.5,2.5,2.5,2.5,1.6666666666666665,1.6666666666666665,1.6666666666666665,1.6666666666666665,1.6666666666666665,0.8333333333333333,0.8333333333333333,0.8333333333333333,0.8333333333333333,0.8333333333333333,0.8333333333333333,0.8333333333333333,0.8333333333333333,0.8333333333333333,0.8333333333333333,0.8333333333333333,0.8333333333333333,0.8333333333333333,0.8333333333333333,0.8333333333333333,0.8333333333333333,0.8333333333333333,0.8333333333333333,0.8333333333333333,0.8333333333333333,0.8333333333333333,0.8333333333333333,0.8333333333333333,0.8333333333333333,0.8333333333333333,0.8333333333333333,0.8333333333333333,0.8333333333333333,0.8333333333333333,0.8333333333333333,0.8333333333333333,0.8333333333333333,0.8333333333333333,0.8333333333333333,0.8333333333333333,0.8333333333333333,0.8333333333333333,0.8333333333333333,0.8333333333333333,0.8333333333333333,0.8333333333333333,0.8333333333333333,0.8333333333333333,0.8333333333333333,0.8333333333333333,0.8333333333333333,0.8333333333333333,0.8333333333333333,0.8333333333333333,0.8333333333333333,0.8333333333333333,0.8333333333333333,0.8333333333333333,0.0,0.0,0.0,0.0,0.0,0.0,0.0,0.0,0.0,0.0,0.0,0.0,1045.2833333333333
16,6.428571428571428,6.428571428571428,6.428571428571428,6.428571428571428,6.428571428571428,6.428571428571428,6.428571428571428,6.428571428571428,6.428571428571428,6.428571428571428,6.428571428571428,6.428571428571428,6.428571428571428,6.428571428571428,6.428571428571428,6.428571428571428,6.428571428571428,4.285714285714286,4.285714285714286,4.285714285714286,4.285714285714286,4.285714285714286,4.285714285714286,4.285714285714286,4.285714285714286,2.142857142857143,2.142857142857143,2.142857142857143,2.142857142857143,2.142857142857143,2.142857142857143,2.142857142857143,2.142857142857143,2.142857142857143,2.142857142857143,2.142857142857143,2.142857142857143,2.142857142857143,2.142857142857143,2.142857142857143,2.142857142857143,2.142857142857143,2.142857142857143,2.142857142857143,2.142857142857143,2.142857142857143,2.142857142857143,2.142857142857143,2.142857142857143,2.142857142857143,2.142857142857143,2.142857142857143,2.142857142857143,2.142857142857143,2.142857142857143,2.142857142857143,2.142857142857143,2.142857142857143,2.142857142857143,2.142857142857143,2.142857142857143,2.142857142857143,0.0,0.0,0.0,0.0,0.0,0.0,0.0,0.0,0.0,0.0,0.0,0.0,0.0,0.0,0.0,0.0,0.0,0.0,0.0,0.0,0.0,0.0,0.0,0.0,0.0,0.0,0.0,0.0,0.0,0.0,0.0,0.0,0.0,0.0,0.0,0.0,0.0,0.0,2609.764285714286
17,5.0,5.0,4.285714285714286,4.285714285714286,4.285714285714286,4.285714285714286,4.285714285714286,4.285714285714286,4.285714285714286,4.285714285714286,4.285714285714286,4.285714285714286,4.285714285714286,3.571428571428571,3.571428571428571,3.571428571428571,3.571428571428571,3.571428571428571,3.571428571428571,3.571428571428571,3.571428571428571,3.571428571428571,3.571428571428571,3.571428571428571,3.571428571428571,3.571428571428571,3.571428571428571,3.571428571428571,3.571428571428571,3.571428571428571,3.571428571428571,3.571428571428571,3.571428571428571,3.571428571428571,3.571428571428571,3.571428571428571,3.571428571428571,3.571428571428571,3.571428571428571,3.571428571428571,3.571428571428571,3.571428571428571,3.571428571428571,3.571428571428571,2.8571428571428568,2.8571428571428568,2.8571428571428568,2.8571428571428568,2.8571428571428568,2.8571428571428568,2.8571428571428568,2.8571428571428568,2.8571428571428568,2.8571428571428568,2.8571428571428568,2.8571428571428568,2.8571428571428568,2.8571428571428568,2.8571428571428568,2.8571428571428568,2.8571428571428568,2.8571428571428568,2.8571428571428568,2.8571428571428568,2.8571428571428568,2.8571428571428568,2.8571428571428568,2.8571428571428568,2.8571428571428568,2.8571428571428568,2.8571428571428568,2.8571428571428568,2.8571428571428568,2.8571428571428568,2.142857142857143,2.142857142857143,2.142857142857143,2.142857142857143,2.142857142857143,2.142857142857143,2.142857142857143,2.142857142857143,2.142857142857143,2.142857142857143,2.142857142857143,2.142857142857143,2.142857142857143,1.4285714285714284,1.4285714285714284,1.4285714285714284,1.4285714285714284,1.4285714285714284,0.7142857142857142,0.7142857142857142,0.7142857142857142,0.7142857142857142,0.7142857142857142,0.7142857142857142,0.7142857142857142,0.7142857142857142,8040.857142857144
18,3.8028169014084505,3.8028169014084505,3.380281690140845,3.380281690140845,3.380281690140845,3.380281690140845,3.380281690140845,3.380281690140845,3.380281690140845,3.380281690140845,3.380281690140845,3.380281690140845,3.380281690140845,3.380281690140845,3.380281690140845,3.380281690140845,3.380281690140845,2.957746478873239,2.957746478873239,2.957746478873239,2.957746478873239,2.957746478873239,2.535211267605634,2.1126760563380285,1.6901408450704225,1.6901408450704225,1.6901408450704225,1.6901408450704225,1.6901408450704225,1.6901408450704225,1.6901408450704225,1.6901408450704225,1.6901408450704225,1.6901408450704225,1.6901408450704225,1.6901408450704225,1.6901408450704225,1.6901408450704225,1.6901408450704225,1.6901408450704225,1.6901408450704225,1.6901408450704225,1.6901408450704225,1.6901408450704225,1.6901408450704225,1.6901408450704225,1.6901408450704225,1.267605633802817,1.267605633802817,1.267605633802817,1.267605633802817,1.267605633802817,1.267605633802817,1.267605633802817,1.267605633802817,1.267605633802817,1.267605633802817,1.267605633802817,0.8450704225352113,0.8450704225352113,0.8450704225352113,0.8450704225352113,0.8450704225352113,0.8450704225352113,0.8450704225352113,0.4225352112676056,0.4225352112676056,0.4225352112676056,0.4225352112676056,0.4225352112676056,0.4225352112676056,0.4225352112676056,0.4225352112676056,0.0,0.0,0.0,0.0,0.0,0.0,0.0,0.0,0.0,0.0,0.0,0.0,0.0,0.0,0.0,0.0,0.0,0.0,0.0,0.0,0.0,0.0,0.0,0.0,0.0,0.0,0.0,1050.1225352112674
19,3.214285714285714,3.214285714285714,3.214285714285714,3.214285714285714,3.214285714285714,3.214285714285714,3.214285714285714,3.214285714285714,3.214285714285714,3.214285714285714,3.214285714285714,3.214285714285714,3.214285714285714,3.214285714285714,3.214285714285714,2.142857142857143,2.142857142857143,2.142857142857143,2.142857142857143,2.142857142857143,2.142857142857143,2.142857142857143,2.142857142857143,2.142857142857143,2.142857142857143,2.142857142857143,1.0714285714285714,1.0714285714285714,1.0714285714285714,1.0714285714285714,1.0714285714285714,1.0714285714285714,1.0714285714285714,1.0714285714285714,0.0,0.0,0.0,0.0,0.0,0.0,0.0,0.0,0.0,0.0,0.0,0.0,0.0,0.0,0.0,0.0,0.0,0.0,0.0,0.0,0.0,0.0,0.0,0.0,0.0,0.0,0.0,0.0,0.0,0.0,0.0,0.0,0.0,0.0,0.0,0.0,0.0,0.0,0.0,0.0,0.0,0.0,0.0,0.0,0.0,0.0,0.0,0.0,0.0,0.0,0.0,0.0,0.0,0.0,0.0,0.0,0.0,0.0,0.0,0.0,0.0,0.0,0.0,0.0,0.0,0.0,269.36785714285713
20,12.1875,11.71875,11.25,10.78125,10.78125,10.78125,10.78125,10.78125,10.78125,10.78125,10.78125,10.78125,10.78125,10.78125,10.78125,10.78125,10.78125,10.78125,10.78125,10.78125,10.3125,10.3125,10.3125,10.3125,10.3125,10.3125,9.84375,9.84375,9.84375,9.84375,9.84375,9.84375,9.84375,9.84375,9.375,9.375,9.375,8.90625,8.4375,7.96875,7.96875,7.96875,7.5,7.5,7.5,7.5,7.5,7.5,7.5,7.03125,7.03125,7.03125,6.5625,6.09375,5.625,5.625,5.625,5.625,5.15625,5.15625,5.15625,5.15625,5.15625,4.6875,4.21875,4.21875,4.21875,3.75,2.8125,2.8125,2.8125,2.8125,2.8125,2.34375,2.34375,2.34375,2.34375,2.34375,2.34375,2.34375,1.875,1.875,1.875,1.875,1.875,1.875,1.40625,0.9375,0.9375,0.9375,0.9375,0.9375,0.9375,0.9375,0.9375,0.9375,0.9375,0.9375,0.46875,0.0,711.28125
21,156.9512195121951,155.85365853658539,154.7560975609756,153.29268292682926,151.09756097560975,149.26829268292684,148.1707317073171,145.2439024390244,143.41463414634146,142.3170731707317,139.02439024390242,138.29268292682926,137.1951219512195,136.46341463414635,135.73170731707316,134.63414634146343,134.26829268292684,132.8048780487805,130.60975609756096,129.14634146341461,125.1219512195122,124.39024390243902,122.19512195121952,122.19512195121952,120.36585365853657,119.26829268292683,115.97560975609755,115.60975609756098,113.41463414634146,112.31707317073172,109.75609756097562,109.02439024390245,108.29268292682927,106.82926829268293,105.36585365853658,104.26829268292683,102.80487804878048,100.60975609756098,99.14634146341463,97.31707317073172,94.39024390243902,92.19512195121952,91.46341463414635,89.26829268292683,89.26829268292683,88.90243902439025,87.80487804878048,86.34146341463415,85.24390243902438,83.41463414634146,82.68292682926828,78.65853658536585,77.92682926829269,75.36585365853658,75.36585365853658,72.80487804878048,71.34146341463415,69.8780487804878,67.31707317073172,66.95121951219512,65.85365853658537,65.1219512195122,62.5609756097561,61.829268292682926,60.73170731707317,58.536585365853654,57.073170731707314,54.87804878048781,53.78048780487805,53.048780487804876,50.12195121951219,48.65853658536586,47.5609756097561,45.73170731707317,44.63414634146341,43.170731707317074,42.073170731707314,39.87804878048781,38.048780487804876,37.68292682926829,35.48780487804878,34.390243902439025,32.5609756097561,30.365853658536587,28.902439024390244,27.439024390243905,26.70731707317073,25.609756097560975,24.146341463414636,22.317073170731707,20.853658536585364,17.926829268292682,16.82926829268293,16.097560975609756,14.634146341463413,12.073170731707318,8.780487804878048,7.317073170731707,6.2195121951219505,1.8292682926829267,193.13780487804877
22,167.83783783783784,167.83783783783784,166.2162162162162,163.7837837837838,160.54054054054055,158.91891891891893,158.91891891891893,156.48648648648648,154.86486486486487,154.86486486486487,149.1891891891892,148.37837837837836,145.94594594594594,144.32432432432432,144.32432432432432,143.51351351351352,143.51351351351352,141.8918918918919,141.08108108108107,141.08108108108107,139.45945945945945,137.83783783783784,134.5945945945946,131.35135135135135,127.29729729729729,126.48648648648647,122.43243243243242,121.62162162162163,118.37837837837839,115.13513513513513,114.32432432432432,111.8918918918919,110.27027027027027,107.83783783783784,102.97297297297297,102.16216216216216,101.35135135135135,100.54054054054053,98.91891891891892,98.1081081081081,96.48648648648648,94.05405405405405,92.43243243243244,89.18918918918918,85.94594594594595,85.94594594594595,85.94594594594595,83.51351351351352,80.27027027027027,78.64864864864865,77.83783783783784,73.78378378378379,71.35135135135135,69.72972972972973,68.91891891891892,65.67567567567568,64.05405405405405,62.432432432432435,62.432432432432435,60.810810810810814,59.18918918918919,57.567567567567565,55.13513513513514,53.513513513513516,51.08108108108108,48.64864864864865,48.64864864864865,47.83783783783784,43.78378378378378,40.54054054054054,40.54054054054054,39.72972972972973,38.91891891891892,38.108108108108105,34.86486486486486,34.05405405405405,34.05405405405405,33.24324324324324,32.432432432432435,29.18918918918919,27.56756756756757,27.56756756756757,24.324324324324326,23.513513513513512,20.27027027027027,18.64864864864865,18.64864864864865,15.405405405405405,13.783783783783784,12.972972972972974,12.162162162162163,11.351351351351353,8.91891891891892,8.108108108108109,7.297297297297297,6.486486486486487,5.675675675675676,4.054054054054054,2.4324324324324325,0.8108108108108109,506.79729729729723
23,4.615384615384616,4.615384615384616,4.615384615384616,4.615384615384616,4.615384615384616,4.615384615384616,4.615384615384616,4.615384615384616,4.615384615384616,3.4615384615384617,3.4615384615384617,3.4615384615384617,3.4615384615384617,3.4615384615384617,3.4615384615384617,2.307692307692308,2.307692307692308,2.307692307692308,1.153846153846154,1.153846153846154,1.153846153846154,1.153846153846154,1.153846153846154,1.153846153846154,1.153846153846154,1.153846153846154,1.153846153846154,1.153846153846154,1.153846153846154,1.153846153846154,1.153846153846154,1.153846153846154,1.153846153846154,1.153846153846154,1.153846153846154,1.153846153846154,1.153846153846154,1.153846153846154,1.153846153846154,1.153846153846154,1.153846153846154,1.153846153846154,1.153846153846154,1.153846153846154,1.153846153846154,1.153846153846154,1.153846153846154,1.153846153846154,1.153846153846154,1.153846153846154,1.153846153846154,1.153846153846154,1.153846153846154,1.153846153846154,1.153846153846154,1.153846153846154,1.153846153846154,1.153846153846154,1.153846153846154,1.153846153846154,1.153846153846154,1.153846153846154,1.153846153846154,1.153846153846154,1.153846153846154,1.153846153846154,1.153846153846154,1.153846153846154,1.153846153846154,1.153846153846154,1.153846153846154,1.153846153846154,0.0,0.0,0.0,0.0,0.0,0.0,0.0,0.0,0.0,0.0,0.0,0.0,0.0,0.0,0.0,0.0,0.0,0.0,0.0,0.0,0.0,0.0,0.0,0.0,0.0,0.0,0.0,0.0,202.78846153846155
24,5.0,5.0,5.0,5.0,5.0,5.0,5.0,5.0,5.0,5.0,4.166666666666667,4.166666666666667,4.166666666666667,4.166666666666667,4.166666666666667,4.166666666666667,4.166666666666667,4.166666666666667,4.166666666666667,3.333333333333333,3.333333333333333,3.333333333333333,3.333333333333333,3.333333333333333,3.333333333333333,3.333333333333333,3.333333333333333,3.333333333333333,3.333333333333333,3.333333333333333,3.333333333333333,3.333333333333333,3.333333333333333,3.333333333333333,3.333333333333333,3.333333333333333,3.333333333333333,3.333333333333333,3.333333333333333,3.333333333333333,3.333333333333333,3.333333333333333,3.333333333333333,3.333333333333333,3.333333333333333,3.333333333333333,3.333333333333333,3.333333333333333,3.333333333333333,3.333333333333333,3.333333333333333,3.333333333333333,3.333333333333333,3.333333333333333,3.333333333333333,3.333333333333333,3.333333333333333,3.333333333333333,3.333333333333333,3.333333333333333,3.333333333333333,3.333333333333333,3.333333333333333,3.333333333333333,3.333333333333333,3.333333333333333,3.333333333333333,3.333333333333333,3.333333333333333,3.333333333333333,3.333333333333333,3.333333333333333,3.333333333333333,3.333333333333333,3.333333333333333,3.333333333333333,3.333333333333333,3.333333333333333,3.333333333333333,3.333333333333333,3.333333333333333,3.333333333333333,2.5,2.5,2.5,1.6666666666666665,1.6666666666666665,1.6666666666666665,1.6666666666666665,1.6666666666666665,1.6666666666666665,1.6666666666666665,0.8333333333333333,0.8333333333333333,0.8333333333333333,0.8333333333333333,0.8333333333333333,0.8333333333333333,0.8333333333333333,0.0,469.06666666666666
25,2.142857142857143,2.142857142857143,2.142857142857143,1.7142857142857142,1.7142857142857142,1.7142857142857142,1.7142857142857142,1.7142857142857142,1.7142857142857142,1.7142857142857142,1.7142857142857142,1.2857142857142858,1.2857142857142858,1.2857142857142858,1.2857142857142858,1.2857142857142858,1.2857142857142858,1.2857142857142858,1.2857142857142858,1.2857142857142858,0.8571428571428571,0.8571428571428571,0.8571428571428571,0.8571428571428571,0.8571428571428571,0.8571428571428571,0.8571428571428571,0.8571428571428571,0.8571428571428571,0.8571428571428571,0.8571428571428571,0.8571428571428571,0.8571428571428571,0.8571428571428571,0.8571428571428571,0.8571428571428571,0.8571428571428571,0.8571428571428571,0.8571428571428571,0.8571428571428571,0.8571428571428571,0.8571428571428571,0.8571428571428571,0.8571428571428571,0.8571428571428571,0.8571428571428571,0.8571428571428571,0.8571428571428571,0.8571428571428571,0.8571428571428571,0.8571428571428571,0.8571428571428571,0.8571428571428571,0.8571428571428571,0.8571428571428571,0.8571428571428571,0.8571428571428571,0.8571428571428571,0.8571428571428571,0.8571428571428571,0.8571428571428571,0.8571428571428571,0.8571428571428571,0.8571428571428571,0.8571428571428571,0.8571428571428571,0.8571428571428571,0.8571428571428571,0.8571428571428571,0.8571428571428571,0.8571428571428571,0.42857142857142855,0.42857142857142855,0.42857142857142855,0.42857142857142855,0.0,0.0,0.0,0.0,0.0,0.0,0.0,0.0,0.0,0.0,0.0,0.0,0.0,0.0,0.0,0.0,0.0,0.0,0.0,0.0,0.0,0.0,0.0,0.0,0.0,603.6942857142857
26,6.666666666666666,6.666666666666666,6.666666666666666,6.666666666666666,6.666666666666666,6.666666666666666,6.666666666666666,6.666666666666666,6.666666666666666,6.666666666666666,5.555555555555555,5.555555555555555,5.555555555555555,5.555555555555555,5.555555555555555,5.555555555555555,5.555555555555555,5.555555555555555,5.555555555555555,5.555555555555555,5.555555555555555,5.555555555555555,5.555555555555555,5.555555555555555,5.555555555555555,5.555555555555555,5.555555555555555,5.555555555555555,5.555555555555555,5.555555555555555,5.555555555555555,5.555555555555555,5.555555555555555,5.555555555555555,5.555555555555555,5.555555555555555,5.555555555555555,4.444444444444445,4.444444444444445,4.444444444444445,4.444444444444445,4.444444444444445,4.444444444444445,4.444444444444445,4.444444444444445,4.444444444444445,4.444444444444445,4.444444444444445,4.444444444444445,4.444444444444445,4.444444444444445,4.444444444444445,4.444444444444445,4.444444444444445,4.444444444444445,4.444444444444445,4.444444444444445,4.444444444444445,4.444444444444445,4.444444444444445,4.444444444444445,4.444444444444445,3.333333333333333,3.333333333333333,3.333333333333333,2.2222222222222223,2.2222222222222223,2.2222222222222223,2.2222222222222223,2.2222222222222223,2.2222222222222223,2.2222222222222223,2.2222222222222223,2.2222222222222223,2.2222222222222223,1.1111111111111112,1.1111111111111112,1.1111111111111112,1.1111111111111112,1.1111111111111112,1.1111111111111112,1.1111111111111112,1.1111111111111112,1.1111111111111112,1.1111111111111112,1.1111111111111112,1.1111111111111112,1.1111111111111112,1.1111111111111112,1.1111111111111112,1.1111111111111112,1.1111111111111112,1.1111111111111112,1.1111111111111112,1.1111111111111112,0.0,0.0,0.0,0.0,0.0,131.0888888888889
27,0.9090909090909092,0.9090909090909092,0.9090909090909092,0.9090909090909092,0.9090909090909092,0.9090909090909092,0.9090909090909092,0.9090909090909092,0.9090909090909092,0.9090909090909092,0.9090909090909092,0.9090909090909092,0.9090909090909092,0.9090909090909092,0.9090909090909092,0.9090909090909092,0.9090909090909092,0.9090909090909092,0.9090909090909092,0.9090909090909092,0.9090909090909092,0.9090909090909092,0.9090909090909092,0.9090909090909092,0.9090909090909092,0.9090909090909092,0.9090909090909092,0.9090909090909092,0.9090909090909092,0.9090909090909092,0.9090909090909092,0.9090909090909092,0.9090909090909092,0.9090909090909092,0.9090909090909092,0.9090909090909092,0.9090909090909092,0.9090909090909092,0.9090909090909092,0.9090909090909092,0.9090909090909092,0.9090909090909092,0.9090909090909092,0.9090909090909092,0.9090909090909092,0.9090909090909092,0.9090909090909092,0.9090909090909092,0.9090909090909092,0.9090909090909092,0.9090909090909092,0.9090909090909092,0.9090909090909092,0.0,0.0,0.0,0.0,0.0,0.0,0.0,0.0,0.0,0.0,0.0,0.0,0.0,0.0,0.0,0.0,0.0,0.0,0.0,0.0,0.0,0.0,0.0,0.0,0.0,0.0,0.0,0.0,0.0,0.0,0.0,0.0,0.0,0.0,0.0,0.0,0.0,0.0,0.0,0.0,0.0,0.0,0.0,0.0,0.0,0.0,0.0,592.5181818181818
28,3.0,3.0,3.0,3.0,3.0,3.0,3.0,3.0,3.0,3.0,3.0,3.0,3.0,3.0,3.0,3.0,3.0,3.0,3.0,3.0,3.0,3.0,3.0,3.0,3.0,3.0,3.0,3.0,3.0,3.0,3.0,3.0,3.0,3.0,3.0,3.0,3.0,3.0,2.0,2.0,2.0,2.0,2.0,1.0,1.0,1.0,1.0,1.0,1.0,1.0,1.0,1.0,1.0,1.0,1.0,1.0,1.0,1.0,1.0,1.0,1.0,1.0,1.0,1.0,1.0,1.0,1.0,1.0,1.0,1.0,1.0,1.0,1.0,1.0,1.0,1.0,1.0,1.0,1.0,0.0,0.0,0.0,0.0,0.0,0.0,0.0,0.0,0.0,0.0,0.0,0.0,0.0,0.0,0.0,0.0,0.0,0.0,0.0,0.0,0.0,609.66
29,102.85714285714285,101.53846153846153,99.23076923076923,98.90109890109889,96.92307692307692,95.93406593406594,95.27472527472527,94.28571428571428,93.95604395604396,93.2967032967033,91.97802197802199,90.65934065934066,90.0,89.01098901098902,86.37362637362638,85.38461538461539,84.39560439560441,82.08791208791209,79.78021978021978,78.79120879120879,76.48351648351648,76.15384615384615,73.84615384615385,72.85714285714285,71.53846153846153,70.87912087912088,69.56043956043956,69.23076923076923,66.92307692307692,66.92307692307692,65.27472527472527,64.94505494505493,62.96703296703297,61.978021978021985,60.989010989010985,60.65934065934066,58.68131868131868,56.043956043956044,55.714285714285715,55.38461538461539,54.395604395604394,53.07692307692307,52.417582417582416,51.42857142857142,50.76923076923077,50.43956043956044,49.12087912087912,47.802197802197796,47.14285714285714,44.83516483516483,44.175824175824175,43.51648351648352,42.85714285714286,40.549450549450555,39.89010989010989,38.57142857142858,37.91208791208791,37.91208791208791,36.5934065934066,35.604395604395606,33.2967032967033,31.978021978021978,30.989010989010993,29.67032967032967,28.681318681318682,27.36263736263736,26.7032967032967,26.043956043956044,25.054945054945055,24.395604395604394,24.395604395604394,23.076923076923077,22.747252747252745,21.098901098901102,20.43956043956044,20.10989010989011,19.12087912087912,17.802197802197803,16.813186813186814,16.153846153846153,15.494505494505496,14.835164835164836,14.505494505494505,13.516483516483516,12.197802197802197,10.87912087912088,9.56043956043956,8.241758241758243,7.252747252747253,6.593406593406593,5.2747252747252755,4.615384615384616,3.6263736263736264,1.978021978021978,1.3186813186813189,1.3186813186813189,1.3186813186813189,0.989010989010989,0.3296703296703297,0.3296703296703297,449.46923076923076
30,212.57142857142856,212.57142857142856,210.85714285714286,210.85714285714286,208.28571428571428,207.42857142857144,207.42857142857144,204.0,200.57142857142858,198.85714285714286,198.85714285714286,198.0,198.0,196.28571428571428,192.85714285714286,192.0,190.28571428571428,187.71428571428572,185.14285714285714,182.57142857142856,180.0,179.14285714285714,177.42857142857144,176.57142857142858,174.0,172.28571428571428,170.57142857142858,168.85714285714286,168.0,167.14285714285714,160.28571428571428,156.0,155.14285714285714,149.14285714285714,144.0,143.14285714285714,138.0,138.0,136.28571428571428,136.28571428571428,132.0,129.42857142857142,129.42857142857142,126.0,119.14285714285714,117.42857142857143,115.71428571428572,113.14285714285714,112.28571428571429,109.71428571428571,108.85714285714286,105.42857142857143,104.57142857142857,103.71428571428572,102.85714285714285,101.14285714285714,100.28571428571429,96.85714285714286,90.0,90.0,86.57142857142857,82.28571428571429,78.85714285714286,74.57142857142857,70.28571428571429,70.28571428571429,66.85714285714286,62.57142857142858,57.42857142857143,56.57142857142857,52.285714285714285,50.57142857142857,49.714285714285715,47.14285714285714,45.42857142857143,44.57142857142857,42.85714285714286,39.42857142857143,38.57142857142858,33.42857142857143,32.57142857142857,31.714285714285715,28.285714285714285,24.857142857142858,23.142857142857142,21.42857142857143,19.714285714285715,17.142857142857142,16.285714285714285,13.714285714285714,11.142857142857142,9.428571428571429,8.571428571428571,7.7142857142857135,6.0,2.5714285714285716,1.7142857142857142,0.8571428571428571,0.8571428571428571,0.0,558.0171428571429
31,30.0,29.387755102040817,29.387755102040817,28.77551020408163,28.77551020408163,28.16326530612245,28.16326530612245,26.93877551020408,26.93877551020408,26.3265306122449,25.102040816326532,24.48979591836735,24.48979591836735,24.48979591836735,23.877551020408163,23.877551020408163,23.26530612244898,23.26530612244898,22.040816326530614,22.040816326530614,22.040816326530614,22.040816326530614,22.040816326530614,22.040816326530614,21.42857142857143,21.42857142857143,20.816326530612244,20.816326530612244,20.20408163265306,20.20408163265306,19.591836734693874,18.979591836734695,18.367346938775512,17.142857142857142,17.142857142857142,16.53061224489796,16.53061224489796,15.918367346938776,15.918367346938776,15.306122448979592,15.306122448979592,15.306122448979592,15.306122448979592,14.693877551020408,14.081632653061225,14.081632653061225,14.081632653061225,13.46938775510204,13.46938775510204,11.63265306122449,11.63265306122449,11.020408163265307,11.020408163265307,11.020408163265307,10.408163265306122,9.795918367346937,9.795918367346937,9.183673469387756,9.183673469387756,9.183673469387756,8.571428571428571,8.571428571428571,8.571428571428571,7.959183673469388,7.959183673469388,6.73469387755102,6.122448979591837,6.122448979591837,5.510204081632653,5.510204081632653,5.510204081632653,4.897959183673469,4.285714285714286,4.285714285714286,4.285714285714286,3.673469387755102,3.673469387755102,3.673469387755102,3.0612244897959187,3.0612244897959187,3.0612244897959187,3.0612244897959187,2.4489795918367343,2.4489795918367343,2.4489795918367343,2.4489795918367343,1.836734693877551,1.836734693877551,0.6122448979591836,0.6122448979591836,0.0,0.0,0.0,0.0,0.0,0.0,0.0,0.0,0.0,0.0,569.4061224489795
32,4.35483870967742,4.35483870967742,4.35483870967742,4.35483870967742,4.35483870967742,4.35483870967742,4.35483870967742,4.35483870967742,3.870967741935484,3.870967741935484,3.870967741935484,3.870967741935484,3.3870967741935485,3.3870967741935485,3.3870967741935485,3.3870967741935485,3.3870967741935485,3.3870967741935485,2.903225806451613,2.903225806451613,2.903225806451613,2.903225806451613,2.903225806451613,2.903225806451613,2.903225806451613,2.903225806451613,2.903225806451613,2.903225806451613,2.903225806451613,2.903225806451613,2.903225806451613,2.903225806451613,2.903225806451613,2.903225806451613,2.903225806451613,2.903225806451613,2.903225806451613,1.935483870967742,1.935483870967742,1.935483870967742,1.935483870967742,1.935483870967742,1.935483870967742,1.935483870967742,1.935483870967742,1.935483870967742,1.935483870967742,1.935483870967742,1.935483870967742,1.935483870967742,1.935483870967742,1.935483870967742,1.4516129032258065,1.4516129032258065,0.967741935483871,0.967741935483871,0.967741935483871,0.967741935483871,0.967741935483871,0.967741935483871,0.967741935483871,0.967741935483871,0.967741935483871,0.967741935483871,0.967741935483871,0.967741935483871,0.967741935483871,0.967741935483871,0.967741935483871,0.967741935483871,0.967741935483871,0.967741935483871,0.967741935483871,0.967741935483871,0.967741935483871,0.967741935483871,0.967741935483871,0.967741935483871,0.967741935483871,0.967741935483871,0.967741935483871,0.967741935483871,0.967741935483871,0.967741935483871,0.967741935483871,0.967741935483871,0.4838709677419355,0.4838709677419355,0.4838709677419355,0.4838709677419355,0.4838709677419355,0.4838709677419355,0.4838709677419355,0.4838709677419355,0.4838709677419355,0.4838709677419355,0.4838709677419355,0.0,0.0,0.0,2772.401612903226
33,8.823529411764707,8.823529411764707,8.823529411764707,8.823529411764707,7.9411764705882355,7.9411764705882355,7.9411764705882355,7.9411764705882355,7.9411764705882355,7.9411764705882355,7.9411764705882355,7.9411764705882355,7.9411764705882355,7.9411764705882355,7.9411764705882355,7.9411764705882355,7.0588235294117645,7.0588235294117645,6.1764705882352935,6.1764705882352935,6.1764705882352935,6.1764705882352935,5.294117647058824,5.294117647058824,5.294117647058824,5.294117647058824,5.294117647058824,5.294117647058824,5.294117647058824,5.294117647058824,5.294117647058824,5.294117647058824,5.294117647058824,5.294117647058824,3.5294117647058822,3.5294117647058822,3.5294117647058822,3.5294117647058822,3.5294117647058822,3.5294117647058822,2.647058823529412,2.647058823529412,2.647058823529412,1.7647058823529411,1.7647058823529411,1.7647058823529411,1.7647058823529411,1.7647058823529411,1.7647058823529411,1.7647058823529411,1.7647058823529411,1.7647058823529411,1.7647058823529411,0.8823529411764706,0.8823529411764706,0.8823529411764706,0.8823529411764706,0.8823529411764706,0.8823529411764706,0.8823529411764706,0.8823529411764706,0.8823529411764706,0.8823529411764706,0.8823529411764706,0.8823529411764706,0.8823529411764706,0.8823529411764706,0.8823529411764706,0.8823529411764706,0.8823529411764706,0.8823529411764706,0.8823529411764706,0.8823529411764706,0.8823529411764706,0.8823529411764706,0.8823529411764706,0.8823529411764706,0.8823529411764706,0.8823529411764706,0.8823529411764706,0.8823529411764706,0.8823529411764706,0.0,0.0,0.0,0.0,0.0,0.0,0.0,0.0,0.0,0.0,0.0,0.0,0.0,0.0,0.0,0.0,0.0,0.0,1909.7558823529412
34,3.0,3.0,3.0,3.0,2.5,2.5,2.5,2.5,2.5,2.5,2.5,2.5,2.5,2.5,2.5,2.5,2.5,2.5,2.5,2.5,2.5,2.5,2.5,2.5,2.5,2.5,2.5,2.5,2.0,2.0,1.5,1.5,1.5,1.5,1.5,1.5,1.5,1.5,1.5,1.0,1.0,1.0,1.0,1.0,1.0,1.0,1.0,1.0,1.0,1.0,1.0,1.0,1.0,1.0,1.0,1.0,1.0,1.0,1.0,1.0,1.0,1.0,1.0,1.0,1.0,1.0,1.0,1.0,1.0,1.0,1.0,0.5,0.5,0.5,0.5,0.5,0.5,0.5,0.5,0.5,0.5,0.5,0.5,0.5,0.5,0.5,0.5,0.5,0.5,0.5,0.5,0.5,0.5,0.5,0.5,0.5,0.5,0.0,0.0,0.0,317.315
35,3.870967741935484,3.870967741935484,3.870967741935484,3.870967741935484,3.870967741935484,3.870967741935484,3.870967741935484,3.870967741935484,3.870967741935484,2.903225806451613,2.903225806451613,2.903225806451613,2.903225806451613,2.903225806451613,2.903225806451613,1.935483870967742,1.935483870967742,1.935483870967742,1.935483870967742,1.935483870967742,1.935483870967742,1.935483870967742,1.935483870967742,1.935483870967742,1.935483870967742,1.935483870967742,0.967741935483871,0.967741935483871,0.967741935483871,0.967741935483871,0.967741935483871,0.967741935483871,0.967741935483871,0.967741935483871,0.967741935483871,0.967741935483871,0.967741935483871,0.967741935483871,0.967741935483871,0.967741935483871,0.967741935483871,0.967741935483871,0.967741935483871,0.967741935483871,0.967741935483871,0.967741935483871,0.967741935483871,0.967741935483871,0.967741935483871,0.967741935483871,0.967741935483871,0.967741935483871,0.967741935483871,0.967741935483871,0.967741935483871,0.967741935483871,0.967741935483871,0.967741935483871,0.967741935483871,0.967741935483871,0.967741935483871,0.967741935483871,0.967741935483871,0.967741935483871,0.967741935483871,0.967741935483871,0.967741935483871,0.967741935483871,0.967741935483871,0.967741935483871,0.967741935483871,0.967741935483871,0.967741935483871,0.0,0.0,0.0,0.0,0.0,0.0,0.0,0.0,0.0,0.0,0.0,0.0,0.0,0.0,0.0,0.0,0.0,0.0,0.0,0.0,0.0,0.0,0.0,0.0,0.0,0.0,0.0,294.68709677419355
36,107.0,105.0,103.0,103.0,101.0,99.0,99.0,98.0,97.0,97.0,96.0,95.0,95.0,95.0,95.0,91.0,88.0,88.0,88.0,88.0,87.0,86.0,83.0,79.0,78.0,78.0,77.0,77.0,76.0,76.0,75.0,73.0,73.0,71.0,68.0,68.0,67.0,65.0,65.0,64.0,64.0,64.0,64.0,62.00000000000001,58.0,58.0,55.0,54.0,53.0,52.0,52.0,50.0,50.0,50.0,48.0,48.0,47.0,47.0,46.0,44.0,43.0,43.0,40.0,39.0,38.0,37.0,37.0,37.0,35.0,34.0,34.0,33.0,32.0,30.0,29.0,26.0,26.0,26.0,24.0,24.0,22.0,22.0,20.0,17.0,17.0,15.0,15.0,13.0,13.0,12.0,10.0,9.0,9.0,9.0,8.0,8.0,5.0,3.0,1.0,0.0,244.73999999999998
37,258.1818181818182,255.45454545454547,253.63636363636365,251.81818181818184,246.36363636363637,246.36363636363637,242.72727272727275,240.0,233.63636363636365,233.63636363636365,230.0,225.45454545454547,224.54545454545453,222.72727272727272,220.9090909090909,218.1818181818182,218.1818181818182,216.36363636363635,215.45454545454544,213.63636363636363,211.8181818181818,210.0,208.1818181818182,208.1818181818182,207.27272727272728,204.54545454545456,202.72727272727275,201.8181818181818,197.27272727272728,196.36363636363637,195.45454545454547,191.8181818181818,190.9090909090909,188.1818181818182,187.27272727272725,185.45454545454544,183.63636363636363,182.72727272727272,180.9090909090909,179.0909090909091,176.36363636363637,172.72727272727275,170.9090909090909,166.36363636363637,163.63636363636363,161.8181818181818,160.0,156.36363636363635,155.45454545454544,148.1818181818182,147.27272727272728,143.63636363636365,142.72727272727275,140.9090909090909,138.1818181818182,136.36363636363637,133.63636363636363,128.1818181818182,125.45454545454545,120.9090909090909,119.0909090909091,116.36363636363637,113.63636363636364,110.9090909090909,107.27272727272727,101.81818181818183,99.0909090909091,98.18181818181819,94.54545454545455,91.81818181818181,89.0909090909091,89.0909090909091,84.54545454545455,81.81818181818181,78.18181818181817,76.36363636363636,74.54545454545455,72.72727272727273,72.72727272727273,68.18181818181819,65.45454545454545,64.54545454545455,59.09090909090909,56.36363636363637,52.72727272727273,49.09090909090909,46.36363636363636,40.90909090909091,40.0,30.909090909090907,27.272727272727273,26.363636363636363,25.454545454545457,20.90909090909091,18.181818181818183,15.454545454545453,11.818181818181818,8.181818181818182,6.363636363636364,2.7272727272727275,210.83636363636361
38,192.85714285714286,190.7142857142857,189.64285714285714,188.57142857142856,186.42857142857144,186.42857142857144,185.35714285714286,182.14285714285714,178.92857142857144,177.85714285714286,177.85714285714286,176.7857142857143,175.7142857142857,173.57142857142856,170.35714285714286,166.07142857142856,163.92857142857144,161.7857142857143,158.57142857142856,158.57142857142856,156.42857142857144,156.42857142857144,153.2142857142857,151.07142857142856,147.85714285714286,146.7857142857143,141.42857142857144,139.2857142857143,132.85714285714286,130.7142857142857,127.5,124.28571428571429,124.28571428571429,122.14285714285714,120.0,118.92857142857143,115.71428571428572,115.71428571428572,112.5,111.42857142857143,111.42857142857143,105.0,102.85714285714285,101.78571428571428,98.57142857142857,98.57142857142857,98.57142857142857,95.35714285714285,92.14285714285715,88.92857142857143,87.85714285714285,87.85714285714285,86.78571428571428,83.57142857142857,82.5,79.28571428571428,73.92857142857143,73.92857142857143,72.85714285714285,70.71428571428572,70.71428571428572,68.57142857142857,67.5,65.35714285714285,62.142857142857146,60.0,58.92857142857142,57.85714285714286,51.42857142857142,50.35714285714286,45.0,43.92857142857142,41.785714285714285,41.785714285714285,41.785714285714285,38.57142857142858,37.5,34.285714285714285,31.071428571428573,28.92857142857143,28.92857142857143,26.78571428571429,26.78571428571429,21.42857142857143,20.357142857142858,18.21428571428571,18.21428571428571,17.142857142857142,17.142857142857142,16.07142857142857,12.857142857142856,9.642857142857144,6.428571428571428,5.357142857142858,3.214285714285714,1.0714285714285714,1.0714285714285714,1.0714285714285714,1.0714285714285714,1.0714285714285714,424.725
39,334.2857142857143,333.2142857142857,331.0714285714286,328.9285714285714,327.8571428571429,320.3571428571429,317.1428571428571,311.7857142857143,308.5714285714286,307.5,306.4285714285714,305.3571428571429,300.0,300.0,298.9285714285714,295.7142857142857,293.5714285714286,292.5,288.2142857142857,288.2142857142857,281.7857142857143,281.7857142857143,280.7142857142857,280.7142857142857,276.4285714285714,276.4285714285714,271.0714285714286,270.0,267.8571428571429,267.8571428571429,262.5,255.0,253.92857142857142,249.64285714285714,244.28571428571428,243.21428571428572,241.07142857142858,237.85714285714286,235.7142857142857,232.5,232.5,231.42857142857144,228.2142857142857,227.14285714285714,225.0,223.92857142857144,223.92857142857144,219.64285714285714,217.5,212.14285714285714,211.07142857142856,205.7142857142857,205.7142857142857,195.0,190.7142857142857,188.57142857142856,187.5,184.2857142857143,182.14285714285714,178.92857142857144,178.92857142857144,171.42857142857144,167.14285714285714,162.85714285714286,156.42857142857144,154.2857142857143,150.0,146.7857142857143,144.64285714285714,141.42857142857144,138.2142857142857,128.57142857142856,124.28571428571429,121.07142857142857,114.64285714285715,110.35714285714285,107.14285714285715,102.85714285714285,100.71428571428572,96.42857142857143,90.0,88.92857142857143,83.57142857142857,76.07142857142857,71.78571428571428,69.64285714285715,57.85714285714286,51.42857142857142,48.214285714285715,42.85714285714286,40.714285714285715,37.5,35.35714285714286,30.0,25.71428571428571,19.28571428571429,13.928571428571429,5.357142857142858,3.214285714285714,2.142857142857143,490.6928571428572
40,157.0,155.0,155.0,152.0,151.0,149.0,148.0,145.0,144.0,144.0,141.0,138.0,137.0,134.0,130.0,127.0,127.0,125.00000000000001,124.00000000000001,122.99999999999999,120.0,119.0,119.0,118.0,117.0,115.0,113.0,109.0,108.0,107.0,103.0,101.0,100.0,100.0,99.0,97.0,96.0,95.0,91.0,90.0,90.0,89.0,89.0,85.0,84.0,84.0,82.0,81.0,80.0,77.0,76.0,73.0,73.0,71.0,70.0,69.0,66.0,64.0,61.0,57.0,56.0,52.0,51.0,50.0,49.0,47.0,46.0,44.0,44.0,42.0,41.0,40.0,37.0,35.0,34.0,31.000000000000004,29.0,26.0,25.0,20.0,19.0,18.0,18.0,18.0,17.0,16.0,15.0,15.0,12.0,11.0,10.0,9.0,3.0,2.0,1.0,1.0,1.0,1.0,1.0,0.0,269.5
41,17.027027027027025,17.027027027027025,17.027027027027025,16.216216216216218,16.216216216216218,16.216216216216218,14.594594594594595,13.783783783783784,13.783783783783784,12.972972972972974,12.972972972972974,12.972972972972974,12.972972972972974,12.972972972972974,12.972972972972974,12.972972972972974,12.972972972972974,12.972972972972974,12.972972972972974,12.162162162162163,12.162162162162163,12.162162162162163,11.351351351351353,11.351351351351353,9.72972972972973,9.72972972972973,9.72972972972973,8.91891891891892,8.91891891891892,8.108108108108109,8.108108108108109,8.108108108108109,8.108108108108109,8.108108108108109,8.108108108108109,8.108108108108109,8.108108108108109,8.108108108108109,8.108108108108109,8.108108108108109,6.486486486486487,5.675675675675676,5.675675675675676,5.675675675675676,5.675675675675676,4.864864864864865,4.864864864864865,4.054054054054054,4.054054054054054,3.2432432432432434,3.2432432432432434,3.2432432432432434,3.2432432432432434,3.2432432432432434,3.2432432432432434,3.2432432432432434,2.4324324324324325,2.4324324324324325,2.4324324324324325,2.4324324324324325,2.4324324324324325,1.6216216216216217,0.8108108108108109,0.8108108108108109,0.0,0.0,0.0,0.0,0.0,0.0,0.0,0.0,0.0,0.0,0.0,0.0,0.0,0.0,0.0,0.0,0.0,0.0,0.0,0.0,0.0,0.0,0.0,0.0,0.0,0.0,0.0,0.0,0.0,0.0,0.0,0.0,0.0,0.0,0.0,0.0,366.94864864864866
42,8.88888888888889,7.777777777777778,7.777777777777778,7.777777777777778,7.777777777777778,7.777777777777778,7.777777777777778,7.777777777777778,7.777777777777778,7.777777777777778,7.777777777777778,7.777777777777778,6.666666666666666,6.666666666666666,6.666666666666666,6.666666666666666,6.666666666666666,5.555555555555555,5.555555555555555,5.555555555555555,5.555555555555555,5.555555555555555,3.333333333333333,3.333333333333333,3.333333333333333,3.333333333333333,3.333333333333333,3.333333333333333,3.333333333333333,3.333333333333333,2.2222222222222223,2.2222222222222223,2.2222222222222223,1.1111111111111112,1.1111111111111112,1.1111111111111112,1.1111111111111112,1.1111111111111112,1.1111111111111112,1.1111111111111112,1.1111111111111112,1.1111111111111112,1.1111111111111112,1.1111111111111112,1.1111111111111112,1.1111111111111112,1.1111111111111112,1.1111111111111112,1.1111111111111112,1.1111111111111112,1.1111111111111112,1.1111111111111112,1.1111111111111112,0.0,0.0,0.0,0.0,0.0,0.0,0.0,0.0,0.0,0.0,0.0,0.0,0.0,0.0,0.0,0.0,0.0,0.0,0.0,0.0,0.0,0.0,0.0,0.0,0.0,0.0,0.0,0.0,0.0,0.0,0.0,0.0,0.0,0.0,0.0,0.0,0.0,0.0,0.0,0.0,0.0,0.0,0.0,0.0,0.0,0.0,0.0,1283.9
43,21.11111111111111,21.11111111111111,21.11111111111111,20.0,20.0,20.0,18.88888888888889,17.77777777777778,17.77777777777778,17.77777777777778,17.77777777777778,17.77777777777778,17.77777777777778,17.77777777777778,17.77777777777778,16.666666666666668,16.666666666666668,16.666666666666668,16.666666666666668,16.666666666666668,15.555555555555555,15.555555555555555,15.555555555555555,15.555555555555555,15.555555555555555,15.555555555555555,14.444444444444443,14.444444444444443,13.333333333333332,13.333333333333332,13.333333333333332,13.333333333333332,12.222222222222221,11.11111111111111,10.0,8.88888888888889,8.88888888888889,8.88888888888889,6.666666666666666,6.666666666666666,5.555555555555555,5.555555555555555,5.555555555555555,5.555555555555555,5.555555555555555,4.444444444444445,4.444444444444445,4.444444444444445,4.444444444444445,3.333333333333333,3.333333333333333,3.333333333333333,3.333333333333333,2.2222222222222223,2.2222222222222223,2.2222222222222223,1.1111111111111112,1.1111111111111112,1.1111111111111112,1.1111111111111112,1.1111111111111112,1.1111111111111112,1.1111111111111112,1.1111111111111112,1.1111111111111112,1.1111111111111112,1.1111111111111112,1.1111111111111112,1.1111111111111112,1.1111111111111112,1.1111111111111112,1.1111111111111112,1.1111111111111112,1.1111111111111112,1.1111111111111112,1.1111111111111112,1.1111111111111112,0.0,0.0,0.0,0.0,0.0,0.0,0.0,0.0,0.0,0.0,0.0,0.0,0.0,0.0,0.0,0.0,0.0,0.0,0.0,0.0,0.0,0.0,0.0,494.4222222222223
44,12.0,12.0,12.0,12.0,11.142857142857142,11.142857142857142,11.142857142857142,10.285714285714286,10.285714285714286,10.285714285714286,9.428571428571429,9.428571428571429,9.428571428571429,9.428571428571429,9.428571428571429,9.428571428571429,9.428571428571429,9.428571428571429,9.428571428571429,8.571428571428571,8.571428571428571,8.571428571428571,8.571428571428571,8.571428571428571,7.7142857142857135,7.7142857142857135,7.7142857142857135,6.857142857142857,6.857142857142857,6.0,6.0,6.0,6.0,6.0,6.0,5.142857142857143,5.142857142857143,5.142857142857143,5.142857142857143,5.142857142857143,5.142857142857143,5.142857142857143,5.142857142857143,5.142857142857143,5.142857142857143,5.142857142857143,5.142857142857143,5.142857142857143,5.142857142857143,5.142857142857143,5.142857142857143,5.142857142857143,5.142857142857143,5.142857142857143,5.142857142857143,5.142857142857143,4.285714285714286,3.4285714285714284,3.4285714285714284,2.5714285714285716,2.5714285714285716,2.5714285714285716,2.5714285714285716,2.5714285714285716,2.5714285714285716,2.5714285714285716,2.5714285714285716,0.8571428571428571,0.8571428571428571,0.8571428571428571,0.8571428571428571,0.8571428571428571,0.8571428571428571,0.8571428571428571,0.8571428571428571,0.8571428571428571,0.8571428571428571,0.8571428571428571,0.8571428571428571,0.8571428571428571,0.8571428571428571,0.8571428571428571,0.8571428571428571,0.8571428571428571,0.8571428571428571,0.8571428571428571,0.8571428571428571,0.8571428571428571,0.8571428571428571,0.8571428571428571,0.8571428571428571,0.8571428571428571,0.8571428571428571,0.8571428571428571,0.8571428571428571,0.8571428571428571,0.8571428571428571,0.8571428571428571,0.8571428571428571,0.0,377.9657142857143
45,5.769230769230769,5.769230769230769,5.769230769230769,5.769230769230769,4.615384615384616,4.615384615384616,4.615384615384616,4.615384615384616,4.615384615384616,4.615384615384616,4.615384615384616,4.615384615384616,3.4615384615384617,3.4615384615384617,3.4615384615384617,3.4615384615384617,3.4615384615384617,3.4615384615384617,3.4615384615384617,3.4615384615384617,3.4615384615384617,3.4615384615384617,3.4615384615384617,3.4615384615384617,3.4615384615384617,3.4615384615384617,3.4615384615384617,3.4615384615384617,3.4615384615384617,3.4615384615384617,3.4615384615384617,3.4615384615384617,3.4615384615384617,2.307692307692308,2.307692307692308,2.307692307692308,2.307692307692308,2.307692307692308,2.307692307692308,2.307692307692308,2.307692307692308,2.307692307692308,2.307692307692308,2.307692307692308,2.307692307692308,2.307692307692308,2.307692307692308,2.307692307692308,2.307692307692308,2.307692307692308,2.307692307692308,2.307692307692308,2.307692307692308,2.307692307692308,2.307692307692308,2.307692307692308,2.307692307692308,2.307692307692308,2.307692307692308,2.307692307692308,2.307692307692308,2.307692307692308,2.307692307692308,2.307692307692308,2.307692307692308,2.307692307692308,2.307692307692308,2.307692307692308,1.153846153846154,1.153846153846154,1.153846153846154,1.153846153846154,1.153846153846154,1.153846153846154,1.153846153846154,1.153846153846154,1.153846153846154,1.153846153846154,1.153846153846154,1.153846153846154,1.153846153846154,1.153846153846154,1.153846153846154,1.153846153846154,1.153846153846154,1.153846153846154,1.153846153846154,0.0,0.0,0.0,0.0,0.0,0.0,0.0,0.0,0.0,0.0,0.0,0.0,0.0,4817.6884615384615
46,1.25,1.25,1.25,1.25,1.25,1.25,1.25,1.25,1.25,1.25,1.25,1.25,1.25,1.25,1.25,1.25,1.25,1.25,1.25,1.25,1.25,1.25,1.25,1.25,1.25,1.25,1.25,1.25,1.25,1.25,1.25,1.25,1.25,1.25,1.25,1.25,1.25,1.25,1.25,1.25,1.25,1.25,1.25,1.25,1.25,1.25,1.25,1.25,1.25,1.25,1.25,1.25,1.25,1.25,1.25,1.25,1.25,1.25,1.25,1.25,1.25,1.25,1.25,1.25,1.25,1.25,1.25,0.0,0.0,0.0,0.0,0.0,0.0,0.0,0.0,0.0,0.0,0.0,0.0,0.0,0.0,0.0,0.0,0.0,0.0,0.0,0.0,0.0,0.0,0.0,0.0,0.0,0.0,0.0,0.0,0.0,0.0,0.0,0.0,0.0,541.55
47,3.571428571428571,3.571428571428571,3.571428571428571,3.571428571428571,3.571428571428571,3.571428571428571,3.571428571428571,3.571428571428571,3.571428571428571,2.8571428571428568,2.8571428571428568,2.8571428571428568,2.8571428571428568,2.8571428571428568,2.8571428571428568,2.8571428571428568,2.8571428571428568,2.8571428571428568,2.142857142857143,2.142857142857143,1.4285714285714284,1.4285714285714284,1.4285714285714284,1.4285714285714284,1.4285714285714284,1.4285714285714284,1.4285714285714284,1.4285714285714284,1.4285714285714284,1.4285714285714284,1.4285714285714284,0.7142857142857142,0.7142857142857142,0.7142857142857142,0.7142857142857142,0.7142857142857142,0.7142857142857142,0.7142857142857142,0.7142857142857142,0.7142857142857142,0.7142857142857142,0.7142857142857142,0.7142857142857142,0.7142857142857142,0.7142857142857142,0.7142857142857142,0.7142857142857142,0.7142857142857142,0.7142857142857142,0.7142857142857142,0.7142857142857142,0.7142857142857142,0.7142857142857142,0.7142857142857142,0.7142857142857142,0.7142857142857142,0.7142857142857142,0.7142857142857142,0.7142857142857142,0.7142857142857142,0.7142857142857142,0.7142857142857142,0.7142857142857142,0.7142857142857142,0.7142857142857142,0.7142857142857142,0.7142857142857142,0.7142857142857142,0.7142857142857142,0.0,0.0,0.0,0.0,0.0,0.0,0.0,0.0,0.0,0.0,0.0,0.0,0.0,0.0,0.0,0.0,0.0,0.0,0.0,0.0,0.0,0.0,0.0,0.0,0.0,0.0,0.0,0.0,0.0,0.0,0.0,483.4642857142857
