Id,area_m2,date,MEAN
1,101.4613043,06/11/14,-10.64008262
1,55.79364726,06/11/14,-13.37796783
1,16.37191691,06/11/14,-14.23755086
1,43.02728978,06/11/14,0.13669391
2,44.50967056,27/11/14,11.42510223
2,153.591537,27/11/14,-12.71031417
2,22.25026851,27/11/14,-10.74207124
2,21.28516732,27/11/14,-2.933097476
2,107.7444058,27/11/14,-9.412850434
2,37.11888413,27/11/14,-0.03152265
2,34.59934721,27/11/14,-12.56168814
2,18.8334305,27/11/14,-4.640603316
3,134.7161385,17/12/14,-9.288529779
3,129.4511,17/12/14,-5.433956634
3,61.29464544,17/12/14,-7.773879759
3,26.48134777,17/12/14,-5.957158813
3,84.93529322,17/12/14,-11.40183162
3,24.18274606,17/12/14,-6.207361221
3,62.88130016,17/12/14,-9.513275851
3,19.91470974,17/12/14,-4.481212798
3,23.60586233,17/12/14,-5.026759935
4,53.06657562,10/01/15,-15.95358651
4,63.18069854,10/01/15,-12.60392986
4,118.2639112,10/01/15,-11.80482559
4,27.19574493,10/01/15,-7.38306427
4,28.99114657,10/01/15,-9.62969236
4,16.59232495,10/01/15,-0.898680687
4,20.99109541,10/01/15,0.239943005
5,84.92995652,11/02/15,-11.20211306
5,135.5285074,11/02/15,-7.441577856
5,81.35079414,11/02/15,-3.909255791
5,72.75157378,11/02/15,-4.7618529
5,64.41545141,11/02/15,-5.123897142
5,29.39677649,11/02/15,-4.558422458
5,12.9049416,11/02/15,-4.454379742
5,54.46299663,11/02/15,-3.24196056
5,30.89525466,11/02/15,-3.390946419
5,35.02465778,11/02/15,-3.157118479
6,405.122814,25/02/15,-20.53979145
6,35.67033293,25/02/15,-12.72915344
6,46.5237295,25/02/15,-10.71154089
6,62.69130999,25/02/15,-12.44199913
6,62.9894573,25/02/15,-9.841137461
6,54.28798018,25/02/15,-2.021082752
7,67.57232001,01/04/15,-10.72239053
7,62.61670213,01/04/15,-11.08819485
7,44.51637369,01/04/15,-17.4482467
7,33.43189707,01/04/15,-7.320835658
7,38.59879752,01/04/15,-11.17390321
8,19.52522249,22/04/15,-16.4568891
8,32.95814629,22/04/15,-8.424244036
9,27.97142942,20/05/15,-17.23777662
9,61.14681325,20/05/15,-9.203181533
9,19.66801684,20/05/15,-6.116716766
9,11.98455892,20/05/15,0.644541059
9,14.01445829,20/05/15,-3.649353027
9,32.27869289,20/05/15,-2.69401296
10,28.89541435,10/06/15,-15.27980936
10,137.3048929,10/06/15,-10.14749245
10,272.5376798,10/06/15,-18.51114122
10,33.85010778,10/06/15,6.453553592
10,67.10817913,10/06/15,-4.751501835
10,57.00126207,10/06/15,-5.827736446
10,55.94517238,10/06/15,-6.503059248
10,51.20953154,10/06/15,-7.332094154
10,41.75878052,10/06/15,-0.625212204
10,45.07992528,10/06/15,-1.659715479
10,13.03131998,10/06/15,-8.077164968
10,22.65174501,10/06/15,-0.188960682
10,23.20299021,10/06/15,-0.001665649
11,65.62439002,29/06/15,-5.741352081
11,39.39334996,29/06/15,-4.188934326
11,24.09279013,29/06/15,-4.721369629
11,66.9466912,29/06/15,-7.738164266
11,13.34921789,29/06/15,-12.22405008
11,14.856293,29/06/15,-3.344824314
11,7.921512827,29/06/15,-6.66627121
11,36.41719103,29/06/15,-7.524342128
12,35.99984701,14/07/15,-12.52634831
12,95.8593417,14/07/15,-9.430427551
12,30.81807719,14/07/15,-13.24534403
12,19.26713112,14/07/15,-13.38422648
12,21.95932931,14/07/15,-9.620290847
12,25.58427477,14/07/15,-3.128060913
12,7.478735782,14/07/15,0.772428725
13,42.79109977,19/08/15,-12.98097907
13,37.33510382,19/08/15,-8.923598499
13,486.7494885,19/08/15,-18.54153539
13,356.6183186,19/08/15,-17.03188774
13,82.03852222,19/08/15,-16.60965077
13,37.02434175,19/08/15,-14.17336594
13,18.51018932,19/08/15,-3.788742065
13,45.65867588,19/08/15,-5.765571425
13,53.66663146,19/08/15,-9.185775757
13,28.3143551,19/08/15,5.784776415
13,19.45696748,19/08/15,-0.069944494
13,27.4583912,19/08/15,-0.425886931
14,36.42878402,24/09/15,-21.47051515
14,28.36552286,24/09/15,-15.83864396
14,59.44971487,24/09/15,-11.70206438
14,45.05709066,24/09/15,-20.68017862
14,181.7938852,24/09/15,-14.54732513
14,43.48862025,24/09/15,-1.327731178
14,259.0685301,24/09/15,-10.83337209
14,40.94325225,24/09/15,-11.75735001
14,27.25856978,24/09/15,-4.315069128
14,66.96396962,24/09/15,-5.051361084
14,68.49575821,24/09/15,-10.24170367
14,16.64569861,24/09/15,-2.489100737
14,46.46324854,24/09/15,-7.616638184
14,20.79957713,24/09/15,0.67871675
14,80.34917504,24/09/15,-6.013023768
14,33.63834916,24/09/15,-1.684307425
14,22.03521432,24/09/15,-5.5993257
14,35.87278275,24/09/15,-9.601228502
14,17.49427462,24/09/15,4.039432526
14,45.56725344,24/09/15,-0.69872917
14,50.8641723,24/09/15,-3.079590934
15,104.9604223,18/05/16,-13.92619043
15,318.2624915,18/05/16,-14.14555863
15,63.96583669,18/05/16,-13.23631941
15,31.02107052,18/05/16,-14.14566088
15,30.9549533,18/05/16,-14.57855733
15,33.34577948,18/05/16,-16.76160547
15,96.40981395,18/05/16,-19.02423935
15,133.957172,18/05/16,-16.43229664
15,92.51153878,18/05/16,-16.27966929
15,126.292898,18/05/16,-14.01020544
15,53.49749515,18/05/16,-18.03477305
15,39.34782362,18/05/16,-16.1309948
15,46.1430578,18/05/16,-15.69678895
15,17.37683904,18/05/16,-14.38353505
15,57.46673171,18/05/16,-9.714626915
15,32.36223553,18/05/16,-14.91806597
15,17.63263385,18/05/16,-15.12049781
15,716.0295341,18/05/16,-21.56520866
15,49.03012023,18/05/16,-12.24803681
15,17.63615339,18/05/16,-17.54167684
15,47.3105225,18/05/16,-14.9740324
15,15.28228115,18/05/16,-0.698996544
15,17.96593616,18/05/16,-0.556465149
15,16.20273116,18/05/16,-11.76001336
15,35.97789453,18/05/16,-11.81552168
15,8.624350454,18/05/16,6.087540627
15,196.9716299,18/05/16,-7.880176138
15,26.16372584,18/05/16,-1.381530762
15,68.95968758,18/05/16,-14.10568462
15,35.07511495,18/05/16,-15.20347618
15,33.13657431,18/05/16,-11.87336192
15,61.19951676,18/05/16,-6.579459406
15,16.39172231,18/05/16,-8.480611529
15,57.49933907,18/05/16,-9.442669123
15,22.17746371,18/05/16,-7.727010976
15,46.30333102,18/05/16,-9.920290076
15,346.3520592,18/05/16,-11.47017672
15,25.11126984,18/05/16,-7.994916476
15,7.441636973,18/05/16,-6.621156693
15,43.39586412,18/05/16,-13.11967316
15,175.978017,18/05/16,-10.54574262
15,10.17833344,18/05/16,0.987513455
15,9.993094423,18/05/16,-0.745368958
15,13.14896783,18/05/16,-10.52443284
15,68.15307857,18/05/16,-18.06844967
15,51.56540331,18/05/16,-0.018544216
15,54.62861788,18/05/16,-9.333465429
15,34.93930599,18/05/16,-11.17564472
15,11.15033592,18/05/16,-3.389889804
15,30.91533152,18/05/16,-15.80592346
15,23.9484556,18/05/16,-10.01683461
15,15.97340332,18/05/16,-11.21849155
15,50.14630522,18/05/16,-15.02604488
15,45.31962893,18/05/16,-13.66544411
15,27.17054326,18/05/16,-2.411609226
15,10.27711579,18/05/16,-10.30793915
15,25.9213108,18/05/16,-11.62969666
15,65.42036774,18/05/16,-6.363393696
15,9.347362497,18/05/16,-9.083473206
15,13.49199046,18/05/16,-7.506115253
15,63.74231856,18/05/16,-5.852794209
15,23.43022085,18/05/16,-8.197873535
15,22.72962515,18/05/16,-11.26010422
15,8.663305111,18/05/16,-6.020884196
15,3.459628333,18/05/16,-0.427617391
15,9.590890445,18/05/16,-14.55817871
15,59.78566137,18/05/16,-13.03502099
15,63.6809125,18/05/16,-8.935178995
15,91.45270151,18/05/16,-8.37326544
15,13.96302887,18/05/16,0.614191328
15,19.19979786,18/05/16,-5.025584974
15,15.14085637,18/05/16,-9.567731585
15,56.11303073,18/05/16,-1.571620473
15,14.93078231,18/05/16,-5.921224976
15,30.01146536,18/05/16,-9.220913303
15,85.28737271,18/05/16,-13.96378488
15,23.96741185,18/05/16,-7.048346146
15,56.25288881,18/05/16,-5.405096383
15,23.41864562,18/05/16,-8.019180934
15,145.0711829,18/05/16,-7.071112061
15,11.54822468,18/05/16,-1.700880686
15,18.96281125,18/05/16,-9.659604524
15,38.69567436,18/05/16,-8.679556357
15,89.00758449,18/05/16,-7.330625765
15,15.9615841,18/05/16,-8.15206337
15,12.76534251,18/05/16,-5.778442383
15,19.67509606,18/05/16,-8.164662411
15,25.50793353,18/05/16,-7.877532959
15,26.07989627,18/05/16,-6.930944372
15,6.420492857,18/05/16,0.05371666
15,10.90847742,18/05/16,0.012014771
15,46.02313753,18/05/16,-6.638723077
15,30.98555989,18/05/16,-15.97189178
15,40.50364193,18/05/16,-8.153066254
15,28.74322787,18/05/16,-7.906999588
15,15.65810844,18/05/16,-9.648851282
15,10.33781563,18/05/16,-1.428903198
15,7.013587897,18/05/16,-1.983206613
15,4.899623375,18/05/16,0.818153381
15,8.358428131,18/05/16,-3.220969306
15,31.06420024,18/05/16,0.266350301
15,59.61589465,18/05/16,-3.62401118
15,79.1007545,18/05/16,-6.006181961
15,30.21364411,18/05/16,-9.258218892
15,24.7211691,18/05/16,-3.281972656
15,15.68358805,18/05/16,-3.564798692
15,24.24445014,18/05/16,-10.43989685
15,22.21526621,18/05/16,-13.4121666
15,5.542568088,18/05/16,-1.638278961
15,19.30583685,18/05/16,-4.808847215
15,99.15542331,18/05/16,-3.661145605
15,24.76209271,18/05/16,-2.803794556
15,15.92325093,18/05/16,-2.567310588
15,7.546283681,18/05/16,-0.73932457
15,65.00686025,18/05/16,-1.533072269
15,15.1818145,18/05/16,-6.030579461
15,15.85184622,18/05/16,-1.471189372
15,31.37327063,18/05/16,-2.985758628
15,8.742913242,18/05/16,-2.722886827
15,7.208238809,18/05/16,-1.954280308
15,9.702640374,18/05/16,-10.87234879
15,22.77525932,18/05/16,-19.12025174
15,17.37731583,18/05/16,-0.461209749
15,25.53452362,18/05/16,-4.53107159
15,17.13004308,18/05/16,-3.266903148
15,13.15713504,18/05/16,-11.90410673
15,9.258760471,18/05/16,-3.910861545
15,26.83977142,18/05/16,-6.256070737
15,6.451363285,18/05/16,-0.559257507
15,11.65033363,18/05/16,-1.606438377
15,5.722986951,18/05/16,-1.661395264
15,28.93366796,18/05/16,-3.361117659
15,7.404738706,18/05/16,-2.875984192
15,13.58898571,18/05/16,-2.556075033
15,12.22065406,18/05/16,-10.11052195
15,26.8476855,18/05/16,-1.469847459
15,7.5848756,18/05/16,-3.054218292
15,13.39669668,18/05/16,-8.195324707
15,28.50229365,18/05/16,-6.689847749
15,20.71649365,18/05/16,-5.643740202
15,20.95884616,18/05/16,-4.896945351
15,16.99479364,18/05/16,-5.813375373
15,41.99153739,18/05/16,-2.362272353
15,6.982960872,18/05/16,0.835627238
15,11.93889924,18/05/16,-6.137874349
15,28.04581102,18/05/16,-7.71660287
15,28.4374996,18/05/16,-7.066934713
15,10.74918678,18/05/16,-7.804151747
16,126.0014029,01/06/16,-12.08481641
16,122.541399,01/06/16,-14.05452722
16,323.8057949,01/06/16,-17.18656238
16,28.22052683,01/06/16,-4.537983647
16,41.05342016,01/06/16,-2.585113525
16,6.323867373,01/06/16,-0.549603271
16,43.33146046,01/06/16,-4.475338811
16,23.40800437,01/06/16,-5.569946289
16,39.65393808,01/06/16,-4.729935084
16,17.9527067,01/06/16,-5.198224068
16,25.67853478,01/06/16,-7.759063721
16,10.72654545,01/06/16,-4.350345958
16,14.24151721,01/06/16,-5.897888184
16,17.76017217,01/06/16,-4.839589437
16,21.30380605,01/06/16,-4.073580655
16,8.051260553,01/06/16,-2.672968547
16,5.681327907,01/06/16,7.048942566
16,19.89708623,01/06/16,-2.413783264
16,6.895775064,01/06/16,-4.495252609
16,7.932398538,01/06/16,-4.86408827
16,34.7268093,01/06/16,-2.819353376
16,16.19911157,01/06/16,-5.336547852
16,39.26419143,01/06/16,-4.851048787
16,26.3367654,01/06/16,-7.742672119
16,94.80056246,01/06/16,-6.332108364
16,7.976109186,01/06/16,-4.405532837
17,120.4839963,13/07/16,-14.38434176
17,139.4045047,13/07/16,-19.88042378
17,65.67957983,13/07/16,-15.6901118
17,31.03597492,13/07/16,-12.80195262
17,146.0053449,13/07/16,-14.94984959
17,50.32736515,13/07/16,-17.08783295
17,68.11056677,13/07/16,-16.70822365
17,175.3748307,13/07/16,-3.63348999
17,107.1341162,13/07/16,-8.686382718
17,28.36220537,13/07/16,-7.939389459
17,447.5377997,13/07/16,-16.74311825
17,90.75975633,13/07/16,-10.30802337
17,79.02260353,13/07/16,-14.38315379
17,25.51617712,13/07/16,-17.46753375
17,44.95541463,13/07/16,-16.80861063
17,56.57034033,13/07/16,-12.89538864
17,38.17104159,13/07/16,-14.55904595
17,27.19486534,13/07/16,-15.17822266
17,28.17256069,13/07/16,-14.11561995
17,280.6866212,13/07/16,-19.02300342
17,58.75959397,13/07/16,-13.03003188
17,102.0511194,13/07/16,-21.36185538
17,71.2165707,13/07/16,-13.39781544
17,30.2814224,13/07/16,-15.45689341
17,57.16204069,13/07/16,-12.53760487
17,30.30975647,13/07/16,-12.18827229
17,56.34601747,13/07/16,-9.427583393
17,420.6655658,13/07/16,-13.715769
17,82.38477267,13/07/16,-14.2425271
17,93.73759031,13/07/16,-18.0365448
17,312.4168882,13/07/16,-14.08266214
17,19.84446933,13/07/16,-11.26226807
17,48.46949594,13/07/16,-14.3194969
17,112.7385152,13/07/16,-8.696318911
17,311.3780771,13/07/16,-21.4533906
17,237.5204432,13/07/16,-18.45349402
17,94.70659443,13/07/16,-15.35763772
17,46.81848407,13/07/16,-19.13333607
17,85.24489222,13/07/16,-11.97503594
17,159.2769886,13/07/16,-9.244608657
17,202.8842648,13/07/16,-12.66020894
17,404.1071042,13/07/16,-15.92582222
17,107.5508413,13/07/16,-9.431429854
17,16.77992486,13/07/16,-5.29791832
17,126.9254254,13/07/16,-12.99212378
17,45.53527307,13/07/16,-9.813179186
17,23.84457999,13/07/16,-1.8366642
17,15.59742943,13/07/16,-14.90764567
17,9.254829567,13/07/16,0.16448466
17,73.26993646,13/07/16,-6.429990668
17,30.83083693,13/07/16,-6.781787109
17,10.57616676,13/07/16,-9.239304976
17,21.94168815,13/07/16,-6.335221
17,86.45451842,13/07/16,-28.54680625
17,110.312872,13/07/16,-18.2933291
17,38.99162742,13/07/16,-5.874573155
17,41.84372168,13/07/16,-8.024550647
17,12.55357853,13/07/16,-2.289266733
17,112.9269158,13/07/16,-11.90709645
17,194.1839584,13/07/16,-10.24187018
17,70.22171797,13/07/16,-7.247044809
17,24.82704426,13/07/16,-4.659155804
17,26.84607184,13/07/16,-3.324926523
17,11.21751119,13/07/16,-8.922944502
17,15.08063779,13/07/16,1.391643524
17,41.40230754,13/07/16,-13.58827019
17,7.492557574,13/07/16,2.053710938
17,7.567859772,13/07/16,-1.962439643
17,20.29125031,13/07/16,-12.46172878
17,37.59388119,13/07/16,-1.442807584
17,93.78539914,13/07/16,-4.256135464
17,7.89652117,13/07/16,-0.983345032
17,88.32678956,13/07/16,-4.67223861
17,9.467249834,13/07/16,-4.80255466
17,11.34599883,13/07/16,-5.14589163
17,56.3971222,13/07/16,-4.238957541
17,52.3695814,13/07/16,-3.834883796
17,16.95336892,13/07/16,-3.757057639
17,9.69373069,13/07/16,-5.948350386
17,8.781379566,13/07/16,-18.64118576
17,19.68823333,13/07/16,-3.163479275
17,39.15871044,13/07/16,-0.068325043
17,8.89198687,13/07/16,-1.310997009
17,52.17196668,13/07/16,-7.006980016
17,21.4460685,13/07/16,-7.495965709
17,40.71515386,13/07/16,-5.917547989
17,14.39723772,13/07/16,-3.001643254
17,17.8848679,13/07/16,-1.375952148
17,22.94737452,13/07/16,-4.419341405
17,20.25583688,13/07/16,4.514067877
17,5.635721957,13/07/16,0.102455139
17,33.24332021,13/07/16,-12.17425722
17,39.23644182,13/07/16,-5.742209244
17,38.47535355,13/07/16,-5.599060482
17,11.03604463,13/07/16,-6.029707591
17,4.565738129,13/07/16,-0.168591309
17,40.76159614,13/07/16,-4.526274461
17,2.650224917,13/07/16,-10.58873749
17,26.39126455,13/07/16,-13.62356002
17,49.00271679,13/07/16,-7.86691803
17,75.66939418,13/07/16,-9.380267375
17,56.95575909,13/07/16,-9.766375008
17,25.09557244,13/07/16,-4.295724722
17,32.83575466,13/07/16,-8.694611044
17,74.31985205,13/07/16,-4.37523996
17,7.526044544,13/07/16,-4.765472412
17,52.01938328,13/07/16,-5.862528099
17,16.11531815,13/07/16,-5.707249361
17,33.96099143,13/07/16,-4.007678408
17,24.99529969,13/07/16,-5.695686927
17,9.696579645,13/07/16,-3.175308228
17,21.74408511,13/07/16,-12.47042316
17,49.93079544,13/07/16,-4.615854002
17,28.89154052,13/07/16,-15.45300892
17,18.04979129,13/07/16,-11.03954275
17,37.39121783,13/07/16,-4.019013349
17,72.36071331,13/07/16,-7.580389135
17,24.45567659,13/07/16,-12.24175964
17,12.0748277,13/07/16,-11.71041565
17,17.62615222,13/07/16,-10.94334681
17,31.84288289,13/07/16,-6.956617355
17,7.772000446,13/07/16,-2.588509696
17,9.096225346,13/07/16,-1.436147516
17,9.426559653,13/07/16,-0.475822449
17,30.25708941,13/07/16,-10.83915456
17,65.85292665,13/07/16,-7.991531372
17,15.08818332,13/07/16,-4.540805523
17,137.0780447,13/07/16,-6.86147777
17,84.19597444,13/07/16,-7.95872125
17,9.604422436,13/07/16,-9.939227295
17,13.3561504,13/07/16,-4.260607719
17,7.179953879,13/07/16,-4.689496358
17,31.8005106,13/07/16,-11.2241011
17,333.3463799,13/07/16,-16.92646066
17,40.60904383,13/07/16,-9.802063771
17,28.07815315,13/07/16,-5.331467262
17,11.30662124,13/07/16,-4.713453929
17,41.0374389,13/07/16,-6.106103232
17,34.23817084,13/07/16,-7.342869927
17,11.9691858,13/07/16,-3.51700592
17,100.253065,13/07/16,-10.40922668
17,121.0048863,13/07/16,-14.41455738
17,48.10405161,13/07/16,0.426668803
17,53.15415819,13/07/16,-7.811671864
17,71.41464067,13/07/16,-0.129605279
17,58.27553041,13/07/16,-6.060337491
17,116.4803858,13/07/16,-6.22981811
17,9.631397211,13/07/16,0.387821198
17,17.25400884,13/07/16,-0.66134464
17,27.75648193,13/07/16,-9.560747419
17,90.27073294,13/07/16,-9.125555559
17,35.19967652,13/07/16,2.717426647
17,41.57180625,13/07/16,-8.801989815
17,38.22830434,13/07/16,-5.670231468
17,14.25349756,13/07/16,-1.740986751
17,13.6675959,13/07/16,-9.329382324
17,62.96439541,13/07/16,-2.042799208
17,31.98769582,13/07/16,-1.539847904
17,25.17583161,13/07/16,-4.231073233
17,13.30017782,13/07/16,-3.455556696
17,8.341260525,13/07/16,-5.286577013
17,20.9342631,13/07/16,-4.443531202
17,181.7373396,13/07/16,-10.42226435
17,24.52877516,13/07/16,-11.38286452
17,211.1766605,13/07/16,-11.80878441
17,5.528906576,13/07/16,-0.614370728
17,13.14861781,13/07/16,-6.051552406
17,52.92719909,13/07/16,-9.387474204
17,9.1605806,13/07/16,-13.05639076
17,5.782381638,13/07/16,-9.308132935
17,21.44451534,13/07/16,-9.446271723
17,23.08942006,13/07/16,-5.464638088
17,13.81073651,13/07/16,-6.936864217
17,9.42830977,13/07/16,0.700900608
17,29.2238853,13/07/16,-8.023641968
17,13.98359118,13/07/16,-6.390981402
17,7.038936568,13/07/16,-1.631057739
17,16.09605033,13/07/16,-7.54208919
17,23.79115771,13/07/16,-12.04304077
17,44.50909071,13/07/16,-5.161770969
17,28.25859006,13/07/16,-13.73039654
17,7.813915717,13/07/16,-4.614164352
17,51.36102843,13/07/16,-7.635160858
17,4.692808725,13/07/16,-1.158992767
17,10.79066218,13/07/16,-2.762494601
17,11.10553296,13/07/16,-3.19663724
17,7.273830069,13/07/16,-4.70779201
17,12.36456606,13/07/16,-9.136801583
17,5.009546884,13/07/16,-3.178288778
17,13.10352109,13/07/16,-22.06614546
17,7.788385642,13/07/16,-3.045801163
17,11.14345977,13/07/16,2.585320791
17,19.12246207,13/07/16,-4.693102155
17,6.850596141,13/07/16,-3.104197184
17,24.49561038,13/07/16,0.015270996
17,30.33168939,13/07/16,-3.708868211
17,9.469146787,13/07/16,-10.84054226
17,6.515393962,13/07/16,-1.225411551
17,8.457917045,13/07/16,-10.06729507
17,57.72047927,13/07/16,-4.621447915
17,33.57491595,13/07/16,-8.37311184
17,34.2025604,13/07/16,1.680330549
17,17.31818738,13/07/16,-15.22044182
17,9.721541621,13/07/16,-0.404229736
17,24.71653129,13/07/16,-7.285968018
17,15.22162962,13/07/16,-3.774975777
17,13.73052275,13/07/16,-4.346418108
17,51.46179647,13/07/16,-7.682196104
17,32.91917089,13/07/16,-6.124370466
18,28.57738756,22/09/16,-14.37285886
18,33.6719713,22/09/16,-13.46092436
18,157.9815542,22/09/16,-13.35639857
18,65.36446857,22/09/16,-18.8725485
18,173.6365811,22/09/16,-10.51149414
18,80.6499669,22/09/16,-14.73681078
18,237.6372739,22/09/16,-10.96728281
18,51.45479601,22/09/16,-8.537291307
18,162.0065875,22/09/16,-7.978711999
18,54.47299302,22/09/16,-8.845967893
18,11.4542943,22/09/16,1.075958252
18,49.21169662,22/09/16,-6.204570848
18,26.22976866,22/09/16,-3.418211619
18,21.09764245,22/09/16,-7.865859985
18,73.63288664,22/09/16,-7.441796833
18,31.80635784,22/09/16,-5.267584801
18,63.71795193,22/09/16,-5.027826617
18,41.54599203,22/09/16,-1.233443069
18,6.654084996,22/09/16,-0.845462799
18,11.02109573,22/09/16,-4.492081275
18,40.29542008,22/09/16,-6.134156511
18,65.5849661,22/09/16,-9.046046015
18,21.6308443,22/09/16,-6.397770968
18,42.16553292,22/09/16,-2.661609738
18,39.23945886,22/09/16,-7.118970108
18,31.39050927,22/09/16,-9.440869731
18,6.49795291,22/09/16,-1.29728953
18,11.30137089,22/09/16,-2.413080069
18,13.54951559,22/09/16,-3.455215454
18,12.15248799,22/09/16,-7.867199238
18,16.20125591,22/09/16,-7.805867513
18,23.38069243,22/09/16,-7.087918091
18,8.884459423,22/09/16,-2.937131015
18,102.826195,22/09/16,-6.98853411
18,48.91791608,22/09/16,-6.362016639
18,9.919942296,22/09/16,-3.565048218
18,29.75633891,22/09/16,-3.938125102
18,32.47640795,22/09/16,-4.657284361
18,51.00392625,22/09/16,-6.166489868
18,13.9637341,22/09/16,-1.055877686
18,8.118303093,22/09/16,-11.31000192
18,23.61310096,22/09/16,-6.523250927
18,22.07945724,22/09/16,1.182727632
18,40.96212167,22/09/16,-9.60020484
18,27.68030849,22/09/16,-4.621794564
18,88.75834503,22/09/16,-12.53259569
18,31.70841775,22/09/16,-2.60743066
18,22.50228514,22/09/16,-6.65786223
18,8.514702593,22/09/16,-7.33215332
18,9.904253689,22/09/16,-0.880580139
18,23.58487897,22/09/16,-7.609505393
18,15.06996579,22/09/16,-1.823792521
18,16.87190503,22/09/16,-4.072144402
18,8.875365037,22/09/16,-0.48235321
18,33.41767677,22/09/16,-6.136574023
18,30.47169863,22/09/16,-1.878601074
18,34.47942381,22/09/16,-9.613514491
18,25.33305917,22/09/16,-1.285916138
18,10.38256025,22/09/16,-4.503650241
19,31.63358967,20/10/16,-15.32121735
19,38.13408867,20/10/16,-16.2421287
19,97.57505852,20/10/16,-17.69761356
19,43.45803551,20/10/16,-15.93594928
19,40.6139671,20/10/16,-14.30960709
20,69.50113724,23/12/16,-12.46641002
20,87.83729444,23/12/16,-16.42124085
20,29.2666794,23/12/16,-11.494259
20,125.386098,23/12/16,-14.54992041
20,203.0534162,23/12/16,-19.33604696
20,63.49849351,23/12/16,-14.47757122
20,116.843323,23/12/16,-14.77664404
20,143.6951165,23/12/16,-15.25399854
20,105.1220303,23/12/16,-16.06224496
20,56.24970685,23/12/16,-14.51238562
20,37.67730269,23/12/16,-11.18872632
20,136.3336573,23/12/16,-19.55059791
20,33.34031081,23/12/16,-13.36648798
20,82.33657592,23/12/16,-17.28157992
20,64.24420127,23/12/16,-12.76592969
20,122.3213834,23/12/16,-14.67599187
20,26.38146077,23/12/16,-14.30692743
21,37.09186022,15/03/17,-15.30360536
21,16.9985219,15/03/17,-12.85370445
21,18.94822465,15/03/17,0.058900452
21,17.86089132,15/03/17,-9.615784539
21,26.68016089,15/03/17,-8.92292051
21,48.72877977,15/03/17,-6.467969259
21,81.51898024,15/03/17,1.797968997
21,107.0169798,15/03/17,-6.40523441
21,174.5983388,15/03/17,-12.38161019
22,32.39533809,21/04/17,3.195159064
22,24.82643855,21/04/17,10.81045654
22,16.12721101,21/04/17,12.50109536
22,66.22084877,21/04/17,-5.187494366
22,69.34190639,21/04/17,-0.73736101
22,55.65029837,21/04/17,-10.18153627
22,275.7246131,21/04/17,-12.05346439
22,12.05717835,21/04/17,0.194847801
22,68.41497727,21/04/17,-5.016607312
23,47.35392535,17/05/17,1.175011817
23,32.38995541,17/05/17,-8.223929897
23,56.81434976,17/05/17,-2.790940148
23,39.19372056,17/05/17,-4.96026181
24,34.57528196,22/06/17,-2.485519409
24,33.77213257,22/06/17,-13.35889544
24,17.96598575,22/06/17,-2.431438022
24,29.21012787,22/06/17,-4.758017704
24,28.55488463,22/06/17,-0.51575143
24,48.76997413,22/06/17,-1.969261325
24,17.4577522,22/06/17,-5.977626801
24,35.23691623,22/06/17,-3.725466179
24,20.10112667,22/06/17,-10.45254135
24,136.6818038,22/06/17,4.132960697
24,53.82425566,22/06/17,-7.60459612
24,38.39006614,22/06/17,-2.825072861
24,51.93796685,22/06/17,-5.416612244
24,16.39773887,22/06/17,-1.444057465
25,23.2289331,31/08/17,-4.098669052
25,26.08057352,31/08/17,-11.78111211
25,18.23531621,31/08/17,-21.40558963
25,57.75076624,31/08/17,-7.431132802
25,104.9332035,31/08/17,-7.092038228
25,11.63616799,31/08/17,-14.22664134
25,20.0663357,31/08/17,-6.196105194
25,99.23522759,31/08/17,-6.04677948
25,27.46810159,31/08/17,-2.877985461
25,75.23799452,31/08/17,-7.656500967
25,14.84657987,31/08/17,-5.905637614
25,165.888961,31/08/17,-9.740159966
25,33.76121922,31/08/17,-2.558175031
25,141.4324692,31/08/17,-1.916493236
25,276.4641217,31/08/17,-3.39815744
25,66.05775981,31/08/17,-11.93466609
25,19.36607817,31/08/17,-1.283214569
25,63.35810017,31/08/17,-7.242038965
25,33.09487136,31/08/17,-11.53606762
25,14.99078939,31/08/17,-0.092087882
25,69.26266927,31/08/17,-10.86756374
25,37.371065,31/08/17,-11.8933352
26,17.83717725,27/09/17,-6.925695083
26,13.22107259,27/09/17,-5.252969595
26,86.91729526,27/09/17,-5.811586627
27,8.781379565,30/10/17,-8.978251866
27,20.96638377,30/10/17,-3.145883661
27,31.9775803,30/10/17,-9.292724147
27,23.98884362,30/10/17,-10.85379493
27,20.575758,30/10/17,1.297665803
27,15.00479031,30/10/17,7.850526937
27,85.14941987,30/10/17,-6.299102783
27,34.49842345,30/10/17,-5.60618322
27,59.6525373,30/10/17,-10.16908911
27,49.48066571,30/10/17,-3.395612399
27,61.66349109,30/10/17,-18.96897101
27,91.2881085,30/10/17,-19.68953975
27,23.3955441,30/10/17,-9.556509267
27,21.16799708,30/10/17,-2.992724332
27,27.03654722,30/10/17,-1.509098346
27,19.36667652,30/10/17,-4.487345378
27,45.9062298,30/10/17,-4.961451213
28,13.456575,29/11/17,-6.975891113
28,28.91890865,29/11/17,-8.982863835
28,60.78597694,29/11/17,-16.82180811
28,57.44125009,29/11/17,-16.27266499
28,33.28272916,29/11/17,-12.16335207
28,52.10723908,29/11/17,-4.979691139
28,189.6166228,29/11/17,-7.476563307
28,122.1700896,29/11/17,-17.01275135
28,37.69173472,29/11/17,-22.72710934
29,12.50610344,28/02/18,-12.26580693
29,60.84776371,28/02/18,-2.506885716
29,42.59317596,28/02/18,-0.830021703
29,66.78806198,28/02/18,1.066908851
29,112.9101337,28/02/18,-7.956214072
29,63.35954132,28/02/18,-4.694928124
29,42.85063159,28/02/18,-6.776340573
29,61.12108203,28/02/18,-7.381083629
29,93.13179197,28/02/18,-13.31653259
29,96.20409573,28/02/18,-0.921062311
29,17.44261962,28/02/18,3.412269592
29,39.53993303,28/02/18,-2.468280029
29,52.71857869,28/02/18,-3.339863117
29,50.8733895,28/02/18,-2.193810805
29,112.7671019,28/02/18,-8.877419531
29,42.71614589,28/02/18,-4.446400842
29,46.4701432,28/02/18,-11.59393895
29,88.82003504,28/02/18,-6.22950076
29,26.73650406,28/02/18,-7.746995714
29,88.80906338,28/02/18,-6.77334629
29,6.696641975,28/02/18,-10.02012889
29,116.9998349,28/02/18,-12.90948004
30,177.280219,04/04/18,-16.58886419
30,54.4071065,04/04/18,-1.300698575
30,122.8146896,04/04/18,-7.273799369
30,59.67586878,04/04/18,-10.94586296
30,139.1684429,04/04/18,-3.563320326
30,7.134675924,04/04/18,-19.40505886
30,26.80293626,04/04/18,-3.233009621
30,48.34528463,04/04/18,-7.705699603
30,15.39486293,04/04/18,0.349235026
31,14.86758126,23/05/18,0.955729893
31,13.76430845,23/05/18,-0.293641663
31,65.68566656,23/05/18,-6.867699385
31,11.32981422,23/05/18,0.088247935
31,13.69864413,23/05/18,-6.403073992
31,37.5196763,23/05/18,-4.921073066
31,32.45081151,23/05/18,-11.36355267
31,12.87804996,23/05/18,-3.989337376
31,103.3542071,23/05/18,-5.985280991
31,27.57537373,23/05/18,1.665139335
31,7.458934683,23/05/18,3.831965855
31,83.6665339,23/05/18,-5.900272415
31,24.21991891,23/05/18,-6.548622767
31,75.22237349,23/05/18,-9.03300727
31,30.69802601,23/05/18,-2.964215186
31,18.44904818,23/05/18,-6.119244893
31,161.5958755,23/05/18,-8.751125948
31,74.67685261,23/05/18,-7.261445516
31,34.92526904,23/05/18,-3.577155413
31,44.74125755,23/05/18,-3.717389255
31,12.72102386,23/05/18,-4.662281036
32,282.8075882,24/07/18,-15.17763668
32,152.3894634,24/07/18,-11.65637297
32,30.79029832,24/07/18,-12.72075727
32,34.71442912,24/07/18,-10.62566834
32,133.6221943,24/07/18,-5.577383582
32,99.54458756,24/07/18,-7.252089844
32,44.73413173,24/07/18,-9.646676297
32,74.28441961,24/07/18,-8.096071879
32,41.67418013,24/07/18,-1.75735183
32,5.904611095,24/07/18,-7.929660034
32,56.24855982,24/07/18,-9.740373884
32,31.85264136,24/07/18,-13.04662991
32,18.91703549,24/07/18,-4.279961837
32,53.69666877,24/07/18,-1.789316628
32,44.6173811,24/07/18,-3.190348307
32,20.38928251,24/07/18,-7.053690956
32,113.5631928,24/07/18,-8.059703492
32,75.69491797,24/07/18,-10.34020253
32,22.05622388,24/07/18,-6.970805577
32,29.13973239,24/07/18,-7.77059042
32,33.85448356,24/07/18,-10.40003025
32,68.34126781,24/07/18,-12.7649284
32,31.19255733,24/07/18,-7.183790145
32,238.6418856,24/07/18,-9.75187664
32,32.16448655,24/07/18,-6.050267075
32,21.32760762,24/07/18,-5.402181874
32,243.5089294,24/07/18,-13.69617131
32,67.82287657,24/07/18,-12.73003298
32,98.74761287,24/07/18,-12.39652861
32,60.25021422,24/07/18,-4.780582852
32,222.7756278,24/07/18,-12.04780315
32,18.15305312,24/07/18,-13.19427321
32,139.637106,24/07/18,-15.51207068
32,29.72182237,24/07/18,-9.348508962
32,40.73838896,24/07/18,-6.682032515
32,38.30432397,24/07/18,-8.454057742
32,29.64116061,24/07/18,-7.640105693
32,26.82304664,24/07/18,-0.749561451
32,58.54205511,24/07/18,-11.45891481
32,181.7808492,24/07/18,-11.18801293
32,46.70327294,24/07/18,-7.747055703
32,167.6752374,24/07/18,-13.74473971
32,44.20331263,24/07/18,-21.01393263
32,40.16497762,24/07/18,-2.27987175
32,21.54688566,24/07/18,-12.16188674
32,31.15112942,24/07/18,-1.854907036
32,49.94567578,24/07/18,-13.58398138
32,14.75972005,24/07/18,-4.486598969
32,97.72125101,24/07/18,-18.7699954
32,97.30768751,24/07/18,-9.072174544
32,16.95931933,24/07/18,-9.363274069
32,80.93236737,24/07/18,-0.57241802
32,26.77743543,24/07/18,-8.634049027
32,28.67407203,24/07/18,-6.141996713
32,25.67769472,24/07/18,-6.191333771
32,69.73072008,24/07/18,-6.637696602
32,132.7942821,24/07/18,-12.3315105
32,26.69012687,24/07/18,-10.76490784
32,25.73736648,24/07/18,-2.859077171
32,50.7329165,24/07/18,-7.996341182
32,42.69723441,24/07/18,-8.374891769
32,30.78659129,24/07/18,-10.14806587
32,52.74936023,24/07/18,-5.558599508
32,17.41498496,24/07/18,-5.922202216
32,339.0342103,24/07/18,-13.34522484
32,56.81550056,24/07/18,-8.420134136
32,152.278647,24/07/18,-8.911568993
32,85.71027345,24/07/18,-13.68813638
32,23.81445986,24/07/18,-4.489756266
32,30.12140637,24/07/18,-8.910455322
32,80.24231065,24/07/18,-10.0933755
32,70.29318392,24/07/18,-10.81072911
32,14.6264259,24/07/18,-8.390294756
32,50.64529967,24/07/18,-9.518950818
32,38.86852742,24/07/18,-3.491928492
32,137.5014552,24/07/18,-12.36066815
32,55.61717492,24/07/18,-13.05630993
32,35.01978732,24/07/18,-9.344985538
32,37.31960745,24/07/18,-3.122407612
32,108.7892696,24/07/18,-11.61923449
32,20.44215467,24/07/18,-5.403450376
32,159.7331237,24/07/18,-15.19877062
33,25.23005842,27/08/18,-5.275585938
33,324.544073,27/08/18,-10.14689364
33,68.93919746,27/08/18,3.45712413
33,85.03761639,27/08/18,-8.96234095
33,35.85997975,27/08/18,-4.789598677
33,13.30647823,27/08/18,-12.69302016
33,39.97273261,27/08/18,-0.981790161
33,34.7163969,27/08/18,-5.737955729
33,33.71577342,27/08/18,-9.31867577
33,33.85982006,27/08/18,-7.317358129
33,71.20619919,27/08/18,-5.401895657
33,157.7383569,27/08/18,-9.910867193
33,36.70107296,27/08/18,-11.62353114
33,79.5302112,27/08/18,-5.428463996
33,16.19346877,27/08/18,-9.303261252
33,124.7390106,27/08/18,-11.0056971
33,27.70138068,27/08/18,-6.096044268
33,17.30690309,27/08/18,-6.537935893
33,36.64641351,27/08/18,-8.025744388
33,89.23934994,27/08/18,-10.2939493
33,56.86673297,27/08/18,-16.24829798
33,32.46814289,27/08/18,2.596792603
33,60.62327964,27/08/18,-9.072112037
33,66.39383612,27/08/18,-6.989150539
33,67.02077754,27/08/18,-11.53923504
33,29.86278103,27/08/18,-7.32793986
33,49.52796342,27/08/18,-5.953951466
33,81.02164584,27/08/18,-8.062968125
33,86.96958274,27/08/18,-13.50588697
33,61.7186673,27/08/18,-2.818331859
33,28.35273731,27/08/18,-13.1681633
33,67.52621201,27/08/18,-4.820909588
33,8.186255397,27/08/18,-1.675392151
33,31.19179096,27/08/18,-11.56356382
33,116.4136846,27/08/18,2.900299467
34,71.03922037,26/10/18,-1.785061353
34,17.19527623,26/10/18,-3.797161327
34,40.28950306,26/10/18,-3.372754669
34,90.6636503,26/10/18,0.936984931
34,118.2611262,26/10/18,-11.10333784
34,21.45356819,26/10/18,-16.62717854
34,30.82222091,26/10/18,1.787492879
34,27.0116005,26/10/18,-7.049041183
34,25.12835925,26/10/18,-8.639572709
34,51.86457706,26/10/18,0.417602838
34,16.68846536,26/10/18,2.818208582
34,44.81064847,26/10/18,-9.069233534
34,64.12088722,26/10/18,-15.23490106
34,18.80893007,26/10/18,-3.506922554
35,14.40399754,26/11/18,-3.885765076
35,33.8580979,26/11/18,-6.497142119
35,17.86657919,26/11/18,-0.383074443
35,19.80587657,26/11/18,-0.515203094
35,37.73715633,26/11/18,-7.452282554
35,61.2498145,26/11/18,-8.867248035
35,119.5897613,26/11/18,-4.447532272
36,21.14169946,26/12/18,-6.80254364
36,33.18235354,26/12/18,-7.421654441
36,28.62488902,26/12/18,-6.695195691
36,56.80391324,26/12/18,-13.01546117
36,13.95358349,26/12/18,-4.590062823
36,28.83443349,26/12/18,-7.955651119
36,26.59977133,26/12/18,1.437919334
36,35.59930009,26/12/18,-7.69826889
37,23.59800853,28/01/19,0.618748347
37,39.35260073,28/01/19,-7.86562252
37,168.9648553,28/01/19,-18.75378872
38,42.00694055,25/02/19,-10.76342446
38,82.88052568,25/02/19,-8.13503201
38,197.9162113,25/02/19,-9.520833719
38,38.82033982,25/02/19,-7.003215301
38,34.78779192,25/02/19,-7.848736136
39,39.642545,25/03/19,-3.333465576
39,15.89690167,25/03/19,2.02000517
39,96.67470535,25/03/19,-6.39195047
39,107.8085443,25/03/19,-8.720757721
39,8.888285016,25/03/19,-0.224268595
39,38.76312541,25/03/19,-3.479822403
39,16.28327593,25/03/19,0.411880493
39,57.5157977,25/03/19,-4.396370336
39,52.89062624,25/03/19,-8.856079677
39,23.61813938,25/03/19,-8.412392934
40,46.31038955,24/04/19,-7.172287982
40,24.8501701,24/04/19,-3.821624146
40,53.39099388,24/04/19,-5.945242032
40,46.04508527,24/04/19,-7.257784636
40,29.39243449,24/04/19,-0.543953451
40,55.84679695,24/04/19,-5.877566555
40,7.850911926,24/04/19,0.544078282
41,15.79723727,31/05/19,-4.326770109
41,55.20882983,31/05/19,-3.519665666
41,7.773761816,31/05/19,-13.66848077
41,135.9579044,31/05/19,-14.09016828
41,11.72227349,31/05/19,-1.541007996
41,45.25658693,31/05/19,-3.077893236
41,36.00162026,31/05/19,-6.889675564
41,117.5713813,31/05/19,-0.06627849
41,27.28349364,31/05/19,-3.710355971
42,44.72142067,27/06/19,-6.744188436
42,60.79496263,27/06/19,-4.548206822
42,41.5354393,27/06/19,5.425932748
42,82.86228588,27/06/19,-6.030385213
42,36.46400662,27/06/19,-3.71420894
42,167.5969384,27/06/19,0.322155021
42,29.85772995,27/06/19,-0.419070943
42,255.0472387,27/06/19,-10.43282801
42,82.06756722,27/06/19,-1.734861886
42,188.7384512,27/06/19,-9.379000063
42,67.73124943,27/06/19,-6.855814429
42,118.9438105,27/06/19,-7.928755816
43,34.41576634,24/07/19,-8.409272984
43,135.0714442,24/07/19,-10.59008767
43,34.76720782,24/07/19,-7.643925694
43,30.72177805,24/07/19,-11.42385323
43,34.89203858,24/07/19,-4.254718454
43,26.32351325,24/07/19,-0.407536433
43,23.117733,24/07/19,-13.63726475
43,17.58548903,24/07/19,-18.02225664
43,29.2409462,24/07/19,-12.73953826
43,42.72519813,24/07/19,-9.585990373
43,36.12180697,24/07/19,-11.07523078
44,48.83503307,28/08/19,-9.349995827
44,36.45941234,28/08/19,-4.549531679
44,23.51698689,28/08/19,-6.891347249
44,132.8913481,28/08/19,-8.455322266
44,32.72445193,28/08/19,-4.234936276
44,85.43530226,28/08/19,-6.273179217
44,40.86191251,28/08/19,-11.10745053
44,9.11544139,28/08/19,-3.358534071
44,23.43015147,28/08/19,-5.224131902
44,7.694788597,28/08/19,0.417709351
45,77.66551268,23/09/19,-12.12069917
45,175.3834917,23/09/19,-10.54281503
45,30.29252448,23/09/19,-19.84990225
45,33.27171976,23/09/19,-8.532685713
45,9.195806922,23/09/19,-2.397238159
45,7.294481426,23/09/19,-2.412843977
45,22.85146767,23/09/19,-2.727549598
45,42.88357275,23/09/19,-21.63019961
45,7.622103056,23/09/19,-2.17092726
45,21.89766176,23/09/19,-1.22372616
45,170.7551561,23/09/19,-12.61428235
45,25.18577586,23/09/19,0.186460223
45,82.40917243,23/09/19,-12.02476036
45,40.44198581,23/09/19,-14.18341026
45,13.97070089,23/09/19,2.210268293
45,48.79747765,23/09/19,-8.144758263
45,93.75078768,23/09/19,-8.517030919
45,29.6651579,23/09/19,-4.306941863
45,69.32361999,23/09/19,-8.873168073
45,7.87928052,23/09/19,-2.123753866
45,28.77762017,23/09/19,-4.055639333
45,101.563014,23/09/19,-15.09057385
45,21.6421908,23/09/19,-5.079613426
45,265.2750662,23/09/19,-13.11774025
45,56.56283651,23/09/19,-10.44623579
45,40.61612112,23/09/19,-0.157153618
45,58.95138012,23/09/19,-24.28608297
45,193.8573186,23/09/19,-10.65736691
45,30.90189183,23/09/19,-5.734083606
45,39.76622992,23/09/19,-9.04685688
45,192.8252122,23/09/19,-10.81137006
45,20.64376983,23/09/19,-6.291535877
45,93.19930339,23/09/19,-13.22490881
45,398.8679496,23/09/19,-19.46830027
45,28.80535753,23/09/19,-2.756065956
45,2.217746372,23/09/19,-3.02335612
45,22.01332172,23/09/19,-0.38655422
45,248.845732,23/09/19,-11.88960199
45,31.71582633,23/09/19,-6.720977783
45,31.73248566,23/09/19,-4.72899127
45,135.6561689,23/09/19,-11.55935776
45,42.87423536,23/09/19,-6.661020678
45,13.20707166,23/09/19,-6.581724803
45,13.6999042,23/09/19,3.616289775
45,56.57851876,23/09/19,-6.508086355
45,42.73964993,23/09/19,-3.153745825
45,373.2528708,23/09/19,-9.786134669
45,43.37056385,23/09/19,-7.119213286
45,19.8824723,23/09/19,-6.458763123
45,15.39699897,23/09/19,-7.467801921
45,54.61373984,23/09/19,-0.398912187
45,27.82984225,23/09/19,-8.031228202
45,33.76630027,23/09/19,-10.75725466
45,13.96972432,23/09/19,-2.063577924
45,15.69712178,23/09/19,-10.27122974
45,3.123606154,23/09/19,-3.391098022
45,46.77444136,23/09/19,-8.43587713
45,24.67542809,23/09/19,7.010595842
45,13.45497476,23/09/19,-3.437204214
45,211.7487751,23/09/19,-17.90497687
46,32.717017,17/10/19,-3.770720973
46,99.41260129,17/10/19,-1.857654456
46,12.2874035,17/10/19,-6.770819346
46,45.95265359,17/10/19,-6.762632005
46,66.90093831,17/10/19,-8.006543288
46,87.72351056,17/10/19,-1.954404831
46,28.76790318,17/10/19,-2.805637754
46,22.85843786,17/10/19,1.946414789
46,23.08845353,17/10/19,-3.314416637
47,88.98618509,28/11/19,-5.971829018
47,14.68175229,28/11/19,-3.114761353
47,113.2795917,28/11/19,-3.406913015
47,56.68553181,28/11/19,-5.687176353
47,28.91750856,28/11/19,-0.148592631
47,64.56022329,28/11/19,-8.502043973
47,11.51814618,28/11/19,-2.612165971
47,47.59827918,28/11/19,-6.129632632
47,34.68167414,28/11/19,-9.408964321
47,23.50440689,28/11/19,-1.92000812
47,101.8763165,28/11/19,-3.738913143
47,12.40971988,28/11/19,-5.252627055
47,25.55458408,28/11/19,-3.180108643
47,25.83676965,28/11/19,-8.334901663
47,26.75548403,28/11/19,-7.886140611