Id,area_m2,date
1,101.46130432500,2014-11-06
1,55.79364725600,2014-11-06
1,16.37191690410,2014-11-06
1,43.02728977960,2014-11-06
2,44.50967055990,2014-11-27
2,153.59153701300,2014-11-27
2,22.25026851540,2014-11-27
2,21.28516731530,2014-11-27
2,107.74440584000,2014-11-27
2,37.11888413320,2014-11-27
2,34.59934720950,2014-11-27
2,18.83343049900,2014-11-27
3,120.67686886200,2014-12-17
3,129.45109999900,2014-12-17
3,61.29464544150,2014-12-17
3,26.48134776820,2014-12-17
3,84.93529322280,2014-12-17
3,24.18274605930,2014-12-17
3,62.88130016170,2014-12-17
3,19.91470974280,2014-12-17
3,23.60586233290,2014-12-17
4,53.06657562180,2015-01-10
4,63.18069854130,2015-01-10
4,118.26391119900,2015-01-10
4,27.19574492840,2015-01-10
4,28.99114656690,2015-01-10
4,16.59232495160,2015-01-10
4,20.99109541370,2015-01-10
5,84.92995652010,2015-02-11
5,135.52850736400,2015-02-11
5,81.35079414230,2015-02-11
5,72.75157377740,2015-02-11
5,16.04726028150,2015-02-11
5,64.41545140870,2015-02-11
5,29.39677648920,2015-02-11
5,12.90494159930,2015-02-11
5,54.46299663450,2015-02-11
5,30.89525465640,2015-02-11
5,35.02465778040,2015-02-11
6,405.12292172000,2015-02-25
6,35.67033292840,2015-02-25
6,46.52372949820,2015-02-25
6,62.69130998750,2015-02-25
6,62.98945730230,2015-02-25
6,54.28798018230,2015-02-25
7,67.57232000690,2015-04-01
7,62.61670212410,2015-04-01
7,44.51637369230,2015-04-01
7,33.43189707280,2015-04-01
7,38.59879752460,2015-04-01
8,19.52522248910,2015-04-22
8,32.95814629520,2015-04-22
9,27.97142941710,2015-05-20
9,61.14681324920,2015-05-20
9,19.66801683510,2015-05-20
9,11.98455891740,2015-05-20
9,14.01445828800,2015-05-20
9,32.27869288560,2015-05-20
10,28.89541435100,2015-06-10
10,137.30452712200,2015-06-10
10,272.53767976000,2015-06-10
10,33.85010777840,2015-06-10
10,67.10830994700,2015-06-10
10,57.00126207120,2015-06-10
10,55.94517237330,2015-06-10
10,51.20953154490,2015-06-10
10,41.75878052390,2015-06-10
10,45.07992527540,2015-06-10
10,13.03131997110,2015-06-10
10,22.65174501120,2015-06-10
10,23.20299021640,2015-06-10
11,65.62439001800,2015-06-29
11,39.39334996510,2015-06-29
11,24.09279012440,2015-06-29
11,66.94669120470,2015-06-29
11,13.34921789120,2015-06-29
11,14.85629300200,2015-06-29
11,7.92151282639,2015-06-29
11,36.41714842610,2015-06-29
12,35.99984700750,2015-07-14
12,95.85934170510,2015-07-14
12,30.81807719170,2015-07-14
12,19.26696618760,2015-07-14
12,14.85572569160,2015-07-14
12,21.95932931290,2015-07-14
12,25.58427477400,2015-07-14
12,7.47874504149,2015-07-14
13,42.79109976710,2015-08-19
13,37.33510381840,2015-08-19
13,26.13515565770,2015-08-19
13,486.74948854900,2015-08-19
13,356.61831858300,2015-08-19
13,82.03852221850,2015-08-19
13,37.02434175280,2015-08-19
13,18.51018931880,2015-08-19
13,45.65867588000,2015-08-19
13,53.66663090830,2015-08-19
13,28.31435509780,2015-08-19
13,19.45696748080,2015-08-19
13,27.45839119990,2015-08-19
14,36.42878401470,2015-09-24
14,28.36552286000,2015-09-24
14,59.44971488060,2015-09-24
14,16.06521755600,2015-09-24
14,45.05709066080,2015-09-24
14,181.79388518400,2015-09-24
14,43.48862024760,2015-09-24
14,259.06853007100,2015-09-24
14,40.94325225000,2015-09-24
14,27.25856978430,2015-09-24
14,66.96401376830,2015-09-24
14,68.49580730590,2015-09-24
14,16.64569861400,2015-09-24
14,46.46325382610,2015-09-24
14,20.79957713150,2015-09-24
14,80.34917503590,2015-09-24
14,33.63834915870,2015-09-24
14,22.03521432490,2015-09-24
14,35.87278274770,2015-09-24
14,17.49427462200,2015-09-24
14,45.56725343530,2015-09-24
14,11.22991994070,2015-09-24
14,50.86417230160,2015-09-24
15,104.95893666300,2016-05-18
15,318.26249146500,2016-05-18
15,63.96583669470,2016-05-18
15,31.02107052120,2016-05-18
15,30.95500418270,2016-05-18
15,33.34577948200,2016-05-18
15,96.40981395390,2016-05-18
15,133.95717201000,2016-05-18
15,92.51153878060,2016-05-18
15,126.29319406700,2016-05-18
15,53.49749514300,2016-05-18
15,39.34782361770,2016-05-18
15,46.14305779620,2016-05-18
15,17.37683904170,2016-05-18
15,57.46673171370,2016-05-18
15,32.36223552940,2016-05-18
15,17.63263385410,2016-05-18
15,716.02946687100,2016-05-18
15,49.03012023260,2016-05-18
15,51.12663255280,2016-05-18
15,17.63615339330,2016-05-18
15,47.31052249470,2016-05-18
15,15.28228114640,2016-05-18
15,17.96593616620,2016-05-18
15,16.20273116350,2016-05-18
15,35.97789453680,2016-05-18
15,8.62435045346,2016-05-18
15,196.97168916500,2016-05-18
15,26.16372584370,2016-05-18
15,68.95968757880,2016-05-18
15,35.07511494950,2016-05-18
15,33.13657430550,2016-05-18
15,61.19951675320,2016-05-18
15,16.39172231260,2016-05-18
15,57.49933906510,2016-05-18
15,22.17742600310,2016-05-18
15,46.30338451090,2016-05-18
15,346.35205923200,2016-05-18
15,25.11126984470,2016-05-18
15,7.44163697355,2016-05-18
15,43.39586411890,2016-05-18
15,118.90162336400,2016-05-18
15,10.17833343990,2016-05-18
15,9.99309442414,2016-05-18
15,13.14896782920,2016-05-18
15,68.15331989870,2016-05-18
15,51.56540330570,2016-05-18
15,54.62861787950,2016-05-18
15,34.93930599180,2016-05-18
15,11.15033591990,2016-05-18
15,30.91533152860,2016-05-18
15,23.94845559700,2016-05-18
15,15.97340331730,2016-05-18
15,59.89981079310,2016-05-18
15,50.14630521670,2016-05-18
15,45.31962893760,2016-05-18
15,27.17054325690,2016-05-18
15,10.27711579100,2016-05-18
15,25.92131080570,2016-05-18
15,65.42036774270,2016-05-18
15,9.34736249872,2016-05-18
15,13.49199045890,2016-05-18
15,63.74231855520,2016-05-18
15,23.43022085050,2016-05-18
15,22.72962515330,2016-05-18
15,8.66330511073,2016-05-18
15,3.45962833221,2016-05-18
15,9.59089044449,2016-05-18
15,59.78566137370,2016-05-18
15,63.68091249780,2016-05-18
15,91.45270150080,2016-05-18
15,13.96302886740,2016-05-18
15,19.19979786090,2016-05-18
15,15.14085637150,2016-05-18
15,56.11303072720,2016-05-18
15,14.93078230400,2016-05-18
15,30.01146536190,2016-05-18
15,78.93540608200,2016-05-18
15,23.96741184920,2016-05-18
15,56.25288881350,2016-05-18
15,23.41864562090,2016-05-18
15,145.07097522700,2016-05-18
15,11.54822467570,2016-05-18
15,18.96281124990,2016-05-18
15,38.69621440320,2016-05-18
15,89.00758449520,2016-05-18
15,15.96158409670,2016-05-18
15,12.76534250510,2016-05-18
15,19.67509605690,2016-05-18
15,25.50793352560,2016-05-18
15,26.07989627020,2016-05-18
15,6.42049285675,2016-05-18
15,10.90847741640,2016-05-18
15,46.02313752430,2016-05-18
15,30.98555988820,2016-05-18
15,40.50364193460,2016-05-18
15,28.74322786760,2016-05-18
15,15.65810843610,2016-05-18
15,10.33781563150,2016-05-18
15,7.01358789666,2016-05-18
15,4.89962337523,2016-05-18
15,8.35842813184,2016-05-18
15,31.06420023990,2016-05-18
15,59.61589465120,2016-05-18
15,79.10075449940,2016-05-18
15,30.21364411470,2016-05-18
15,24.72116910030,2016-05-18
15,15.68358805200,2016-05-18
15,24.24445014110,2016-05-18
15,22.21526620600,2016-05-18
15,5.54256808707,2016-05-18
15,19.30583685320,2016-05-18
15,99.15542330710,2016-05-18
15,24.76209270750,2016-05-18
15,15.92325093180,2016-05-18
15,7.54628367641,2016-05-18
15,65.00686025720,2016-05-18
15,15.18181449850,2016-05-18
15,15.85184621690,2016-05-18
15,31.37327063360,2016-05-18
15,8.74291324195,2016-05-18
15,7.18096761113,2016-05-18
15,9.70264037286,2016-05-18
15,22.77525932120,2016-05-18
15,17.37731583350,2016-05-18
15,25.53452361760,2016-05-18
15,17.13004308050,2016-05-18
15,13.15713504260,2016-05-18
15,9.25876046884,2016-05-18
15,26.83977141830,2016-05-18
15,6.45136328331,2016-05-18
15,11.65033363030,2016-05-18
15,5.72298694920,2016-05-18
15,28.93366795570,2016-05-18
15,7.40473870545,2016-05-18
15,13.58898570460,2016-05-18
15,12.22065406120,2016-05-18
15,26.84776237460,2016-05-18
15,7.58487559887,2016-05-18
15,13.39669668240,2016-05-18
15,28.50229365110,2016-05-18
15,20.71649364920,2016-05-18
15,20.95884616290,2016-05-18
15,16.99479363750,2016-05-18
15,41.99153739070,2016-05-18
15,6.98296087282,2016-05-18
15,11.93889923940,2016-05-18
15,28.04581102230,2016-05-18
15,28.43749960050,2016-05-18
15,10.74918677570,2016-05-18
16,27.72455953120,2016-06-01
16,126.00140290400,2016-06-01
16,122.54145970400,2016-06-01
16,323.80583279700,2016-06-01
16,28.22052683220,2016-06-01
16,41.05332617910,2016-06-01
16,6.32386737124,2016-06-01
16,60.39691677220,2016-06-01
16,43.33146046190,2016-06-01
16,23.40800436640,2016-06-01
16,39.65393807850,2016-06-01
16,17.95270670670,2016-06-01
16,25.67853478110,2016-06-01
16,10.72654545670,2016-06-01
16,14.24151721400,2016-06-01
16,17.76017216780,2016-06-01
16,21.30380604830,2016-06-01
16,8.05126055182,2016-06-01
16,5.68132790928,2016-06-01
16,19.89708622880,2016-06-01
16,6.89577506608,2016-06-01
16,7.93239853790,2016-06-01
16,34.72680929620,2016-06-01
16,16.19911156670,2016-06-01
16,39.26419143370,2016-06-01
16,26.33676539920,2016-06-01
16,94.80056245910,2016-06-01
16,7.97610918756,2016-06-01
17,120.48399625300,2016-07-13
17,139.40450469300,2016-07-13
17,65.67957983230,2016-07-13
17,31.03597492090,2016-07-13
17,146.00534493000,2016-07-13
17,50.32736515020,2016-07-13
17,68.11056677090,2016-07-13
17,175.37483069300,2016-07-13
17,107.13412510100,2016-07-13
17,28.36220537160,2016-07-13
17,447.53779966300,2016-07-13
17,90.75975633300,2016-07-13
17,79.02260354090,2016-07-13
17,25.51617712350,2016-07-13
17,44.95541462980,2016-07-13
17,56.57034032980,2016-07-13
17,38.17104159230,2016-07-13
17,27.19486533720,2016-07-13
17,28.17256068810,2016-07-13
17,280.68662117500,2016-07-13
17,58.75966680580,2016-07-13
17,102.05111944300,2016-07-13
17,71.21657070040,2016-07-13
17,30.28128729110,2016-07-13
17,57.16204068780,2016-07-13
17,30.30975646980,2016-07-13
17,56.34601746590,2016-07-13
17,420.66556583200,2016-07-13
17,82.38477266780,2016-07-13
17,80.29996687260,2016-07-13
17,312.41688818700,2016-07-13
17,19.84446932680,2016-07-13
17,48.46949593380,2016-07-13
17,112.73851514900,2016-07-13
17,311.37817103100,2016-07-13
17,237.52042967600,2016-07-13
17,94.70659443060,2016-07-13
17,46.81848406960,2016-07-13
17,85.24489222130,2016-07-13
17,159.27698856500,2016-07-13
17,2.63724954393,2016-07-13
17,202.88426481700,2016-07-13
17,404.10710420200,2016-07-13
17,107.55084129000,2016-07-13
17,16.77992486320,2016-07-13
17,80.92726914730,2016-07-13
17,45.53527306520,2016-07-13
17,23.84457999140,2016-07-13
17,15.59742942550,2016-07-13
17,9.25482956729,2016-07-13
17,73.26993645540,2016-07-13
17,30.83083692990,2016-07-13
17,10.57613370080,2016-07-13
17,21.94168815560,2016-07-13
17,86.45443795310,2016-07-13
17,110.31287196300,2016-07-13
17,38.99162741940,2016-07-13
17,41.84372167450,2016-07-13
17,12.55357853330,2016-07-13
17,112.92691583200,2016-07-13
17,194.18395841700,2016-07-13
17,70.22171797230,2016-07-13
17,24.82704425810,2016-07-13
17,26.84608578120,2016-07-13
17,11.21753248410,2016-07-13
17,15.08063778980,2016-07-13
17,41.40230753450,2016-07-13
17,7.49255757277,2016-07-13
17,7.56785977350,2016-07-13
17,20.29125030550,2016-07-13
17,37.59388119110,2016-07-13
17,93.78539914200,2016-07-13
17,7.89652117054,2016-07-13
17,88.32678956290,2016-07-13
17,9.46724983356,2016-07-13
17,11.34599883130,2016-07-13
17,56.39712219750,2016-07-13
17,52.36958138990,2016-07-13
17,16.95336891580,2016-07-13
17,9.69374938618,2016-07-13
17,8.78141141848,2016-07-13
17,19.68823333470,2016-07-13
17,39.15871043380,2016-07-13
17,8.89198686814,2016-07-13
17,52.17196667500,2016-07-13
17,21.44606849660,2016-07-13
17,40.71515385870,2016-07-13
17,14.39723771580,2016-07-13
17,17.88486790110,2016-07-13
17,22.94737452560,2016-07-13
17,20.25583743820,2016-07-13
17,5.63572195387,2016-07-13
17,33.24332020450,2016-07-13
17,39.23644182070,2016-07-13
17,38.47535354050,2016-07-13
17,11.03604462950,2016-07-13
17,4.56573812762,2016-07-13
17,40.76159614460,2016-07-13
17,2.65022491763,2016-07-13
17,26.39126455350,2016-07-13
17,49.00271678680,2016-07-13
17,75.66939417840,2016-07-13
17,56.95575908760,2016-07-13
17,25.09557243990,2016-07-13
17,32.83575465880,2016-07-13
17,74.31985205660,2016-07-13
17,7.52604454424,2016-07-13
17,52.01938328390,2016-07-13
17,16.11531815450,2016-07-13
17,33.96099143050,2016-07-13
17,24.99529968630,2016-07-13
17,9.69657964494,2016-07-13
17,21.74408511260,2016-07-13
17,49.93079543530,2016-07-13
17,28.89154051530,2016-07-13
17,14.02113039070,2016-07-13
17,37.39121782470,2016-07-13
17,7.37139760349,2016-07-13
17,72.36071330910,2016-07-13
17,24.45567658660,2016-07-13
17,12.07482770710,2016-07-13
17,17.62615221870,2016-07-13
17,31.84288288550,2016-07-13
17,7.77200044716,2016-07-13
17,9.09622534447,2016-07-13
17,9.42655965252,2016-07-13
17,30.25708940710,2016-07-13
17,65.85292664960,2016-07-13
17,15.08818332200,2016-07-13
17,137.07804467600,2016-07-13
17,84.19597443930,2016-07-13
17,9.60442243950,2016-07-13
17,13.35615040110,2016-07-13
17,7.17995387851,2016-07-13
17,31.80051060330,2016-07-13
17,4.43252442666,2016-07-13
17,333.34637986900,2016-07-13
17,40.60904382380,2016-07-13
17,28.07815315450,2016-07-13
17,11.30662123870,2016-07-13
17,35.97178307020,2016-07-13
17,34.23817084440,2016-07-13
17,11.96918579910,2016-07-13
17,100.25306499400,2016-07-13
17,121.00488629500,2016-07-13
17,48.10405161390,2016-07-13
17,67.10231756520,2016-07-13
17,53.15415818510,2016-07-13
17,71.41470560700,2016-07-13
17,58.27553040990,2016-07-13
17,116.48037816600,2016-07-13
17,9.63139721031,2016-07-13
17,17.25400883740,2016-07-13
17,27.75648192950,2016-07-13
17,90.27073293550,2016-07-13
17,35.19967651280,2016-07-13
17,41.57180625240,2016-07-13
17,38.22830433850,2016-07-13
17,14.25349755350,2016-07-13
17,13.66759589920,2016-07-13
17,62.96439541360,2016-07-13
17,31.98769582460,2016-07-13
17,25.17583161250,2016-07-13
17,13.30017781990,2016-07-13
17,8.34126052485,2016-07-13
17,20.93426310080,2016-07-13
17,181.73733962100,2016-07-13
17,24.52877516140,2016-07-13
17,211.17666054000,2016-07-13
17,5.52890657691,2016-07-13
17,13.14861781290,2016-07-13
17,52.92719908810,2016-07-13
17,9.16058060144,2016-07-13
17,5.78238163818,2016-07-13
17,21.44451534330,2016-07-13
17,23.08942006390,2016-07-13
17,13.81073650720,2016-07-13
17,12.85574538350,2016-07-13
17,9.42830976956,2016-07-13
17,29.22388529750,2016-07-13
17,13.98359118440,2016-07-13
17,7.03893656670,2016-07-13
17,16.09605033430,2016-07-13
17,23.79115771050,2016-07-13
17,44.50909071200,2016-07-13
17,28.25859006550,2016-07-13
17,7.81391571565,2016-07-13
17,51.36102843390,2016-07-13
17,4.69280872443,2016-07-13
17,10.79066218460,2016-07-13
17,11.10553296260,2016-07-13
17,7.27385066017,2016-07-13
17,12.36456606270,2016-07-13
17,5.00954688362,2016-07-13
17,13.10352108410,2016-07-13
17,7.78838564283,2016-07-13
17,11.14345977180,2016-07-13
17,19.12246207080,2016-07-13
17,6.85059614166,2016-07-13
17,24.49561037660,2016-07-13
17,30.33168938500,2016-07-13
17,9.46914678613,2016-07-13
17,6.51539396199,2016-07-13
17,8.45791704592,2016-07-13
17,57.72047925790,2016-07-13
17,33.57491595130,2016-07-13
17,34.20252921050,2016-07-13
17,17.31818738160,2016-07-13
17,9.72154161876,2016-07-13
17,24.71653128380,2016-07-13
17,15.22162962710,2016-07-13
17,13.73052274610,2016-07-13
17,51.46179646510,2016-07-13
17,32.91917088830,2016-07-13
18,28.57738755770,2016-09-22
18,33.67188514120,2016-09-22
18,157.98155416700,2016-09-22
18,65.36446857440,2016-09-22
18,173.63658110400,2016-09-22
18,80.64996690190,2016-09-22
18,237.63727385900,2016-09-22
18,51.45479601200,2016-09-22
18,162.00658753200,2016-09-22
18,54.47299302620,2016-09-22
18,11.45429429540,2016-09-22
18,49.21169661830,2016-09-22
18,26.22976866000,2016-09-22
18,21.09764244490,2016-09-22
18,73.63288621720,2016-09-22
18,31.80635784180,2016-09-22
18,63.71795192910,2016-09-22
18,41.54599203470,2016-09-22
18,6.65408499717,2016-09-22
18,11.02109572690,2016-09-22
18,40.29542007330,2016-09-22
18,65.58496610320,2016-09-22
18,21.63084430130,2016-09-22
18,42.16553291900,2016-09-22
18,39.23945886060,2016-09-22
18,31.39049535930,2016-09-22
18,6.49795291038,2016-09-22
18,11.30137088840,2016-09-22
18,13.54951559140,2016-09-22
18,12.15248798690,2016-09-22
18,16.20124928270,2016-09-22
18,23.38069242900,2016-09-22
18,8.88445942432,2016-09-22
18,102.82619498100,2016-09-22
18,48.91791607850,2016-09-22
18,9.91987570138,2016-09-22
18,29.75633891160,2016-09-22
18,32.47640795550,2016-09-22
18,51.00392624670,2016-09-22
18,13.96373410130,2016-09-22
18,8.11830309151,2016-09-22
18,23.61310095780,2016-09-22
18,22.07945724480,2016-09-22
18,40.96216603160,2016-09-22
18,27.68030848640,2016-09-22
18,88.75834502510,2016-09-22
18,31.70841775240,2016-09-22
18,22.50228514190,2016-09-22
18,8.51470259247,2016-09-22
18,9.90425368858,2016-09-22
18,23.58487896220,2016-09-22
18,15.06996578820,2016-09-22
18,16.87190502640,2016-09-22
18,8.87536503722,2016-09-22
18,33.41769108480,2016-09-22
18,30.47169862930,2016-09-22
18,34.47942381150,2016-09-22
18,25.33305916960,2016-09-22
18,10.38256025170,2016-09-22
19,31.63358966550,2016-10-20
19,38.13408867120,2016-10-20
19,97.57500704900,2016-10-20
19,43.45803551110,2016-10-20
19,40.61396709520,2016-10-20
20,9.01513473293,2016-12-23
20,5.30010233693,2016-12-23
20,69.50113723560,2016-12-23
20,87.83729443100,2016-12-23
20,29.26667940350,2016-12-23
20,125.38609798300,2016-12-23
20,203.05331743900,2016-12-23
20,63.49834254750,2016-12-23
20,116.84332302500,2016-12-23
20,143.69511644500,2016-12-23
20,105.12207485300,2016-12-23
20,56.24970685030,2016-12-23
20,37.67730268770,2016-12-23
20,136.33365733800,2016-12-23
20,33.34031081070,2016-12-23
20,82.33657592400,2016-12-23
20,64.24420127220,2016-12-23
20,122.32138340300,2016-12-23
20,26.38146076670,2016-12-23
21,37.09186022470,2017-03-15
21,16.99852189700,2017-03-15
21,18.94822465100,2017-03-15
21,17.86089132740,2017-03-15
21,26.68016088680,2017-03-15
21,48.72877977370,2017-03-15
21,79.98696561830,2017-03-15
21,107.01697981000,2017-03-15
21,174.59833873600,2017-03-15
22,32.39533809540,2017-04-21
22,24.82643853680,2017-04-21
22,16.12721100330,2017-04-21
22,66.22084877070,2017-04-21
22,69.34190639030,2017-04-21
22,55.65029838370,2017-04-21
22,275.72461312600,2017-04-21
22,12.05717834320,2017-04-21
22,4.29093133923,2017-04-21
22,68.41497727710,2017-04-21
23,47.35392534860,2017-05-17
23,32.38995541440,2017-05-17
23,56.81434976430,2017-05-17
23,39.19372055910,2017-05-17
24,34.57528196660,2017-06-22
24,33.77213256000,2017-06-22
24,17.96598575470,2017-06-22
24,29.21012787370,2017-06-22
24,28.55488463020,2017-06-22
24,48.76997413090,2017-06-22
24,17.45775220710,2017-06-22
24,35.23691622990,2017-06-22
24,20.10112667420,2017-06-22
24,136.68180374500,2017-06-22
24,53.82425566160,2017-06-22
24,38.39006613980,2017-06-22
24,51.93796685250,2017-06-22
24,16.39773887430,2017-06-22
25,23.22893309680,2017-08-31
25,26.08057352830,2017-08-31
25,18.23531620710,2017-08-31
25,57.75076624190,2017-08-31
25,104.93320354700,2017-08-31
25,11.63616798720,2017-08-31
25,20.06633569670,2017-08-31
25,99.23522759370,2017-08-31
25,27.46810158710,2017-08-31
25,75.23799451840,2017-08-31
25,14.84657987860,2017-08-31
25,165.88896100500,2017-08-31
25,33.76121921840,2017-08-31
25,141.43246921500,2017-08-31
25,276.46412177100,2017-08-31
25,66.05775981900,2017-08-31
25,19.36607816900,2017-08-31
25,63.35810016520,2017-08-31
25,33.09487136100,2017-08-31
25,14.99078939070,2017-08-31
25,69.26266927390,2017-08-31
25,8.85362346878,2017-08-31
25,37.37106500160,2017-08-31
26,17.83717725010,2017-09-27
26,13.22107258910,2017-09-27
26,86.91729526320,2017-09-27
27,8.78137956924,2017-10-30
27,20.96638376990,2017-10-30
27,31.97758030450,2017-10-30
27,23.98884361960,2017-10-30
27,20.57575799830,2017-10-30
27,15.00479031180,2017-10-30
27,85.14941987970,2017-10-30
27,34.49842344510,2017-10-30
27,59.65253729580,2017-10-30
27,11.86872799520,2017-10-30
27,49.48066571280,2017-10-30
27,61.66349110010,2017-10-30
27,91.28810849970,2017-10-30
27,23.39554410380,2017-10-30
27,21.16799707770,2017-10-30
27,27.03654721830,2017-10-30
27,19.36667651580,2017-10-30
27,45.90622980090,2017-10-30
28,13.45657499400,2017-11-29
28,28.91890864580,2017-11-29
28,5.39001317348,2017-11-29
28,60.78597693600,2017-11-29
28,57.44125009320,2017-11-29
28,33.28272916230,2017-11-29
28,52.10723908000,2017-11-29
28,189.61662285200,2017-11-29
28,122.17008957600,2017-11-29
28,37.69173471810,2017-11-29
28,8.80303900121,2017-11-29
29,12.50610344210,2018-02-28
29,60.84776371440,2018-02-28
29,42.59317596510,2018-02-28
29,66.78806197800,2018-02-28
29,112.91013370400,2018-02-28
29,63.35954132210,2018-02-28
29,42.85063159110,2018-02-28
29,61.12108202630,2018-02-28
29,93.13179197030,2018-02-28
29,96.20409573300,2018-02-28
29,17.44261961760,2018-02-28
29,20.48903307570,2018-02-28
29,39.53993302330,2018-02-28
29,52.71857868450,2018-02-28
29,50.87338950180,2018-02-28
29,112.76710191300,2018-02-28
29,42.71614588800,2018-02-28
29,46.47014319540,2018-02-28
29,88.82003504420,2018-02-28
29,26.73650405440,2018-02-28
29,88.80906337940,2018-02-28
29,6.69664197554,2018-02-28
29,116.99983491800,2018-02-28
30,177.28021897100,2018-04-04
30,54.40710650130,2018-04-04
30,122.81468963300,2018-04-04
30,59.67586878610,2018-04-04
30,139.16844292200,2018-04-04
30,7.13467592348,2018-04-04
30,26.80293625320,2018-04-04
30,48.34528463160,2018-04-04
30,15.39486292930,2018-04-04
31,14.86758125880,2018-05-23
31,13.76430844560,2018-05-23
31,65.68566656140,2018-05-23
31,11.32981422220,2018-05-23
31,13.69864413970,2018-05-23
31,37.51967629460,2018-05-23
31,32.45081150720,2018-05-23
31,12.87804995840,2018-05-23
31,103.35420709200,2018-05-23
31,25.31635510040,2018-05-23
31,27.57537373360,2018-05-23
31,7.45893468606,2018-05-23
31,83.66653388960,2018-05-23
31,24.21991890970,2018-05-23
31,74.28923500830,2018-05-23
31,30.69802600450,2018-05-23
31,4.15058946831,2018-05-23
31,18.44904817770,2018-05-23
31,161.59587547600,2018-05-23
31,74.67685260640,2018-05-23
31,34.92526904390,2018-05-23
31,44.74125754890,2018-05-23
31,12.72102385230,2018-05-23
32,282.80758824000,2018-07-24
32,152.38946343700,2018-07-24
32,30.79034204090,2018-07-24
32,34.71442912620,2018-07-24
32,133.62219432500,2018-07-24
32,99.54458756300,2018-07-24
32,44.73413173340,2018-07-24
32,73.87238236540,2018-07-24
32,41.67418013730,2018-07-24
32,5.90461109801,2018-07-24
32,56.24855981480,2018-07-24
32,31.85251848520,2018-07-24
32,18.91703549080,2018-07-24
32,53.69666876790,2018-07-24
32,44.61738110470,2018-07-24
32,20.38928250650,2018-07-24
32,113.56319279800,2018-07-24
32,75.69491797080,2018-07-24
32,22.05622387870,2018-07-24
32,29.13973239120,2018-07-24
32,33.85448355230,2018-07-24
32,68.34126781020,2018-07-24
32,31.19255732770,2018-07-24
32,238.64188562700,2018-07-24
32,32.16448655250,2018-07-24
32,17.14075504120,2018-07-24
32,21.32760761830,2018-07-24
32,243.50885075300,2018-07-24
32,67.82287656500,2018-07-24
32,98.74774572830,2018-07-24
32,38.98786169140,2018-07-24
32,172.43436079900,2018-07-24
32,18.15305311690,2018-07-24
32,139.63710597800,2018-07-24
32,29.20469382540,2018-07-24
32,40.73838896030,2018-07-24
32,38.30432396940,2018-07-24
32,29.64116060360,2018-07-24
32,26.82304663540,2018-07-24
32,58.54204959920,2018-07-24
32,181.78084919000,2018-07-24
32,46.70327293740,2018-07-24
32,167.67523741700,2018-07-24
32,44.20331263150,2018-07-24
32,40.16497762060,2018-07-24
32,21.54688566470,2018-07-24
32,31.15112941710,2018-07-24
32,49.94567577000,2018-07-24
32,14.75972005890,2018-07-24
32,97.72125101040,2018-07-24
32,97.30768750770,2018-07-24
32,16.95931933220,2018-07-24
32,80.93235322260,2018-07-24
32,26.77743542950,2018-07-24
32,28.67407203310,2018-07-24
32,25.67769473120,2018-07-24
32,69.73072008420,2018-07-24
32,132.79428207500,2018-07-24
32,26.69012687050,2018-07-24
32,25.73736648090,2018-07-24
32,50.73291650530,2018-07-24
32,42.69723440550,2018-07-24
32,30.78659128670,2018-07-24
32,52.74936022160,2018-07-24
32,17.41498496250,2018-07-24
32,339.03421030300,2018-07-24
32,56.81550056310,2018-07-24
32,152.27860004500,2018-07-24
32,85.71027344560,2018-07-24
32,23.81445985490,2018-07-24
32,30.12140637500,2018-07-24
32,80.24231065120,2018-07-24
32,70.29318392010,2018-07-24
32,14.62642589850,2018-07-24
32,50.64529966940,2018-07-24
32,38.86852742410,2018-07-24
32,137.50145520900,2018-07-24
32,55.61717492270,2018-07-24
32,35.01978731260,2018-07-24
32,37.31960744850,2018-07-24
32,108.78926959100,2018-07-24
32,20.44215466880,2018-07-24
32,159.73312374100,2018-07-24
33,25.23005841860,2018-08-27
33,324.54407297100,2018-08-27
33,68.93919746040,2018-08-27
33,85.03761639490,2018-08-27
33,35.85997975380,2018-08-27
33,13.30647822700,2018-08-27
33,39.97273260450,2018-08-27
33,34.71639689830,2018-08-27
33,33.71577342820,2018-08-27
33,33.85982006210,2018-08-27
33,71.20619918860,2018-08-27
33,157.73826553600,2018-08-27
33,36.70106829450,2018-08-27
33,79.53021119660,2018-08-27
33,16.19346876820,2018-08-27
33,124.73901055800,2018-08-27
33,27.70138067880,2018-08-27
33,17.30690308470,2018-08-27
33,36.64641350850,2018-08-27
33,89.23925548390,2018-08-27
33,56.86673297410,2018-08-27
33,32.46814289600,2018-08-27
33,60.62336105680,2018-08-27
33,66.39383612020,2018-08-27
33,67.02077753590,2018-08-27
33,29.86278102790,2018-08-27
33,49.52796341340,2018-08-27
33,81.02164583420,2018-08-27
33,65.20116711360,2018-08-27
33,61.71866729860,2018-08-27
33,28.35273731240,2018-08-27
33,60.87104396610,2018-08-27
33,8.18625539926,2018-08-27
33,27.67843550140,2018-08-27
33,116.41376223600,2018-08-27
34,71.03922036850,2018-10-26
34,17.19527623690,2018-10-26
34,40.28950307060,2018-10-26
34,90.66365029690,2018-10-26
34,118.26112614900,2018-10-26
34,21.45356819370,2018-10-26
34,30.82222090880,2018-10-26
34,27.01147482390,2018-10-26
34,25.12835924380,2018-10-26
34,51.86457706150,2018-10-26
34,16.68846535400,2018-10-26
34,44.81064847110,2018-10-26
34,64.12088722330,2018-10-26
34,15.28222494630,2018-10-26
35,14.40399753480,2018-11-26
35,33.85809790200,2018-11-26
35,17.86657918720,2018-11-26
35,19.80587657400,2018-11-26
35,37.73715632650,2018-11-26
35,61.24968682360,2018-11-26
35,119.58976132600,2018-11-26
36,21.14183394420,2018-12-26
36,33.18232038330,2018-12-26
36,28.62488902050,2018-12-26
36,56.80391324150,2018-12-26
36,13.95358348790,2018-12-26
36,28.83443349510,2018-12-26
36,26.59977133370,2018-12-26
36,35.59930008780,2018-12-26
37,23.59800853110,2019-01-28
37,39.35260073250,2019-01-28
37,168.96485527600,2019-01-28
38,42.00694055590,2019-02-25
38,82.88052568020,2019-02-25
38,197.91624595400,2019-02-25
38,38.82033982560,2019-02-25
38,34.78779191910,2019-02-25
39,39.64254499260,2019-03-25
39,15.89690166880,2019-03-25
39,96.67470535180,2019-03-25
39,107.80854429100,2019-03-25
39,8.88828501690,2019-03-25
39,38.76312540760,2019-03-25
39,16.28327592850,2019-03-25
39,57.51579769630,2019-03-25
39,52.89062622890,2019-03-25
39,23.61813937240,2019-03-25
40,46.31038954910,2019-04-24
40,24.85017010070,2019-04-24
40,5.80943051435,2019-04-24
40,53.39099387990,2019-04-24
40,46.04508527160,2019-04-24
40,29.39243448700,2019-04-24
40,55.84679694710,2019-04-24
40,7.85091192784,2019-04-24
41,15.79723727530,2019-05-31
41,55.20882983550,2019-05-31
41,7.77376181885,2019-05-31
41,135.95790437300,2019-05-31
41,11.72227348930,2019-05-31
41,45.25658693390,2019-05-31
41,36.00162025870,2019-05-31
41,117.57138131500,2019-05-31
41,27.28349363100,2019-05-31
42,44.72142067540,2019-06-27
42,60.79496263510,2019-06-27
42,41.53543930760,2019-06-27
42,82.86228587570,2019-06-27
42,36.46400661840,2019-06-27
42,167.59780429100,2019-06-27
42,29.85772995460,2019-06-27
42,255.04723869700,2019-06-27
42,82.06756722620,2019-06-27
42,188.73845121300,2019-06-27
42,67.73124942680,2019-06-27
42,98.09436884270,2019-06-27
43,34.41576633540,2019-07-24
43,135.07144424400,2019-07-24
43,34.76720781920,2019-07-24
43,30.72177805370,2019-07-24
43,34.89203858480,2019-07-24
43,26.32351325030,2019-07-24
43,23.11773299930,2019-07-24
43,17.58548901980,2019-07-24
43,29.24094619970,2019-07-24
43,42.72519813540,2019-07-24
43,36.12180696870,2019-07-24
44,48.83503307270,2019-08-28
44,36.45941234020,2019-08-28
44,23.51698689080,2019-08-28
44,132.89134814800,2019-08-28
44,32.72445193080,2019-08-28
44,85.43530226500,2019-08-28
44,40.86191250970,2019-08-28
44,9.11544138720,2019-08-28
44,23.43015147150,2019-08-28
44,7.69478859834,2019-08-28
45,77.66551267590,2019-09-23
45,33.42238463940,2019-09-23
45,175.38349174900,2019-09-23
45,30.29243686490,2019-09-23
45,33.27171975570,2019-09-23
45,9.19580692387,2019-09-23
45,7.29448142699,2019-09-23
45,22.85146767150,2019-09-23
45,42.88357274690,2019-09-23
45,7.62210305291,2019-09-23
45,21.89766176660,2019-09-23
45,170.75515609800,2019-09-23
45,25.18577585920,2019-09-23
45,82.40917242540,2019-09-23
45,40.44198580890,2019-09-23
45,13.97070089830,2019-09-23
45,48.79747765070,2019-09-23
45,93.75078768180,2019-09-23
45,29.66515790260,2019-09-23
45,69.32361998390,2019-09-23
45,7.87928052327,2019-09-23
45,28.77762017260,2019-09-23
45,101.56308730600,2019-09-23
45,21.64219079900,2019-09-23
45,265.27506620300,2019-09-23
45,56.56283650960,2019-09-23
45,40.61612112380,2019-09-23
45,58.95138013090,2019-09-23
45,193.85731864800,2019-09-23
45,30.90189182290,2019-09-23
45,39.76622992670,2019-09-23
45,192.82521217500,2019-09-23
45,27.03217972120,2019-09-23
45,20.64376983370,2019-09-23
45,93.19930339190,2019-09-23
45,398.86794961800,2019-09-23
45,28.80535753120,2019-09-23
45,2.21774637323,2019-09-23
45,22.01332171760,2019-09-23
45,248.84573195200,2019-09-23
45,31.71582633350,2019-09-23
45,31.73248566420,2019-09-23
45,135.65690199500,2019-09-23
45,42.87423536240,2019-09-23
45,13.20707166050,2019-09-23
45,13.69990419510,2019-09-23
45,56.57851876650,2019-09-23
45,42.73964992570,2019-09-23
45,366.74372401900,2019-09-23
45,43.37056385540,2019-09-23
45,19.88247229870,2019-09-23
45,15.39699896580,2019-09-23
45,54.61373983920,2019-09-23
45,27.82984224820,2019-09-23
45,33.76630026290,2019-09-23
45,13.96972432150,2019-09-23
45,15.69712178070,2019-09-23
45,3.12360615429,2019-09-23
45,46.77445917790,2019-09-23
45,21.72878444510,2019-09-23
45,24.67542808950,2019-09-23
45,13.45497476010,2019-09-23
45,189.77416068200,2019-09-23
46,32.71701699610,2019-10-17
46,99.41260129080,2019-10-17
46,12.28740350640,2019-10-17
46,45.95265358730,2019-10-17
46,66.90093832060,2019-10-17
46,87.72351055960,2019-10-17
46,28.76790317480,2019-10-17
46,13.52678427620,2019-10-17
46,22.85843784910,2019-10-17
46,23.08845353610,2019-10-17
47,88.98618509100,2019-11-28
47,14.68175228710,2019-11-28
47,113.27959165600,2019-11-28
47,56.68554795840,2019-11-28
47,28.91750855690,2019-11-28
47,64.56022328890,2019-11-28
47,11.51814618680,2019-11-28
47,47.59827917800,2019-11-28
47,34.68167193570,2019-11-28
47,23.50439807560,2019-11-28
47,101.87631646700,2019-11-28
47,12.40971987950,2019-11-28
47,25.55458407710,2019-11-28
47,25.83676964970,2019-11-28
47,26.75548402640,2019-11-28
