per,d_p90.0_ranumber,d_p90.1_ranumber,d_p90.2_ranumber,d_p90.3_ranumber,d_p90.4_ranumber,d_p90.5_ranumber,d_p90.6_ranumber,d_p90.7_ranumber,d_p90.8_ranumber,d_p90.9_ranumber,d_p91.0_ranumber,d_p91.1_ranumber,d_p91.2_ranumber,d_p91.3_ranumber,d_p91.4_ranumber,d_p91.5_ranumber,d_p91.6_ranumber,d_p91.7_ranumber,d_p91.8_ranumber,d_p91.9_ranumber,d_p92.0_ranumber,d_p92.1_ranumber,d_p92.2_ranumber,d_p92.3_ranumber,d_p92.4_ranumber,d_p92.5_ranumber,d_p92.6_ranumber,d_p92.7_ranumber,d_p92.8_ranumber,d_p92.9_ranumber,d_p93.0_ranumber,d_p93.1_ranumber,d_p93.2_ranumber,d_p93.3_ranumber,d_p93.4_ranumber,d_p93.5_ranumber,d_p93.6_ranumber,d_p93.7_ranumber,d_p93.8_ranumber,d_p93.9_ranumber,d_p94.0_ranumber,d_p94.1_ranumber,d_p94.2_ranumber,d_p94.3_ranumber,d_p94.4_ranumber,d_p94.5_ranumber,d_p94.6_ranumber,d_p94.7_ranumber,d_p94.8_ranumber,d_p94.9_ranumber,d_p95.0_ranumber,d_p95.1_ranumber,d_p95.2_ranumber,d_p95.3_ranumber,d_p95.4_ranumber,d_p95.5_ranumber,d_p95.6_ranumber,d_p95.7_ranumber,d_p95.8_ranumber,d_p95.9_ranumber,d_p96.0_ranumber,d_p96.1_ranumber,d_p96.2_ranumber,d_p96.3_ranumber,d_p96.4_ranumber,d_p96.5_ranumber,d_p96.6_ranumber,d_p96.7_ranumber,d_p96.8_ranumber,d_p96.9_ranumber,d_p97.0_ranumber,d_p97.1_ranumber,d_p97.2_ranumber,d_p97.3_ranumber,d_p97.4_ranumber,d_p97.5_ranumber,d_p97.6_ranumber,d_p97.7_ranumber,d_p97.8_ranumber,d_p97.9_ranumber,d_p98.0_ranumber,d_p98.1_ranumber,d_p98.2_ranumber,d_p98.3_ranumber,d_p98.4_ranumber,d_p98.5_ranumber,d_p98.6_ranumber,d_p98.7_ranumber,d_p98.8_ranumber,d_p98.9_ranumber,d_p99.0_ranumber,d_p99.1_ranumber,d_p99.2_ranumber,d_p99.3_ranumber,d_p99.4_ranumber,d_p99.5_ranumber,d_p99.6_ranumber,d_p99.7_ranumber,d_p99.8_ranumber,d_p99.9_ranumber,area
1,0.0,0.0,0.0,0.0,0.0,0.0,0.0,0.0,0.0,0.0,0.0,0.0,0.0,0.0,0.0,0.0,0.0,0.0,0.0,0.0,0.0,0.0,0.0,0.0,0.0,0.0,0.0,0.0,0.0,0.0,0.0,0.0,0.0,0.0,0.0,0.0,0.0,0.0,0.0,0.0,0.0,0.0,0.0,0.0,0.0,0.0,0.0,0.0,0.0,0.0,0.0,0.0,0.0,0.0,0.0,0.0,0.0,0.0,0.0,0.0,0.0,0.0,0.0,0.0,0.0,0.0,0.0,0.0,0.0,0.0,0.0,0.0,0.0,0.0,0.0,0.0,0.0,0.0,0.0,0.0,0.0,0.0,0.0,0.0,0.0,0.0,0.0,0.0,0.0,0.0,0.0,0.0,0.0,0.0,0.0,0.0,0.0,0.0,0.0,0.0,185.70000000000002
2,8.571428571428571,8.571428571428571,8.571428571428571,8.571428571428571,8.571428571428571,8.571428571428571,8.571428571428571,8.571428571428571,8.571428571428571,8.571428571428571,8.571428571428571,7.142857142857142,7.142857142857142,7.142857142857142,7.142857142857142,7.142857142857142,7.142857142857142,7.142857142857142,7.142857142857142,7.142857142857142,7.142857142857142,7.142857142857142,7.142857142857142,7.142857142857142,7.142857142857142,7.142857142857142,7.142857142857142,7.142857142857142,7.142857142857142,7.142857142857142,7.142857142857142,7.142857142857142,7.142857142857142,7.142857142857142,5.7142857142857135,5.7142857142857135,5.7142857142857135,5.7142857142857135,5.7142857142857135,5.7142857142857135,5.7142857142857135,5.7142857142857135,5.7142857142857135,5.7142857142857135,5.7142857142857135,5.7142857142857135,5.7142857142857135,5.7142857142857135,4.285714285714286,2.8571428571428568,2.8571428571428568,2.8571428571428568,2.8571428571428568,2.8571428571428568,2.8571428571428568,2.8571428571428568,2.8571428571428568,2.8571428571428568,2.8571428571428568,2.8571428571428568,1.4285714285714284,1.4285714285714284,1.4285714285714284,1.4285714285714284,1.4285714285714284,1.4285714285714284,1.4285714285714284,1.4285714285714284,1.4285714285714284,1.4285714285714284,1.4285714285714284,1.4285714285714284,1.4285714285714284,1.4285714285714284,1.4285714285714284,1.4285714285714284,1.4285714285714284,1.4285714285714284,1.4285714285714284,1.4285714285714284,1.4285714285714284,1.4285714285714284,1.4285714285714284,1.4285714285714284,0.0,0.0,0.0,0.0,0.0,0.0,0.0,0.0,0.0,0.0,0.0,0.0,0.0,0.0,0.0,0.0,628.4714285714285
3,4.5,4.5,4.5,4.5,4.5,4.5,4.5,4.5,4.5,4.5,4.5,4.5,4.5,4.5,4.5,4.5,4.5,4.5,4.5,4.5,4.5,4.5,4.5,4.5,4.5,4.5,4.5,4.5,4.5,4.5,4.5,4.5,4.5,4.5,4.5,4.5,4.5,4.5,4.5,4.5,4.5,3.0,3.0,3.0,1.5,1.5,1.5,1.5,1.5,1.5,1.5,1.5,1.5,1.5,1.5,1.5,1.5,1.5,1.5,1.5,1.5,1.5,1.5,1.5,1.5,1.5,1.5,1.5,1.5,1.5,1.5,1.5,1.5,1.5,1.5,1.5,0.0,0.0,0.0,0.0,0.0,0.0,0.0,0.0,0.0,0.0,0.0,0.0,0.0,0.0,0.0,0.0,0.0,0.0,0.0,0.0,0.0,0.0,0.0,0.0,830.13
4,0.0,0.0,0.0,0.0,0.0,0.0,0.0,0.0,0.0,0.0,0.0,0.0,0.0,0.0,0.0,0.0,0.0,0.0,0.0,0.0,0.0,0.0,0.0,0.0,0.0,0.0,0.0,0.0,0.0,0.0,0.0,0.0,0.0,0.0,0.0,0.0,0.0,0.0,0.0,0.0,0.0,0.0,0.0,0.0,0.0,0.0,0.0,0.0,0.0,0.0,0.0,0.0,0.0,0.0,0.0,0.0,0.0,0.0,0.0,0.0,0.0,0.0,0.0,0.0,0.0,0.0,0.0,0.0,0.0,0.0,0.0,0.0,0.0,0.0,0.0,0.0,0.0,0.0,0.0,0.0,0.0,0.0,0.0,0.0,0.0,0.0,0.0,0.0,0.0,0.0,0.0,0.0,0.0,0.0,0.0,0.0,0.0,0.0,0.0,0.0,410.34999999999997
5,0.0,0.0,0.0,0.0,0.0,0.0,0.0,0.0,0.0,0.0,0.0,0.0,0.0,0.0,0.0,0.0,0.0,0.0,0.0,0.0,0.0,0.0,0.0,0.0,0.0,0.0,0.0,0.0,0.0,0.0,0.0,0.0,0.0,0.0,0.0,0.0,0.0,0.0,0.0,0.0,0.0,0.0,0.0,0.0,0.0,0.0,0.0,0.0,0.0,0.0,0.0,0.0,0.0,0.0,0.0,0.0,0.0,0.0,0.0,0.0,0.0,0.0,0.0,0.0,0.0,0.0,0.0,0.0,0.0,0.0,0.0,0.0,0.0,0.0,0.0,0.0,0.0,0.0,0.0,0.0,0.0,0.0,0.0,0.0,0.0,0.0,0.0,0.0,0.0,0.0,0.0,0.0,0.0,0.0,0.0,0.0,0.0,0.0,0.0,0.0,579.1031250000001
6,2.142857142857143,2.142857142857143,2.142857142857143,2.142857142857143,2.142857142857143,2.142857142857143,2.142857142857143,2.142857142857143,2.142857142857143,2.142857142857143,2.142857142857143,2.142857142857143,2.142857142857143,2.142857142857143,2.142857142857143,2.142857142857143,2.142857142857143,2.142857142857143,2.142857142857143,2.142857142857143,2.142857142857143,2.142857142857143,2.142857142857143,2.142857142857143,0.0,0.0,0.0,0.0,0.0,0.0,0.0,0.0,0.0,0.0,0.0,0.0,0.0,0.0,0.0,0.0,0.0,0.0,0.0,0.0,0.0,0.0,0.0,0.0,0.0,0.0,0.0,0.0,0.0,0.0,0.0,0.0,0.0,0.0,0.0,0.0,0.0,0.0,0.0,0.0,0.0,0.0,0.0,0.0,0.0,0.0,0.0,0.0,0.0,0.0,0.0,0.0,0.0,0.0,0.0,0.0,0.0,0.0,0.0,0.0,0.0,0.0,0.0,0.0,0.0,0.0,0.0,0.0,0.0,0.0,0.0,0.0,0.0,0.0,0.0,0.0,1429.9071428571426
7,0.0,0.0,0.0,0.0,0.0,0.0,0.0,0.0,0.0,0.0,0.0,0.0,0.0,0.0,0.0,0.0,0.0,0.0,0.0,0.0,0.0,0.0,0.0,0.0,0.0,0.0,0.0,0.0,0.0,0.0,0.0,0.0,0.0,0.0,0.0,0.0,0.0,0.0,0.0,0.0,0.0,0.0,0.0,0.0,0.0,0.0,0.0,0.0,0.0,0.0,0.0,0.0,0.0,0.0,0.0,0.0,0.0,0.0,0.0,0.0,0.0,0.0,0.0,0.0,0.0,0.0,0.0,0.0,0.0,0.0,0.0,0.0,0.0,0.0,0.0,0.0,0.0,0.0,0.0,0.0,0.0,0.0,0.0,0.0,0.0,0.0,0.0,0.0,0.0,0.0,0.0,0.0,0.0,0.0,0.0,0.0,0.0,0.0,0.0,0.0,211.49142857142857
8,0.0,0.0,0.0,0.0,0.0,0.0,0.0,0.0,0.0,0.0,0.0,0.0,0.0,0.0,0.0,0.0,0.0,0.0,0.0,0.0,0.0,0.0,0.0,0.0,0.0,0.0,0.0,0.0,0.0,0.0,0.0,0.0,0.0,0.0,0.0,0.0,0.0,0.0,0.0,0.0,0.0,0.0,0.0,0.0,0.0,0.0,0.0,0.0,0.0,0.0,0.0,0.0,0.0,0.0,0.0,0.0,0.0,0.0,0.0,0.0,0.0,0.0,0.0,0.0,0.0,0.0,0.0,0.0,0.0,0.0,0.0,0.0,0.0,0.0,0.0,0.0,0.0,0.0,0.0,0.0,0.0,0.0,0.0,0.0,0.0,0.0,0.0,0.0,0.0,0.0,0.0,0.0,0.0,0.0,0.0,0.0,0.0,0.0,0.0,0.0,74.97142857142858
9,1.0714285714285714,1.0714285714285714,1.0714285714285714,1.0714285714285714,1.0714285714285714,1.0714285714285714,1.0714285714285714,1.0714285714285714,0.0,0.0,0.0,0.0,0.0,0.0,0.0,0.0,0.0,0.0,0.0,0.0,0.0,0.0,0.0,0.0,0.0,0.0,0.0,0.0,0.0,0.0,0.0,0.0,0.0,0.0,0.0,0.0,0.0,0.0,0.0,0.0,0.0,0.0,0.0,0.0,0.0,0.0,0.0,0.0,0.0,0.0,0.0,0.0,0.0,0.0,0.0,0.0,0.0,0.0,0.0,0.0,0.0,0.0,0.0,0.0,0.0,0.0,0.0,0.0,0.0,0.0,0.0,0.0,0.0,0.0,0.0,0.0,0.0,0.0,0.0,0.0,0.0,0.0,0.0,0.0,0.0,0.0,0.0,0.0,0.0,0.0,0.0,0.0,0.0,0.0,0.0,0.0,0.0,0.0,0.0,0.0,178.99285714285716
10,1.4285714285714284,1.4285714285714284,1.4285714285714284,1.4285714285714284,1.4285714285714284,1.4285714285714284,1.4285714285714284,1.4285714285714284,1.4285714285714284,1.4285714285714284,1.4285714285714284,1.4285714285714284,1.4285714285714284,1.4285714285714284,1.4285714285714284,1.4285714285714284,1.4285714285714284,1.4285714285714284,1.4285714285714284,1.4285714285714284,1.4285714285714284,1.4285714285714284,1.4285714285714284,1.4285714285714284,1.4285714285714284,1.4285714285714284,1.4285714285714284,1.4285714285714284,1.4285714285714284,1.4285714285714284,1.4285714285714284,1.4285714285714284,1.4285714285714284,1.4285714285714284,1.4285714285714284,1.4285714285714284,1.4285714285714284,1.4285714285714284,1.4285714285714284,1.4285714285714284,1.4285714285714284,1.4285714285714284,1.4285714285714284,1.4285714285714284,1.4285714285714284,1.4285714285714284,1.4285714285714284,1.4285714285714284,1.4285714285714284,1.4285714285714284,1.4285714285714284,1.4285714285714284,1.4285714285714284,1.4285714285714284,1.4285714285714284,1.4285714285714284,1.4285714285714284,1.4285714285714284,1.4285714285714284,1.4285714285714284,1.4285714285714284,1.4285714285714284,1.4285714285714284,1.4285714285714284,1.4285714285714284,1.4285714285714284,1.4285714285714284,1.4285714285714284,1.4285714285714284,1.4285714285714284,1.4285714285714284,1.4285714285714284,1.4285714285714284,1.4285714285714284,1.4285714285714284,1.4285714285714284,1.4285714285714284,1.4285714285714284,1.4285714285714284,1.4285714285714284,1.4285714285714284,1.4285714285714284,0.0,0.0,0.0,0.0,0.0,0.0,0.0,0.0,0.0,0.0,0.0,0.0,0.0,0.0,0.0,0.0,0.0,0.0,1213.6857142857143
11,0.0,0.0,0.0,0.0,0.0,0.0,0.0,0.0,0.0,0.0,0.0,0.0,0.0,0.0,0.0,0.0,0.0,0.0,0.0,0.0,0.0,0.0,0.0,0.0,0.0,0.0,0.0,0.0,0.0,0.0,0.0,0.0,0.0,0.0,0.0,0.0,0.0,0.0,0.0,0.0,0.0,0.0,0.0,0.0,0.0,0.0,0.0,0.0,0.0,0.0,0.0,0.0,0.0,0.0,0.0,0.0,0.0,0.0,0.0,0.0,0.0,0.0,0.0,0.0,0.0,0.0,0.0,0.0,0.0,0.0,0.0,0.0,0.0,0.0,0.0,0.0,0.0,0.0,0.0,0.0,0.0,0.0,0.0,0.0,0.0,0.0,0.0,0.0,0.0,0.0,0.0,0.0,0.0,0.0,0.0,0.0,0.0,0.0,0.0,0.0,424.1052631578948
12,0.0,0.0,0.0,0.0,0.0,0.0,0.0,0.0,0.0,0.0,0.0,0.0,0.0,0.0,0.0,0.0,0.0,0.0,0.0,0.0,0.0,0.0,0.0,0.0,0.0,0.0,0.0,0.0,0.0,0.0,0.0,0.0,0.0,0.0,0.0,0.0,0.0,0.0,0.0,0.0,0.0,0.0,0.0,0.0,0.0,0.0,0.0,0.0,0.0,0.0,0.0,0.0,0.0,0.0,0.0,0.0,0.0,0.0,0.0,0.0,0.0,0.0,0.0,0.0,0.0,0.0,0.0,0.0,0.0,0.0,0.0,0.0,0.0,0.0,0.0,0.0,0.0,0.0,0.0,0.0,0.0,0.0,0.0,0.0,0.0,0.0,0.0,0.0,0.0,0.0,0.0,0.0,0.0,0.0,0.0,0.0,0.0,0.0,0.0,0.0,503.64
13,1.6666666666666665,1.6666666666666665,1.6666666666666665,1.6666666666666665,1.6666666666666665,0.8333333333333333,0.8333333333333333,0.8333333333333333,0.8333333333333333,0.8333333333333333,0.8333333333333333,0.8333333333333333,0.8333333333333333,0.8333333333333333,0.8333333333333333,0.8333333333333333,0.8333333333333333,0.8333333333333333,0.8333333333333333,0.8333333333333333,0.8333333333333333,0.8333333333333333,0.0,0.0,0.0,0.0,0.0,0.0,0.0,0.0,0.0,0.0,0.0,0.0,0.0,0.0,0.0,0.0,0.0,0.0,0.0,0.0,0.0,0.0,0.0,0.0,0.0,0.0,0.0,0.0,0.0,0.0,0.0,0.0,0.0,0.0,0.0,0.0,0.0,0.0,0.0,0.0,0.0,0.0,0.0,0.0,0.0,0.0,0.0,0.0,0.0,0.0,0.0,0.0,0.0,0.0,0.0,0.0,0.0,0.0,0.0,0.0,0.0,0.0,0.0,0.0,0.0,0.0,0.0,0.0,0.0,0.0,0.0,0.0,0.0,0.0,0.0,0.0,0.0,0.0,1051.4666666666667
14,2.5,2.5,2.5,2.5,2.5,2.5,2.5,2.5,2.5,2.5,2.5,2.5,2.5,2.5,2.5,2.5,2.5,2.5,2.5,2.5,2.5,1.6666666666666665,1.6666666666666665,1.6666666666666665,1.6666666666666665,1.6666666666666665,1.6666666666666665,1.6666666666666665,1.6666666666666665,1.6666666666666665,1.6666666666666665,1.6666666666666665,1.6666666666666665,1.6666666666666665,1.6666666666666665,1.6666666666666665,1.6666666666666665,1.6666666666666665,1.6666666666666665,1.6666666666666665,1.6666666666666665,1.6666666666666665,1.6666666666666665,1.6666666666666665,1.6666666666666665,1.6666666666666665,1.6666666666666665,1.6666666666666665,1.6666666666666665,1.6666666666666665,0.8333333333333333,0.8333333333333333,0.8333333333333333,0.8333333333333333,0.8333333333333333,0.8333333333333333,0.8333333333333333,0.8333333333333333,0.8333333333333333,0.8333333333333333,0.8333333333333333,0.8333333333333333,0.8333333333333333,0.0,0.0,0.0,0.0,0.0,0.0,0.0,0.0,0.0,0.0,0.0,0.0,0.0,0.0,0.0,0.0,0.0,0.0,0.0,0.0,0.0,0.0,0.0,0.0,0.0,0.0,0.0,0.0,0.0,0.0,0.0,0.0,0.0,0.0,0.0,0.0,0.0,1045.2833333333333
16,0.0,0.0,0.0,0.0,0.0,0.0,0.0,0.0,0.0,0.0,0.0,0.0,0.0,0.0,0.0,0.0,0.0,0.0,0.0,0.0,0.0,0.0,0.0,0.0,0.0,0.0,0.0,0.0,0.0,0.0,0.0,0.0,0.0,0.0,0.0,0.0,0.0,0.0,0.0,0.0,0.0,0.0,0.0,0.0,0.0,0.0,0.0,0.0,0.0,0.0,0.0,0.0,0.0,0.0,0.0,0.0,0.0,0.0,0.0,0.0,0.0,0.0,0.0,0.0,0.0,0.0,0.0,0.0,0.0,0.0,0.0,0.0,0.0,0.0,0.0,0.0,0.0,0.0,0.0,0.0,0.0,0.0,0.0,0.0,0.0,0.0,0.0,0.0,0.0,0.0,0.0,0.0,0.0,0.0,0.0,0.0,0.0,0.0,0.0,0.0,2609.764285714286
17,4.285714285714286,4.285714285714286,4.285714285714286,4.285714285714286,4.285714285714286,4.285714285714286,4.285714285714286,4.285714285714286,4.285714285714286,4.285714285714286,4.285714285714286,4.285714285714286,4.285714285714286,4.285714285714286,4.285714285714286,4.285714285714286,4.285714285714286,4.285714285714286,4.285714285714286,4.285714285714286,4.285714285714286,4.285714285714286,4.285714285714286,4.285714285714286,4.285714285714286,4.285714285714286,4.285714285714286,4.285714285714286,4.285714285714286,4.285714285714286,4.285714285714286,4.285714285714286,4.285714285714286,4.285714285714286,4.285714285714286,4.285714285714286,4.285714285714286,4.285714285714286,4.285714285714286,4.285714285714286,4.285714285714286,4.285714285714286,4.285714285714286,4.285714285714286,4.285714285714286,4.285714285714286,4.285714285714286,4.285714285714286,4.285714285714286,4.285714285714286,4.285714285714286,4.285714285714286,4.285714285714286,4.285714285714286,4.285714285714286,4.285714285714286,4.285714285714286,4.285714285714286,4.285714285714286,4.285714285714286,4.285714285714286,4.285714285714286,4.285714285714286,4.285714285714286,4.285714285714286,4.285714285714286,2.8571428571428568,2.8571428571428568,2.8571428571428568,2.8571428571428568,2.8571428571428568,2.8571428571428568,2.8571428571428568,2.8571428571428568,2.142857142857143,2.142857142857143,2.142857142857143,2.142857142857143,2.142857142857143,2.142857142857143,2.142857142857143,2.142857142857143,2.142857142857143,2.142857142857143,2.142857142857143,2.142857142857143,2.142857142857143,2.142857142857143,2.142857142857143,1.4285714285714284,1.4285714285714284,1.4285714285714284,0.0,0.0,0.0,0.0,0.0,0.0,0.0,0.0,8040.857142857144
18,1.6901408450704225,1.6901408450704225,1.6901408450704225,1.267605633802817,1.267605633802817,1.267605633802817,1.267605633802817,1.267605633802817,0.8450704225352113,0.8450704225352113,0.8450704225352113,0.8450704225352113,0.8450704225352113,0.8450704225352113,0.8450704225352113,0.8450704225352113,0.8450704225352113,0.8450704225352113,0.8450704225352113,0.8450704225352113,0.8450704225352113,0.8450704225352113,0.8450704225352113,0.8450704225352113,0.8450704225352113,0.8450704225352113,0.8450704225352113,0.8450704225352113,0.8450704225352113,0.8450704225352113,0.8450704225352113,0.8450704225352113,0.8450704225352113,0.8450704225352113,0.8450704225352113,0.8450704225352113,0.8450704225352113,0.8450704225352113,0.8450704225352113,0.8450704225352113,0.8450704225352113,0.8450704225352113,0.8450704225352113,0.8450704225352113,0.8450704225352113,0.8450704225352113,0.4225352112676056,0.4225352112676056,0.4225352112676056,0.4225352112676056,0.4225352112676056,0.4225352112676056,0.4225352112676056,0.4225352112676056,0.4225352112676056,0.4225352112676056,0.4225352112676056,0.4225352112676056,0.4225352112676056,0.4225352112676056,0.4225352112676056,0.4225352112676056,0.0,0.0,0.0,0.0,0.0,0.0,0.0,0.0,0.0,0.0,0.0,0.0,0.0,0.0,0.0,0.0,0.0,0.0,0.0,0.0,0.0,0.0,0.0,0.0,0.0,0.0,0.0,0.0,0.0,0.0,0.0,0.0,0.0,0.0,0.0,0.0,0.0,0.0,1050.1225352112674
19,2.142857142857143,2.142857142857143,2.142857142857143,2.142857142857143,2.142857142857143,2.142857142857143,2.142857142857143,2.142857142857143,2.142857142857143,2.142857142857143,2.142857142857143,2.142857142857143,2.142857142857143,2.142857142857143,2.142857142857143,2.142857142857143,2.142857142857143,2.142857142857143,2.142857142857143,2.142857142857143,2.142857142857143,2.142857142857143,2.142857142857143,2.142857142857143,2.142857142857143,2.142857142857143,2.142857142857143,2.142857142857143,2.142857142857143,2.142857142857143,2.142857142857143,2.142857142857143,2.142857142857143,2.142857142857143,2.142857142857143,2.142857142857143,2.142857142857143,2.142857142857143,2.142857142857143,2.142857142857143,2.142857142857143,2.142857142857143,2.142857142857143,2.142857142857143,2.142857142857143,2.142857142857143,2.142857142857143,2.142857142857143,2.142857142857143,2.142857142857143,2.142857142857143,2.142857142857143,2.142857142857143,2.142857142857143,2.142857142857143,2.142857142857143,2.142857142857143,2.142857142857143,2.142857142857143,2.142857142857143,2.142857142857143,2.142857142857143,2.142857142857143,2.142857142857143,2.142857142857143,2.142857142857143,2.142857142857143,2.142857142857143,2.142857142857143,2.142857142857143,1.0714285714285714,1.0714285714285714,1.0714285714285714,1.0714285714285714,1.0714285714285714,1.0714285714285714,1.0714285714285714,1.0714285714285714,1.0714285714285714,1.0714285714285714,1.0714285714285714,1.0714285714285714,1.0714285714285714,1.0714285714285714,1.0714285714285714,1.0714285714285714,1.0714285714285714,1.0714285714285714,1.0714285714285714,1.0714285714285714,1.0714285714285714,1.0714285714285714,1.0714285714285714,1.0714285714285714,1.0714285714285714,1.0714285714285714,1.0714285714285714,1.0714285714285714,1.0714285714285714,1.0714285714285714,269.36785714285713
20,6.5625,6.5625,6.5625,6.5625,6.09375,6.09375,5.15625,5.15625,5.15625,5.15625,5.15625,5.15625,5.15625,5.15625,5.15625,5.15625,5.15625,5.15625,5.15625,5.15625,5.15625,5.15625,5.15625,5.15625,5.15625,5.15625,4.6875,4.6875,4.6875,4.6875,4.6875,4.6875,4.6875,4.6875,4.6875,4.6875,4.6875,4.21875,4.21875,4.21875,3.75,3.75,3.75,3.75,3.75,3.75,3.75,3.75,3.75,3.75,3.75,3.75,3.75,3.75,3.75,3.75,3.75,3.75,3.75,3.28125,3.28125,3.28125,3.28125,3.28125,3.28125,2.8125,2.8125,2.8125,2.8125,2.8125,2.34375,2.34375,2.34375,1.875,1.875,1.875,1.875,1.875,1.875,1.875,1.875,1.875,1.875,1.875,1.875,1.875,1.875,1.875,1.875,1.875,1.875,1.875,1.875,1.875,1.875,1.875,1.40625,0.9375,0.9375,0.46875,711.28125
21,0.0,0.0,0.0,0.0,0.0,0.0,0.0,0.0,0.0,0.0,0.0,0.0,0.0,0.0,0.0,0.0,0.0,0.0,0.0,0.0,0.0,0.0,0.0,0.0,0.0,0.0,0.0,0.0,0.0,0.0,0.0,0.0,0.0,0.0,0.0,0.0,0.0,0.0,0.0,0.0,0.0,0.0,0.0,0.0,0.0,0.0,0.0,0.0,0.0,0.0,0.0,0.0,0.0,0.0,0.0,0.0,0.0,0.0,0.0,0.0,0.0,0.0,0.0,0.0,0.0,0.0,0.0,0.0,0.0,0.0,0.0,0.0,0.0,0.0,0.0,0.0,0.0,0.0,0.0,0.0,0.0,0.0,0.0,0.0,0.0,0.0,0.0,0.0,0.0,0.0,0.0,0.0,0.0,0.0,0.0,0.0,0.0,0.0,0.0,0.0,193.13780487804877
22,0.0,0.0,0.0,0.0,0.0,0.0,0.0,0.0,0.0,0.0,0.0,0.0,0.0,0.0,0.0,0.0,0.0,0.0,0.0,0.0,0.0,0.0,0.0,0.0,0.0,0.0,0.0,0.0,0.0,0.0,0.0,0.0,0.0,0.0,0.0,0.0,0.0,0.0,0.0,0.0,0.0,0.0,0.0,0.0,0.0,0.0,0.0,0.0,0.0,0.0,0.0,0.0,0.0,0.0,0.0,0.0,0.0,0.0,0.0,0.0,0.0,0.0,0.0,0.0,0.0,0.0,0.0,0.0,0.0,0.0,0.0,0.0,0.0,0.0,0.0,0.0,0.0,0.0,0.0,0.0,0.0,0.0,0.0,0.0,0.0,0.0,0.0,0.0,0.0,0.0,0.0,0.0,0.0,0.0,0.0,0.0,0.0,0.0,0.0,0.0,506.79729729729723
23,2.307692307692308,2.307692307692308,2.307692307692308,2.307692307692308,2.307692307692308,2.307692307692308,2.307692307692308,2.307692307692308,2.307692307692308,2.307692307692308,2.307692307692308,2.307692307692308,2.307692307692308,2.307692307692308,2.307692307692308,2.307692307692308,2.307692307692308,2.307692307692308,2.307692307692308,2.307692307692308,2.307692307692308,2.307692307692308,2.307692307692308,1.153846153846154,1.153846153846154,1.153846153846154,1.153846153846154,1.153846153846154,1.153846153846154,1.153846153846154,1.153846153846154,1.153846153846154,1.153846153846154,1.153846153846154,1.153846153846154,1.153846153846154,1.153846153846154,1.153846153846154,1.153846153846154,1.153846153846154,1.153846153846154,1.153846153846154,1.153846153846154,1.153846153846154,1.153846153846154,1.153846153846154,1.153846153846154,1.153846153846154,1.153846153846154,1.153846153846154,1.153846153846154,1.153846153846154,1.153846153846154,1.153846153846154,1.153846153846154,1.153846153846154,1.153846153846154,1.153846153846154,1.153846153846154,1.153846153846154,1.153846153846154,1.153846153846154,1.153846153846154,1.153846153846154,1.153846153846154,1.153846153846154,1.153846153846154,1.153846153846154,1.153846153846154,1.153846153846154,1.153846153846154,1.153846153846154,1.153846153846154,1.153846153846154,1.153846153846154,1.153846153846154,1.153846153846154,1.153846153846154,0.0,0.0,0.0,0.0,0.0,0.0,0.0,0.0,0.0,0.0,0.0,0.0,0.0,0.0,0.0,0.0,0.0,0.0,0.0,0.0,0.0,0.0,202.78846153846155
24,2.5,2.5,2.5,2.5,2.5,2.5,2.5,2.5,1.6666666666666665,1.6666666666666665,1.6666666666666665,1.6666666666666665,1.6666666666666665,1.6666666666666665,1.6666666666666665,1.6666666666666665,0.8333333333333333,0.8333333333333333,0.8333333333333333,0.8333333333333333,0.8333333333333333,0.8333333333333333,0.8333333333333333,0.8333333333333333,0.8333333333333333,0.8333333333333333,0.8333333333333333,0.8333333333333333,0.8333333333333333,0.8333333333333333,0.8333333333333333,0.8333333333333333,0.8333333333333333,0.8333333333333333,0.8333333333333333,0.8333333333333333,0.8333333333333333,0.8333333333333333,0.8333333333333333,0.8333333333333333,0.8333333333333333,0.8333333333333333,0.8333333333333333,0.8333333333333333,0.8333333333333333,0.8333333333333333,0.8333333333333333,0.8333333333333333,0.8333333333333333,0.8333333333333333,0.8333333333333333,0.8333333333333333,0.8333333333333333,0.8333333333333333,0.8333333333333333,0.8333333333333333,0.8333333333333333,0.8333333333333333,0.8333333333333333,0.8333333333333333,0.8333333333333333,0.8333333333333333,0.8333333333333333,0.8333333333333333,0.8333333333333333,0.8333333333333333,0.8333333333333333,0.8333333333333333,0.8333333333333333,0.0,0.0,0.0,0.0,0.0,0.0,0.0,0.0,0.0,0.0,0.0,0.0,0.0,0.0,0.0,0.0,0.0,0.0,0.0,0.0,0.0,0.0,0.0,0.0,0.0,0.0,0.0,0.0,0.0,0.0,0.0,469.06666666666666
25,1.2857142857142858,1.2857142857142858,1.2857142857142858,1.2857142857142858,1.2857142857142858,1.2857142857142858,1.2857142857142858,1.2857142857142858,1.2857142857142858,1.2857142857142858,1.2857142857142858,1.2857142857142858,1.2857142857142858,1.2857142857142858,1.2857142857142858,1.2857142857142858,0.8571428571428571,0.8571428571428571,0.8571428571428571,0.8571428571428571,0.42857142857142855,0.42857142857142855,0.42857142857142855,0.42857142857142855,0.42857142857142855,0.42857142857142855,0.42857142857142855,0.42857142857142855,0.42857142857142855,0.42857142857142855,0.42857142857142855,0.42857142857142855,0.0,0.0,0.0,0.0,0.0,0.0,0.0,0.0,0.0,0.0,0.0,0.0,0.0,0.0,0.0,0.0,0.0,0.0,0.0,0.0,0.0,0.0,0.0,0.0,0.0,0.0,0.0,0.0,0.0,0.0,0.0,0.0,0.0,0.0,0.0,0.0,0.0,0.0,0.0,0.0,0.0,0.0,0.0,0.0,0.0,0.0,0.0,0.0,0.0,0.0,0.0,0.0,0.0,0.0,0.0,0.0,0.0,0.0,0.0,0.0,0.0,0.0,0.0,0.0,0.0,0.0,0.0,0.0,603.6942857142857
26,1.1111111111111112,1.1111111111111112,1.1111111111111112,1.1111111111111112,1.1111111111111112,1.1111111111111112,1.1111111111111112,1.1111111111111112,1.1111111111111112,1.1111111111111112,1.1111111111111112,1.1111111111111112,1.1111111111111112,1.1111111111111112,1.1111111111111112,1.1111111111111112,1.1111111111111112,1.1111111111111112,1.1111111111111112,1.1111111111111112,1.1111111111111112,1.1111111111111112,1.1111111111111112,1.1111111111111112,1.1111111111111112,1.1111111111111112,1.1111111111111112,1.1111111111111112,1.1111111111111112,1.1111111111111112,1.1111111111111112,1.1111111111111112,1.1111111111111112,1.1111111111111112,1.1111111111111112,1.1111111111111112,1.1111111111111112,1.1111111111111112,1.1111111111111112,1.1111111111111112,1.1111111111111112,1.1111111111111112,1.1111111111111112,1.1111111111111112,1.1111111111111112,1.1111111111111112,1.1111111111111112,1.1111111111111112,1.1111111111111112,1.1111111111111112,1.1111111111111112,1.1111111111111112,1.1111111111111112,1.1111111111111112,1.1111111111111112,1.1111111111111112,1.1111111111111112,1.1111111111111112,1.1111111111111112,1.1111111111111112,1.1111111111111112,1.1111111111111112,1.1111111111111112,1.1111111111111112,1.1111111111111112,1.1111111111111112,1.1111111111111112,1.1111111111111112,1.1111111111111112,1.1111111111111112,1.1111111111111112,1.1111111111111112,1.1111111111111112,1.1111111111111112,1.1111111111111112,1.1111111111111112,1.1111111111111112,1.1111111111111112,1.1111111111111112,1.1111111111111112,1.1111111111111112,0.0,0.0,0.0,0.0,0.0,0.0,0.0,0.0,0.0,0.0,0.0,0.0,0.0,0.0,0.0,0.0,0.0,0.0,0.0,131.0888888888889
27,0.9090909090909092,0.9090909090909092,0.9090909090909092,0.9090909090909092,0.9090909090909092,0.9090909090909092,0.9090909090909092,0.9090909090909092,0.9090909090909092,0.9090909090909092,0.9090909090909092,0.9090909090909092,0.9090909090909092,0.9090909090909092,0.9090909090909092,0.9090909090909092,0.9090909090909092,0.9090909090909092,0.9090909090909092,0.9090909090909092,0.9090909090909092,0.9090909090909092,0.9090909090909092,0.9090909090909092,0.9090909090909092,0.9090909090909092,0.9090909090909092,0.9090909090909092,0.9090909090909092,0.9090909090909092,0.9090909090909092,0.9090909090909092,0.9090909090909092,0.9090909090909092,0.9090909090909092,0.9090909090909092,0.9090909090909092,0.9090909090909092,0.9090909090909092,0.9090909090909092,0.9090909090909092,0.9090909090909092,0.9090909090909092,0.9090909090909092,0.9090909090909092,0.9090909090909092,0.9090909090909092,0.0,0.0,0.0,0.0,0.0,0.0,0.0,0.0,0.0,0.0,0.0,0.0,0.0,0.0,0.0,0.0,0.0,0.0,0.0,0.0,0.0,0.0,0.0,0.0,0.0,0.0,0.0,0.0,0.0,0.0,0.0,0.0,0.0,0.0,0.0,0.0,0.0,0.0,0.0,0.0,0.0,0.0,0.0,0.0,0.0,0.0,0.0,0.0,0.0,0.0,0.0,0.0,0.0,592.5181818181818
28,5.0,5.0,5.0,5.0,5.0,5.0,5.0,4.0,4.0,4.0,4.0,4.0,4.0,4.0,4.0,4.0,4.0,4.0,4.0,4.0,4.0,4.0,4.0,4.0,4.0,4.0,4.0,4.0,4.0,3.0,3.0,3.0,3.0,3.0,3.0,2.0,2.0,2.0,2.0,2.0,2.0,2.0,2.0,2.0,2.0,2.0,2.0,2.0,2.0,2.0,2.0,2.0,2.0,2.0,1.0,1.0,1.0,1.0,1.0,1.0,1.0,1.0,1.0,1.0,1.0,1.0,1.0,1.0,1.0,1.0,1.0,1.0,1.0,1.0,1.0,1.0,1.0,1.0,1.0,1.0,0.0,0.0,0.0,0.0,0.0,0.0,0.0,0.0,0.0,0.0,0.0,0.0,0.0,0.0,0.0,0.0,0.0,0.0,0.0,0.0,609.66
29,1.6483516483516483,1.6483516483516483,1.6483516483516483,1.6483516483516483,1.6483516483516483,1.6483516483516483,1.6483516483516483,1.6483516483516483,1.6483516483516483,1.6483516483516483,1.6483516483516483,1.6483516483516483,1.6483516483516483,1.6483516483516483,1.6483516483516483,1.6483516483516483,1.6483516483516483,1.6483516483516483,1.6483516483516483,1.6483516483516483,1.6483516483516483,1.6483516483516483,1.6483516483516483,1.6483516483516483,1.6483516483516483,1.6483516483516483,1.6483516483516483,1.6483516483516483,1.6483516483516483,1.6483516483516483,1.6483516483516483,1.6483516483516483,1.6483516483516483,1.6483516483516483,1.6483516483516483,1.6483516483516483,1.6483516483516483,1.6483516483516483,1.6483516483516483,1.6483516483516483,1.6483516483516483,1.6483516483516483,1.6483516483516483,1.6483516483516483,1.6483516483516483,1.3186813186813189,1.3186813186813189,1.3186813186813189,0.989010989010989,0.989010989010989,0.989010989010989,0.989010989010989,0.6593406593406594,0.6593406593406594,0.6593406593406594,0.6593406593406594,0.6593406593406594,0.6593406593406594,0.6593406593406594,0.6593406593406594,0.6593406593406594,0.3296703296703297,0.3296703296703297,0.3296703296703297,0.3296703296703297,0.3296703296703297,0.3296703296703297,0.3296703296703297,0.3296703296703297,0.3296703296703297,0.3296703296703297,0.3296703296703297,0.3296703296703297,0.3296703296703297,0.3296703296703297,0.3296703296703297,0.3296703296703297,0.3296703296703297,0.3296703296703297,0.3296703296703297,0.3296703296703297,0.3296703296703297,0.3296703296703297,0.3296703296703297,0.3296703296703297,0.3296703296703297,0.0,0.0,0.0,0.0,0.0,0.0,0.0,0.0,0.0,0.0,0.0,0.0,0.0,0.0,449.46923076923076
30,0.8571428571428571,0.8571428571428571,0.8571428571428571,0.8571428571428571,0.8571428571428571,0.8571428571428571,0.8571428571428571,0.8571428571428571,0.8571428571428571,0.8571428571428571,0.8571428571428571,0.8571428571428571,0.8571428571428571,0.8571428571428571,0.8571428571428571,0.8571428571428571,0.8571428571428571,0.8571428571428571,0.8571428571428571,0.8571428571428571,0.8571428571428571,0.8571428571428571,0.8571428571428571,0.8571428571428571,0.8571428571428571,0.8571428571428571,0.8571428571428571,0.8571428571428571,0.8571428571428571,0.8571428571428571,0.8571428571428571,0.8571428571428571,0.8571428571428571,0.8571428571428571,0.8571428571428571,0.8571428571428571,0.8571428571428571,0.8571428571428571,0.8571428571428571,0.8571428571428571,0.8571428571428571,0.8571428571428571,0.8571428571428571,0.8571428571428571,0.8571428571428571,0.8571428571428571,0.8571428571428571,0.8571428571428571,0.8571428571428571,0.8571428571428571,0.8571428571428571,0.8571428571428571,0.8571428571428571,0.8571428571428571,0.8571428571428571,0.8571428571428571,0.8571428571428571,0.8571428571428571,0.8571428571428571,0.8571428571428571,0.8571428571428571,0.8571428571428571,0.8571428571428571,0.8571428571428571,0.8571428571428571,0.8571428571428571,0.8571428571428571,0.8571428571428571,0.8571428571428571,0.8571428571428571,0.8571428571428571,0.8571428571428571,0.8571428571428571,0.8571428571428571,0.8571428571428571,0.8571428571428571,0.8571428571428571,0.8571428571428571,0.8571428571428571,0.8571428571428571,0.8571428571428571,0.8571428571428571,0.8571428571428571,0.8571428571428571,0.8571428571428571,0.8571428571428571,0.8571428571428571,0.8571428571428571,0.8571428571428571,0.8571428571428571,0.8571428571428571,0.8571428571428571,0.8571428571428571,0.8571428571428571,0.8571428571428571,0.8571428571428571,0.8571428571428571,0.8571428571428571,0.0,0.0,558.0171428571429
31,1.836734693877551,1.836734693877551,1.836734693877551,1.836734693877551,1.836734693877551,1.836734693877551,1.836734693877551,1.836734693877551,1.836734693877551,1.836734693877551,1.836734693877551,1.836734693877551,1.836734693877551,1.836734693877551,1.836734693877551,1.836734693877551,1.836734693877551,1.836734693877551,1.836734693877551,1.836734693877551,1.836734693877551,1.836734693877551,1.836734693877551,1.836734693877551,1.836734693877551,1.836734693877551,1.836734693877551,1.836734693877551,1.836734693877551,1.836734693877551,1.836734693877551,1.836734693877551,1.836734693877551,1.836734693877551,1.836734693877551,1.836734693877551,1.836734693877551,1.836734693877551,1.836734693877551,1.836734693877551,1.836734693877551,1.836734693877551,1.836734693877551,1.836734693877551,1.836734693877551,1.836734693877551,1.836734693877551,1.836734693877551,1.836734693877551,1.836734693877551,1.836734693877551,1.836734693877551,1.836734693877551,1.836734693877551,1.836734693877551,1.2244897959183672,1.2244897959183672,1.2244897959183672,1.2244897959183672,1.2244897959183672,1.2244897959183672,1.2244897959183672,1.2244897959183672,1.2244897959183672,1.2244897959183672,1.2244897959183672,1.2244897959183672,1.2244897959183672,1.2244897959183672,1.2244897959183672,1.2244897959183672,1.2244897959183672,1.2244897959183672,1.2244897959183672,1.2244897959183672,1.2244897959183672,1.2244897959183672,1.2244897959183672,1.2244897959183672,1.2244897959183672,1.2244897959183672,1.2244897959183672,1.2244897959183672,1.2244897959183672,1.2244897959183672,1.2244897959183672,1.2244897959183672,1.2244897959183672,0.6122448979591836,0.6122448979591836,0.6122448979591836,0.0,0.0,0.0,0.0,0.0,0.0,0.0,0.0,0.0,569.4061224489795
32,4.35483870967742,4.35483870967742,4.35483870967742,4.35483870967742,4.35483870967742,4.35483870967742,4.35483870967742,4.35483870967742,4.35483870967742,4.35483870967742,4.35483870967742,4.35483870967742,4.35483870967742,4.35483870967742,4.35483870967742,3.870967741935484,3.870967741935484,3.870967741935484,3.870967741935484,3.870967741935484,3.870967741935484,3.870967741935484,3.870967741935484,3.870967741935484,3.870967741935484,3.870967741935484,3.870967741935484,3.870967741935484,2.903225806451613,2.903225806451613,2.903225806451613,2.903225806451613,2.903225806451613,2.903225806451613,2.903225806451613,2.903225806451613,2.903225806451613,2.903225806451613,2.903225806451613,2.903225806451613,2.903225806451613,2.903225806451613,2.903225806451613,2.903225806451613,2.903225806451613,2.903225806451613,2.903225806451613,2.903225806451613,2.903225806451613,2.903225806451613,2.903225806451613,2.903225806451613,2.903225806451613,2.903225806451613,2.903225806451613,2.903225806451613,2.903225806451613,2.903225806451613,2.4193548387096775,2.4193548387096775,2.4193548387096775,2.4193548387096775,2.4193548387096775,2.4193548387096775,2.4193548387096775,2.4193548387096775,2.4193548387096775,1.935483870967742,1.935483870967742,1.935483870967742,1.935483870967742,1.935483870967742,1.4516129032258065,1.4516129032258065,1.4516129032258065,1.4516129032258065,1.4516129032258065,1.4516129032258065,1.4516129032258065,0.967741935483871,0.967741935483871,0.967741935483871,0.967741935483871,0.4838709677419355,0.4838709677419355,0.4838709677419355,0.4838709677419355,0.4838709677419355,0.4838709677419355,0.4838709677419355,0.4838709677419355,0.4838709677419355,0.4838709677419355,0.0,0.0,0.0,0.0,0.0,0.0,0.0,2772.401612903226
33,4.411764705882353,4.411764705882353,4.411764705882353,4.411764705882353,4.411764705882353,4.411764705882353,4.411764705882353,4.411764705882353,4.411764705882353,4.411764705882353,4.411764705882353,4.411764705882353,4.411764705882353,4.411764705882353,4.411764705882353,4.411764705882353,4.411764705882353,4.411764705882353,4.411764705882353,4.411764705882353,4.411764705882353,4.411764705882353,4.411764705882353,4.411764705882353,4.411764705882353,4.411764705882353,3.5294117647058822,3.5294117647058822,3.5294117647058822,3.5294117647058822,3.5294117647058822,3.5294117647058822,3.5294117647058822,2.647058823529412,2.647058823529412,2.647058823529412,2.647058823529412,2.647058823529412,2.647058823529412,1.7647058823529411,1.7647058823529411,1.7647058823529411,1.7647058823529411,1.7647058823529411,1.7647058823529411,1.7647058823529411,1.7647058823529411,1.7647058823529411,1.7647058823529411,1.7647058823529411,1.7647058823529411,1.7647058823529411,1.7647058823529411,1.7647058823529411,1.7647058823529411,1.7647058823529411,1.7647058823529411,1.7647058823529411,0.8823529411764706,0.8823529411764706,0.8823529411764706,0.8823529411764706,0.8823529411764706,0.8823529411764706,0.8823529411764706,0.8823529411764706,0.8823529411764706,0.8823529411764706,0.8823529411764706,0.8823529411764706,0.8823529411764706,0.8823529411764706,0.8823529411764706,0.8823529411764706,0.8823529411764706,0.0,0.0,0.0,0.0,0.0,0.0,0.0,0.0,0.0,0.0,0.0,0.0,0.0,0.0,0.0,0.0,0.0,0.0,0.0,0.0,0.0,0.0,0.0,0.0,0.0,1909.7558823529412
34,3.0,3.0,3.0,3.0,3.0,3.0,3.0,3.0,3.0,3.0,3.0,3.0,3.0,3.0,3.0,3.0,2.5,2.5,2.5,2.5,2.5,2.5,2.5,2.5,2.5,2.5,2.5,2.5,2.5,2.5,2.5,2.5,2.0,2.0,2.0,2.0,1.5,1.5,1.5,1.5,1.5,1.5,1.5,1.5,1.5,1.5,1.5,1.5,1.5,1.5,1.5,1.5,1.5,1.5,1.5,1.5,1.5,1.5,1.5,1.5,1.5,1.5,1.5,1.5,1.5,1.5,1.5,1.5,1.5,1.5,1.5,1.5,1.5,1.5,1.0,1.0,1.0,1.0,1.0,1.0,1.0,1.0,1.0,1.0,1.0,1.0,1.0,0.5,0.5,0.5,0.5,0.5,0.5,0.5,0.0,0.0,0.0,0.0,0.0,0.0,317.315
35,1.935483870967742,1.935483870967742,1.935483870967742,1.935483870967742,1.935483870967742,1.935483870967742,1.935483870967742,1.935483870967742,1.935483870967742,1.935483870967742,1.935483870967742,1.935483870967742,1.935483870967742,1.935483870967742,1.935483870967742,1.935483870967742,1.935483870967742,1.935483870967742,1.935483870967742,1.935483870967742,1.935483870967742,1.935483870967742,1.935483870967742,0.967741935483871,0.967741935483871,0.967741935483871,0.967741935483871,0.967741935483871,0.967741935483871,0.967741935483871,0.967741935483871,0.0,0.0,0.0,0.0,0.0,0.0,0.0,0.0,0.0,0.0,0.0,0.0,0.0,0.0,0.0,0.0,0.0,0.0,0.0,0.0,0.0,0.0,0.0,0.0,0.0,0.0,0.0,0.0,0.0,0.0,0.0,0.0,0.0,0.0,0.0,0.0,0.0,0.0,0.0,0.0,0.0,0.0,0.0,0.0,0.0,0.0,0.0,0.0,0.0,0.0,0.0,0.0,0.0,0.0,0.0,0.0,0.0,0.0,0.0,0.0,0.0,0.0,0.0,0.0,0.0,0.0,0.0,0.0,0.0,294.68709677419355
36,0.0,0.0,0.0,0.0,0.0,0.0,0.0,0.0,0.0,0.0,0.0,0.0,0.0,0.0,0.0,0.0,0.0,0.0,0.0,0.0,0.0,0.0,0.0,0.0,0.0,0.0,0.0,0.0,0.0,0.0,0.0,0.0,0.0,0.0,0.0,0.0,0.0,0.0,0.0,0.0,0.0,0.0,0.0,0.0,0.0,0.0,0.0,0.0,0.0,0.0,0.0,0.0,0.0,0.0,0.0,0.0,0.0,0.0,0.0,0.0,0.0,0.0,0.0,0.0,0.0,0.0,0.0,0.0,0.0,0.0,0.0,0.0,0.0,0.0,0.0,0.0,0.0,0.0,0.0,0.0,0.0,0.0,0.0,0.0,0.0,0.0,0.0,0.0,0.0,0.0,0.0,0.0,0.0,0.0,0.0,0.0,0.0,0.0,0.0,0.0,244.73999999999998
37,0.0,0.0,0.0,0.0,0.0,0.0,0.0,0.0,0.0,0.0,0.0,0.0,0.0,0.0,0.0,0.0,0.0,0.0,0.0,0.0,0.0,0.0,0.0,0.0,0.0,0.0,0.0,0.0,0.0,0.0,0.0,0.0,0.0,0.0,0.0,0.0,0.0,0.0,0.0,0.0,0.0,0.0,0.0,0.0,0.0,0.0,0.0,0.0,0.0,0.0,0.0,0.0,0.0,0.0,0.0,0.0,0.0,0.0,0.0,0.0,0.0,0.0,0.0,0.0,0.0,0.0,0.0,0.0,0.0,0.0,0.0,0.0,0.0,0.0,0.0,0.0,0.0,0.0,0.0,0.0,0.0,0.0,0.0,0.0,0.0,0.0,0.0,0.0,0.0,0.0,0.0,0.0,0.0,0.0,0.0,0.0,0.0,0.0,0.0,0.0,210.83636363636361
38,0.0,0.0,0.0,0.0,0.0,0.0,0.0,0.0,0.0,0.0,0.0,0.0,0.0,0.0,0.0,0.0,0.0,0.0,0.0,0.0,0.0,0.0,0.0,0.0,0.0,0.0,0.0,0.0,0.0,0.0,0.0,0.0,0.0,0.0,0.0,0.0,0.0,0.0,0.0,0.0,0.0,0.0,0.0,0.0,0.0,0.0,0.0,0.0,0.0,0.0,0.0,0.0,0.0,0.0,0.0,0.0,0.0,0.0,0.0,0.0,0.0,0.0,0.0,0.0,0.0,0.0,0.0,0.0,0.0,0.0,0.0,0.0,0.0,0.0,0.0,0.0,0.0,0.0,0.0,0.0,0.0,0.0,0.0,0.0,0.0,0.0,0.0,0.0,0.0,0.0,0.0,0.0,0.0,0.0,0.0,0.0,0.0,0.0,0.0,0.0,424.725
39,0.0,0.0,0.0,0.0,0.0,0.0,0.0,0.0,0.0,0.0,0.0,0.0,0.0,0.0,0.0,0.0,0.0,0.0,0.0,0.0,0.0,0.0,0.0,0.0,0.0,0.0,0.0,0.0,0.0,0.0,0.0,0.0,0.0,0.0,0.0,0.0,0.0,0.0,0.0,0.0,0.0,0.0,0.0,0.0,0.0,0.0,0.0,0.0,0.0,0.0,0.0,0.0,0.0,0.0,0.0,0.0,0.0,0.0,0.0,0.0,0.0,0.0,0.0,0.0,0.0,0.0,0.0,0.0,0.0,0.0,0.0,0.0,0.0,0.0,0.0,0.0,0.0,0.0,0.0,0.0,0.0,0.0,0.0,0.0,0.0,0.0,0.0,0.0,0.0,0.0,0.0,0.0,0.0,0.0,0.0,0.0,0.0,0.0,0.0,0.0,490.6928571428572
40,1.0,1.0,1.0,1.0,1.0,1.0,1.0,1.0,1.0,1.0,1.0,1.0,1.0,1.0,1.0,1.0,1.0,1.0,1.0,1.0,1.0,1.0,1.0,1.0,1.0,1.0,1.0,1.0,1.0,1.0,1.0,1.0,1.0,1.0,1.0,1.0,1.0,1.0,1.0,1.0,1.0,1.0,1.0,1.0,1.0,1.0,1.0,1.0,1.0,1.0,1.0,1.0,0.0,0.0,0.0,0.0,0.0,0.0,0.0,0.0,0.0,0.0,0.0,0.0,0.0,0.0,0.0,0.0,0.0,0.0,0.0,0.0,0.0,0.0,0.0,0.0,0.0,0.0,0.0,0.0,0.0,0.0,0.0,0.0,0.0,0.0,0.0,0.0,0.0,0.0,0.0,0.0,0.0,0.0,0.0,0.0,0.0,0.0,0.0,0.0,269.5
41,0.8108108108108109,0.8108108108108109,0.8108108108108109,0.8108108108108109,0.8108108108108109,0.8108108108108109,0.8108108108108109,0.8108108108108109,0.8108108108108109,0.8108108108108109,0.8108108108108109,0.8108108108108109,0.8108108108108109,0.8108108108108109,0.8108108108108109,0.8108108108108109,0.8108108108108109,0.8108108108108109,0.8108108108108109,0.8108108108108109,0.8108108108108109,0.8108108108108109,0.8108108108108109,0.8108108108108109,0.8108108108108109,0.8108108108108109,0.8108108108108109,0.8108108108108109,0.8108108108108109,0.8108108108108109,0.8108108108108109,0.8108108108108109,0.8108108108108109,0.8108108108108109,0.8108108108108109,0.8108108108108109,0.8108108108108109,0.8108108108108109,0.8108108108108109,0.8108108108108109,0.8108108108108109,0.8108108108108109,0.8108108108108109,0.8108108108108109,0.8108108108108109,0.8108108108108109,0.8108108108108109,0.8108108108108109,0.8108108108108109,0.8108108108108109,0.8108108108108109,0.8108108108108109,0.8108108108108109,0.8108108108108109,0.8108108108108109,0.8108108108108109,0.8108108108108109,0.8108108108108109,0.8108108108108109,0.8108108108108109,0.8108108108108109,0.8108108108108109,0.8108108108108109,0.8108108108108109,0.8108108108108109,0.8108108108108109,0.8108108108108109,0.8108108108108109,0.0,0.0,0.0,0.0,0.0,0.0,0.0,0.0,0.0,0.0,0.0,0.0,0.0,0.0,0.0,0.0,0.0,0.0,0.0,0.0,0.0,0.0,0.0,0.0,0.0,0.0,0.0,0.0,0.0,0.0,0.0,0.0,366.94864864864866
42,1.1111111111111112,1.1111111111111112,1.1111111111111112,1.1111111111111112,1.1111111111111112,1.1111111111111112,1.1111111111111112,1.1111111111111112,1.1111111111111112,1.1111111111111112,1.1111111111111112,1.1111111111111112,1.1111111111111112,1.1111111111111112,0.0,0.0,0.0,0.0,0.0,0.0,0.0,0.0,0.0,0.0,0.0,0.0,0.0,0.0,0.0,0.0,0.0,0.0,0.0,0.0,0.0,0.0,0.0,0.0,0.0,0.0,0.0,0.0,0.0,0.0,0.0,0.0,0.0,0.0,0.0,0.0,0.0,0.0,0.0,0.0,0.0,0.0,0.0,0.0,0.0,0.0,0.0,0.0,0.0,0.0,0.0,0.0,0.0,0.0,0.0,0.0,0.0,0.0,0.0,0.0,0.0,0.0,0.0,0.0,0.0,0.0,0.0,0.0,0.0,0.0,0.0,0.0,0.0,0.0,0.0,0.0,0.0,0.0,0.0,0.0,0.0,0.0,0.0,0.0,0.0,0.0,1283.9
43,2.2222222222222223,2.2222222222222223,2.2222222222222223,2.2222222222222223,2.2222222222222223,2.2222222222222223,2.2222222222222223,2.2222222222222223,2.2222222222222223,2.2222222222222223,2.2222222222222223,2.2222222222222223,2.2222222222222223,2.2222222222222223,2.2222222222222223,2.2222222222222223,2.2222222222222223,2.2222222222222223,2.2222222222222223,2.2222222222222223,2.2222222222222223,2.2222222222222223,2.2222222222222223,2.2222222222222223,2.2222222222222223,2.2222222222222223,2.2222222222222223,2.2222222222222223,2.2222222222222223,2.2222222222222223,2.2222222222222223,2.2222222222222223,2.2222222222222223,2.2222222222222223,2.2222222222222223,2.2222222222222223,2.2222222222222223,2.2222222222222223,2.2222222222222223,2.2222222222222223,2.2222222222222223,2.2222222222222223,2.2222222222222223,1.1111111111111112,1.1111111111111112,1.1111111111111112,1.1111111111111112,1.1111111111111112,1.1111111111111112,1.1111111111111112,1.1111111111111112,1.1111111111111112,1.1111111111111112,1.1111111111111112,1.1111111111111112,1.1111111111111112,1.1111111111111112,1.1111111111111112,1.1111111111111112,1.1111111111111112,1.1111111111111112,1.1111111111111112,1.1111111111111112,1.1111111111111112,1.1111111111111112,1.1111111111111112,1.1111111111111112,1.1111111111111112,1.1111111111111112,1.1111111111111112,1.1111111111111112,1.1111111111111112,1.1111111111111112,1.1111111111111112,1.1111111111111112,1.1111111111111112,1.1111111111111112,1.1111111111111112,1.1111111111111112,1.1111111111111112,1.1111111111111112,1.1111111111111112,1.1111111111111112,1.1111111111111112,1.1111111111111112,0.0,0.0,0.0,0.0,0.0,0.0,0.0,0.0,0.0,0.0,0.0,0.0,0.0,0.0,0.0,494.4222222222223
44,2.5714285714285716,2.5714285714285716,2.5714285714285716,2.5714285714285716,2.5714285714285716,2.5714285714285716,2.5714285714285716,2.5714285714285716,2.5714285714285716,2.5714285714285716,2.5714285714285716,2.5714285714285716,2.5714285714285716,2.5714285714285716,2.5714285714285716,2.5714285714285716,2.5714285714285716,2.5714285714285716,2.5714285714285716,2.5714285714285716,2.5714285714285716,2.5714285714285716,2.5714285714285716,2.5714285714285716,2.5714285714285716,1.7142857142857142,1.7142857142857142,1.7142857142857142,1.7142857142857142,1.7142857142857142,1.7142857142857142,1.7142857142857142,1.7142857142857142,1.7142857142857142,1.7142857142857142,1.7142857142857142,1.7142857142857142,1.7142857142857142,0.8571428571428571,0.8571428571428571,0.8571428571428571,0.8571428571428571,0.8571428571428571,0.8571428571428571,0.8571428571428571,0.8571428571428571,0.8571428571428571,0.8571428571428571,0.8571428571428571,0.8571428571428571,0.8571428571428571,0.8571428571428571,0.8571428571428571,0.8571428571428571,0.8571428571428571,0.8571428571428571,0.8571428571428571,0.8571428571428571,0.8571428571428571,0.8571428571428571,0.8571428571428571,0.8571428571428571,0.8571428571428571,0.8571428571428571,0.0,0.0,0.0,0.0,0.0,0.0,0.0,0.0,0.0,0.0,0.0,0.0,0.0,0.0,0.0,0.0,0.0,0.0,0.0,0.0,0.0,0.0,0.0,0.0,0.0,0.0,0.0,0.0,0.0,0.0,0.0,0.0,0.0,0.0,0.0,0.0,377.9657142857143
45,0.0,0.0,0.0,0.0,0.0,0.0,0.0,0.0,0.0,0.0,0.0,0.0,0.0,0.0,0.0,0.0,0.0,0.0,0.0,0.0,0.0,0.0,0.0,0.0,0.0,0.0,0.0,0.0,0.0,0.0,0.0,0.0,0.0,0.0,0.0,0.0,0.0,0.0,0.0,0.0,0.0,0.0,0.0,0.0,0.0,0.0,0.0,0.0,0.0,0.0,0.0,0.0,0.0,0.0,0.0,0.0,0.0,0.0,0.0,0.0,0.0,0.0,0.0,0.0,0.0,0.0,0.0,0.0,0.0,0.0,0.0,0.0,0.0,0.0,0.0,0.0,0.0,0.0,0.0,0.0,0.0,0.0,0.0,0.0,0.0,0.0,0.0,0.0,0.0,0.0,0.0,0.0,0.0,0.0,0.0,0.0,0.0,0.0,0.0,0.0,4817.6884615384615
46,2.5,2.5,2.5,2.5,2.5,2.5,2.5,2.5,2.5,2.5,2.5,2.5,2.5,2.5,2.5,2.5,2.5,2.5,2.5,2.5,2.5,2.5,2.5,2.5,2.5,2.5,2.5,2.5,2.5,2.5,2.5,2.5,2.5,2.5,2.5,2.5,2.5,2.5,2.5,2.5,2.5,2.5,2.5,2.5,2.5,2.5,2.5,2.5,2.5,2.5,2.5,2.5,2.5,2.5,2.5,2.5,2.5,1.25,1.25,1.25,1.25,1.25,1.25,1.25,1.25,1.25,1.25,1.25,1.25,1.25,1.25,1.25,1.25,1.25,1.25,1.25,1.25,1.25,1.25,1.25,1.25,1.25,1.25,0.0,0.0,0.0,0.0,0.0,0.0,0.0,0.0,0.0,0.0,0.0,0.0,0.0,0.0,0.0,0.0,0.0,541.55
47,2.142857142857143,2.142857142857143,2.142857142857143,2.142857142857143,2.142857142857143,2.142857142857143,2.142857142857143,2.142857142857143,2.142857142857143,2.142857142857143,2.142857142857143,1.4285714285714284,1.4285714285714284,1.4285714285714284,0.7142857142857142,0.7142857142857142,0.7142857142857142,0.7142857142857142,0.7142857142857142,0.7142857142857142,0.7142857142857142,0.7142857142857142,0.7142857142857142,0.7142857142857142,0.7142857142857142,0.7142857142857142,0.7142857142857142,0.7142857142857142,0.7142857142857142,0.7142857142857142,0.7142857142857142,0.7142857142857142,0.7142857142857142,0.7142857142857142,0.7142857142857142,0.7142857142857142,0.7142857142857142,0.7142857142857142,0.7142857142857142,0.7142857142857142,0.7142857142857142,0.7142857142857142,0.0,0.0,0.0,0.0,0.0,0.0,0.0,0.0,0.0,0.0,0.0,0.0,0.0,0.0,0.0,0.0,0.0,0.0,0.0,0.0,0.0,0.0,0.0,0.0,0.0,0.0,0.0,0.0,0.0,0.0,0.0,0.0,0.0,0.0,0.0,0.0,0.0,0.0,0.0,0.0,0.0,0.0,0.0,0.0,0.0,0.0,0.0,0.0,0.0,0.0,0.0,0.0,0.0,0.0,0.0,0.0,0.0,0.0,483.4642857142857
